gru_message,label_encoded
i told her i had a dr appt next week she thinks i m gonna die i told her its just a check nothing to be worried about but she didn t listen,0
you have an important customer service announcement call freephone now,1
hey are you going to quit soon xuhui and i working till end of the month,0
me hungry buy some food good lei but mum n yun dun wan juz buy a little bit,0
ok i will tell her to stay out yeah its been tough but we are optimistic things will improve this month,0
is there a reason we ve not spoken this year anyways have a great week and all the best in your exam,0
pathaya enketa maraikara pa,0
enjoy the showers of possessiveness poured on u by ur loved ones bcoz in this world of lies it is a golden gift to be loved truly,0
well then you have a great weekend,0
aiyah ok wat as long as got improve can already wat,0
am surfing online store for offers do you want to buy any thing,0
i m home doc gave me pain meds says everything is fine,0
smith waste da i wanna gayle,0
ok c ya,0
nite,0
well its not like you actually called someone a punto that woulda been worse,0
take some small dose tablet for fever,0
i m nt goin got somethin on unless they meetin dinner lor haha i wonder who will go tis time,0
just send a text we ll skype later,0
lt gt is fast approaching so wish u a very happy new year happy sankranti happy republic day happy valentines day happy shivratri happy ugadi happy fools day happy may day happy independence day happy friendship mother father teachers childrens day amp happy birthday u happy ganesh festival happy dasara happy diwali happy christmas lt gt good mornings afternoons evenings nights rememberi am the first to wishing u all these your s raj,0
the xmas story is peace the xmas msg is love the xmas miracle is jesus hav a blessed month ahead amp wish u merry xmas,0
yes i will be there glad you made it,0
ok take ur time n enjoy ur dinner,0
i m doing da intro covers energy trends n pros n cons brief description of nuclear fusion n oso brief history of iter n jet got abt n half pages,0
just gettin a bit arty with my collages at the mo well tryin ne way got a roast in a min lovely i shall enjoy that,0
sorry i missed you babe i was up late and slept in i hope you enjoy your driving lesson boytoy i miss you too teasing kiss,0
i ll talk to the others and probably just come early tomorrow then,0
big brother s really scraped the barrel with this shower of social misfits,0
k k why cant you come here and search job,0
do thing change that sentence into because i want concentrate in my educational career im leaving here,0
they just talking thats it de they wont any other,0
haha just kidding papa needs drugs,0
sir send to group mail check it,0
did u find a sitter for kaitlyn i was sick and slept all day yesterday,0
really i tot ur paper ended long ago but wat u copied jus now got use u happy lar i still haf study,0
spending new years with my brother and his family lets plan to meet next week are you ready to be spoiled,0
guessin you ain t gonna be here before,0
lmao where s your fish memory when i need it,0
hi msg me i m in office,0
faith makes things possible hope makes things work love makes things beautiful may you have all three this christmas merry christmas,0
nvm i m going to wear my sport shoes anyway i m going to be late leh,0
hi did you asked to waheeda fathima about leave,0
that day say cut ur hair at paragon is it called hair sense do noe how much is a hair cut,0
jus came back fr lunch wif my sis only u leh,0
v nice off sheffield tom air my opinions on categories b used measure ethnicity in next census busy transcribing,0
have you got xmas radio times if not i will get it now,0
sac needs to carry on,0
dont think so it turns off like randomlly within min of opening,0
also fuck you and your family for going to rhode island or wherever the fuck and leaving me all alone the week i have a new bong gt,0
eh u remember how spell his name yes i did he v naughty make until i v wet,0
todays voda numbers ending are selected to receive a award if you hava a match please call quoting claim code standard rates app,1
raviyog peripherals bhayandar east,0
y bishan lei i tot say lavender,0
check with nuerologist,0
moby pub quiz win a money high street prize if u know who the new duchess of cornwall will be txt her first name to unsub stop money sp arrow,1
i jus hope its true that missin me cos i m really missin him you haven t done anything to feel guilty about yet,0
i need an th but i m off campus atm could i pick up in an hour or two,0
or remind me in a few hrs,0
so u gonna get deus ex,0
princess i like to make love lt gt times per night hope thats not a problem,0
sex up ur mobile with a free sexy pic of jordan just text babe to then every wk get a sexy celeb pocketbabe co uk more pics money wk,1
ill b down soon,0
sorry i ll call later in meeting,0
fantasy football is back on your tv go to sky gamestar on sky active and play money k dream team scoring starts on saturday so register now sky opt out to,1
my trip was ok but quite tiring lor uni starts today but it s ok me cos i m not taking any modules but jus concentrating on my final yr project,0
hi darlin ive just got back and i had a really nice night and thanks so much for the lift see u tomorrow xxx,0
aah a cuddle would be lush i d need lots of tea and soup before any kind of fumbling,0
i am going to film day da at pm sorry da,0
cashbin co uk get lots of cash this weekend url dear welcome to the weekend we have got our biggest and best ever cash give away these,1
there is no sense in my foot and penis,0
is ur lecture over,0
was it something u ate,0
can you please send me my aunty s number,0
yes fine,0
uncle abbey happy new year abiola,0
dear how you are you ok,0
yo im right by yo work,0
for many things its an antibiotic and it can be used for chest abdomen and gynae infections even bone infections,0
that said can you text him one more time,0
are you unique enough find out from th august url,1
great p diddy is my neighbor and comes for toothpaste every morning,0
alright omw gotta change my order to a half th,0
you are a winner u have been specially selected receive money cash or a holiday flights inc speak to a live operator claim,1
when can come out,0
u having lunch alone i now so bored,0
what s your room number again wanna make sure i m knocking on the right door,0
in e msg jus now u said thanks for gift,0
we re all getting worried over here derek and taylor have already assumed the worst,0
dear me at cherthala in case u r coming cochin pls call bfore u start i shall also reach accordingly or tell me which day u r coming tmorow i am engaged ans its holiday,0
not a drop in the tank,0
when you just put in the sign choose my number and the pin will show right,0
dear shall mail tonite busy in the street shall update you tonite things are looking ok varunnathu edukkukayee raksha ollu but a good one in real sense,0
no to be nosy i guess idk am i over reacting if i m freaked,0
sorry brah just finished the last of my exams what up,0
life is nothing wen v get everything but life is everything wen v miss something real value of people wil be realized only in their absence gud mrng,0
he needs to stop going to bed and make with the fucking dealing,0
happy new year my dear brother i really do miss you just got your number and decided to send you this text wishing you only happiness abiola,0
thk of wat to eat tonight,0
probably earlier than that if the station s where i think it is,0
ahhhh just woken up had a bad dream about u tho so i dont like u right now i didnt know anything about comedy night but i guess im up for it,0
love it i want to flood that pretty pussy with cum,0
it to your free text messages are valid until december,1
ok thats cool its just off either raglan rd or edward rd behind the cricket ground gimme ring when ur closeby see you tuesday,0
fair enough anything going on,0
u were outbid by simonwatson on the shinco dvd plyr bid again visit sms ac smsrewards end bid notifications reply end out,1
no promises on when though haven t even gotten dinner yet,0
hmv bonus special pounds of genuine hmv vouchers to be won just answer easy questions play now send hmv to more info url,1
open rebtel with firefox when it loads just put plus sign in the user name place and it will show you two numbers the lower number is my number once you pick that number the pin will display okay,0
yo guess what i just dropped,0
i wud never mind if u dont miss me or if u dont need me but u wil really hurt me wen u need me amp u dont tell me take care,0
send me your resume,0
sorry dude dont know how i forgot even after dan reminded me sorry hope you guys had fun,0
rt king pro video club need help email or call you must be club credits redeemable at url enjoy,1
moji i love you more than words have a rich day,0
oh only outside players allowed to play know,0
r u sam p in eachother if we meet we can go my house,0
another month i need chocolate weed and alcohol,0
someone u know has asked our dating service contact you cant guess who call now all will be revealed po box m wu,1
oh gei that happend to me in tron maybe ill dl it in d when its out,0
hmmm i thought we said hours slave not you are late how should i punish you,0
i anything lor,0
ok i am a gentleman and will treat you with dignity and respect,0
received understood n acted upon,0
oh kay on sat right,0
i feel like a dick because i keep sleeping through your texts and facebook messages sup you in town,0
pls i wont belive god not only jesus,0
great new offer double mins double txt on best orange tariffs and get latest camera phones free call mobileupd free on now or stoptxt t cs,1
abeg make profit but its a start are you using it to get sponsors for the next event,0
daddy shu shu is looking u u wan me tell him u re not in singapore or wat,0
oops i was in the shower when u called hey a parking garage collapsed at university hospital see i m not crazy stuff like that does happen,0
sorry i ll call later,0
ryder unsold now gibbs,0
i know grumpy old people my mom was like you better not be lying then again i am always the one to play jokes,0
when did dad get back,0
lol for real she told my dad i have cancer,0
oooh i got plenty of those,0
sorry i flaked last night shit s seriously goin down with my roommate what you up to tonight,0
k will do addie amp i are doing some art so i ll be here when you get home,0
fine do you remember me,0
sitting in mu waiting for everyone to get out of my suite so i can take a shower,0
yup i shd haf ard pages if i add figures all got how many pages,0
excellent are you ready to moan and scream in ecstasy,0
i get out of class in bsn in like lt gt minutes you know where advising is,0
alright we re all set here text the man,0
you aren t coming home between class right i need to work out and shower,0
ok lor but not too early me still having project meeting now,0
hi did u decide wot get his bday if not ill prob jus get him a voucher frm virgin or sumfing,0
have a lovely night and when you wake up to see this message i hope you smile knowing all is as should be have a great morning,0
i m at home n ready,0
the oz guy is being kinda flaky but one friend is interested in picking up money lt gt worth tonight if possible,0
yupz i ve oredi booked slots my weekends liao,0
why must we sit around and wait for summer days to celebrate such a magical sight when the worlds dressed in white oooooh let there be snow,0
how will i creep on you now,0
get ready to put on your excellent sub face,0
sir you will receive the account no another hr time sorry for the delay,0
men like shorter ladies gaze up into his eyes,0
i love you you know can you feel it does it make your belly warm i wish it does my love i shall meet you in your dreams ahmad adoring kiss,0
no it s waiting in e car dat s bored wat cos wait outside got nothing do at home can do my stuff or watch tv wat,0
ditto and you won t have to worry about me saying anything to you anymore like i said last night you do whatever you want and i ll do the same peace,0
ola would get back to you maybe not today but i ve told him you can be his direct link in the us in getting cars he bids for online you arrange shipping and you get a cut or u for a partnership where u invest money for shipping and he takes care of the rest u wud b self reliant soon dnt worry,0
anything lor u decide,0
left dessert u wan me go suntec look u,0
we ll join the lt gt bus,0
even if he my friend he is a priest call him now,0
what you did in leave,0
cool i ll text you when i m on the way,0
so that means you still think of teju,0
sweet heart how are you,0
customer place i wil cal u sir,0
hope you re not having too much fun without me see u tomorrow love jess x,0
he fucking chickened out he messaged me he would be late and woould buzz me and then i didn t hear a word from him,0
gud mrng dear have a nice day,0
the greatest test of courage on earth is to bear defeat without losing heart gn tc,0
surly ill give it to you while coming to review,0
i will come tomorrow di,0
yes last practice,0
do you know when the result,0
oh a half hour is much longer in syria than canada eh wow you must get so much more work done in a day than us with all that extra time grins,0
came to look at the flat seems ok in his s is away alot wiv work got woman coming at too,0
r u in this continent,0
i was wondering if it would be okay for you to call uncle john and let him know that things are not the same in nigeria as they r here that lt gt dollars is years sent and that you know its a strain but i plan to pay back every dime he gives every dime so for me to expect anything from you is not practical something like that,0
ok there may be a free gym about,0
din i tell u jus now,0
orange customer you may now claim your free camera phone upgrade for your loyalty call now on offer ends thmarch t c s apply opt out availa,1
when u love someone dont make them to love u as much as u do but love them so much that they dont want to be loved by anyone except you gud nit,0
mmmmm it was sooooo good to wake to your words this morning my love mmmm fuck i love you too my lion devouring kiss from across the sea,0
i m watching lotr w my sis dis aft so u wan meet me dinner at nite a not,0
company is very good environment is terrific and food is really nice,0
haha sounds crazy dunno can tahan anot,0
none of that s happening til you get here though,0
thanx puttin da fone down on me,0
having lunch you are not in online why,0
freemsg why haven t you replied to my text i m randy sexy female and live local luv to hear from u netcollex ltd p per msg reply stop to end,1
thanks honey have a great day,0
urgent please call from landline your abta complimentary tenerife holiday or cash await collection sae t cs box cw wx ppm,1
change windows logoff sound,0
sorry i missed your call can you please call back,0
thanx today cer it was nice catch up but we ave find more time more often oh well take care c u soon c,0
thank you winner notified by sms good luck no future marketing reply stop to customer services,1
just now saw your message it k da,0
yes it s all innocent fun o,0
that s my honeymoon outfit,0
sorry pa i dont knw who ru pa,0
reminder from o to get pounds free call credit and details of great offers pls reply this text with your valid name house no and postcode,1
sorry sir i will call you tomorrow senthil hsbc,0
k k its good when are you going,0
well there s not a lot of things happening in lindsay on new years sighs some bars in ptbo and the blue heron has something going,0
what i mean was i left too early to check cos i m working a,0
nothing much chillin at home any super bowl plan,0
oh unintentionally not bad timing great fingers the trains play along will give fifteen min warning,0
why you keeping me away like this,0
what class of lt gt reunion,0
tf p,1
aight i m chillin in a friend s room so text me when you re on the way,0
all was well until slightly disastrous class this pm with my fav darlings hope day off ok coffee wld be good as can t stay late tomorrow same time place as always,0
i accidentally deleted the message resend please,0
welcome to uk mobile date this msg is free giving you free calling to future mgs billed at p daily to cancel send go stop to,1
fuck cedar key and fuck her come over anyway tho,0
are u coming to the funeral home,0
omg i want to scream i weighed myself and i lost more weight woohoo,0
i ll post her out l r in class,0
at esplanade do mind giving me a lift cos i got no car today,0
dear u ve been invited to xchat this is our final attempt to contact u txt chat to,1
s i m watching it in live,0
thanks a lot for your wishes on my birthday thanks you for making my birthday truly memorable,0
mobile club choose any of the top quality items for your mobile cfca a,1
oi ami parchi na re kicchu kaaj korte iccha korche na phone ta tul na plz plz,0
just finished missing you plenty,0
no da vijay going to talk in jaya tv,0
sorry chikku my cell got some problem thts y i was nt able to reply u or msg u,0
was playng doors game and gt racing on phone lol,0
lol alright i was thinkin that too haha,0
i will cme i want to go to hos morow after that i wil cme this what i got from her dear what to do she didnt say any time,0
usually the body takes care of it buy making sure it doesnt progress can we pls continue this talk on saturday,0
rock yr chik get s of filthy films xxx pics on yr phone now rply filth to saristar ltd e yt p per days stop cancel,1
haven t heard anything and he s not answering my texts so i m guessing he flaked that said the jb is fantastic,0
s s india going to draw the series after many years in south african soil,0
hello u call wen u finish wrk i fancy meetin up wiv u all tonite as i need a break from dabooks did hrs last nite today of wrk,0
sir i need axis bank account no and bank address,0
i m sick i m needy i want you pouts stomps feet where are you pouts stomps feet i want my slave i want him now,0
oh yeah clearly it s my fault,0
mths half price orange line rental latest camera phones free had your phone mths call mobilesdirect free on to update now or stoptxt t cs,1
may i call you later pls,0
still work going on it is very small house,0
raji pls do me a favour pls convey my birthday wishes to nimya pls today is her birthday,0
is your hamster dead hey so tmr i meet you at pm orchard mrt,0
santa calling would your little ones like a call from santa xmas eve call to book you time calls ppm last mins s t c url,1
no on the way home so if not for the long dry spell the season would have been over,0
its not that time of the month nor mid of the time,0
goodmorning today i am late for lt decimal gt min,0
are you comingdown later,0
a guy who gets used but is too dumb to realize it,0
mah b i ll pick it up tomorrow,0
cheers u tex mecause u werebored yeah okden hunny r uin wk sat sound s likeyour havin gr fun j keep updat countinlots of loveme xxxxx,0
did you try making another butt,0
i ll text carlos and let you know hang on,0
hi hun im not comin nite tell every im sorry me hope u ava goodtime oli rang melnite ifink it mite b sorted but il explain everythin on mon l rs x,0
kind of took it to garage centre part of exhaust needs replacing part ordered n taking it to be fixed tomo morning,0
thanks for loving me so you rock,0
i will be gentle princess we will make sweet gentle love,0
ok no prob take ur time,0
you dont know you jabo me abi,0
o well uv causes mutations sunscreen is like essential thesedays,0
thought i didn t see you,0
kothi print out marandratha,0
dont worry day very big lambu ji vl come til then enjoy batchlor party,0
pete can you please ring meive hardly gotany credit,0
its like that hotel dusk game i think you solve puzzles in a area thing,0
pls speak with me i wont ask anything other then you friendship,0
total disappointment when i texted you was the craziest shit got,0
for ur chance to win money cash every wk txt play to t s c s url custcare x p wk,1
i sent my scores to sophas and i had to do secondary application for a few schools i think if you are thinking of applying do a research on cost also contact joke ogunrinde her school is one me the less expensive ones,0
derp which is worse a dude who always wants to party or a dude who files a complaint about the three drug abusers he lives with,0
true lov n care wil nevr go unrecognized though somone often makes mistakes when valuing it but they will definitly undrstnd once when they start missing it,0
do you work all this week,0
hello hello hi lou sorry it took so long reply i left mobile at friends in lancaster just got it bak neway im sorry i couldn t make ur b day hun,0
natalie f is inviting you to be her friend reply yes or no see her url stop send stop frnd to,1
are you up for the challenge i know i am,0
also track down any lighters you can find,0
cool breeze bright sun fresh flower twittering birds all these waiting to wish u goodmorning amp have a nice day,0
miss call miss call khelate kintu opponenter miss call dhorte lage thats d rule one with great phone receiving quality wins,0
was a nice day and impressively i was sensible went home early and now feel fine or am i just boring when s yours i can t remember,0
best line said in love i will wait till the day i can forget u or the day u realize that u cannot forget me gn,0
no no this is kallis home ground amla home town is durban,0
ok i m gonna head up to usf in like fifteen minutes,0
does daddy have a bb now,0
back work morro half term over can u c me nite some sexy passion b i have go back chat now luv dena calls money minmobsmorelkpobox hp fl,1
lemme know when i can swing by and pick up i m free basically any time after all this semester,0
just haven t decided where yet eh,0
a famous quote when you develop the ability to listen to anything unconditionally without losing your temper or self confidence it means you are married,0
teach me apps da when you come to college,0
no need lar i go engin cos my sis at arts today,0
urgent your mobile no won a money bonus caller prize on this is the nd attempt to reach you call asap box n qp ppm,1
good stuff will do,0
splashmobile choose from s of gr tones each wk this is a subscrition service with weekly tones costing p u have one credit kick back and enjoy,1
haiyoh maybe your hamster was jealous of million,0
what happened to our yo date,0
sure thing big man i have hockey elections at shouldn t go on longer than an hour though,0
thanks for your subscription to ringtone uk your mobile will be charged money month please confirm by replying yes or no if you reply no you will not be charged,1
c movie is juz last minute decision mah juz watch lar but i tot not interested,0
was the actual exam harder than nbme,0
by the way rencontre is to meet again mountains dont,0
package all your programs well,0
still attending da talks,0
thanx a lot ur help,0
hi ya babe x u goten bout me scammers getting smart though this is a regular vodafone no if you respond you get further prem rate msg subscription other nos used also beware,1
asked mobile if chatlines inclu in free mins india cust servs sed yes l er got mega bill dont giv a shit bailiff due in days i o money want money,1
hey what time is your driving on fri we go for evaluation on fri,0
bring tat cd don forget,0
it s money to get in is that ok,0
sms auction a brand new nokia is up auction today auction is free join take part txt nokia to now,1
beautiful tomorrow never comes when it comes it s already today in the hunt of beautiful tomorrow don t waste your wonderful today goodmorning,0
your unique user id is for removal send stop to customer services,1
your account has been credited with free text messages to activate just txt the word credit to no t cs url,1
hey you gave them your photo when you registered for driving ah tmr wanna meet at yck,0
they don t put that stuff on the roads to keep it from getting slippery over there,0
anyway i don t think i can secure anything up here lemme know if you want me to drive down south and chill,0
nutter cutter ctter cttergg cttargg ctargg ctagg ie you,0
draw va i dont think so,0
anything lor if they all go then i go lor,0
hey come online use msn we are all there,0
er yeah i will b there at sorry just tell me which pub cafe to sit in and come wen u can,0
hello they are going to the village pub at so either come here or there accordingly ok,0
haha good to hear i m officially paid and on the market for an th,0
haven t seen my facebook huh lol,0
cool what time you think you can get here,0
same as u dun wan y u dun like me already ah wat u doing now still eating,0
life alle mone eppolum oru pole allalo,0
i m coming back on thursday yay is it gonna be ok to get the money cheers oh yeah and how are you everything alright hows school or do you call it work now,0
when re you guys getting back g said you were thinking about not staying for mcr,0
ha then we must walk to everywhere cannot take tram my cousin said can walk to vic market from our hotel,0
i ve reached already,0
ok lor i m in town now lei,0
wow didn t think it was that common i take it all back ur not a freak unless u chop it off,0
are you going to wipro interview today,0
wait do you know if wesleys in town i bet she does hella drugs,0
jus finish watching tv u,0
i was slept that time you there,0
pa but not selected,0
ok is any problem to u frm him wats matter,0
i don t know u and u don t know me send chat to now and let s find each other only p msg rcvd hg suite lands row w j hl ldn years or over,1
i havent add yet right,0
hey do u fancy meetin me at at cha hav a lil beverage on me if not txt or ring me and we can meet up l r quite tired got in at v pist love pete x x x,0
lol ok ill try to send be warned sprint is dead slow you ll prolly get it tomorrow,0
dont make ne plans for nxt wknd coz she wants us to come down then ok,0
sir i am waiting for your call,0
aiyo u always c our ex one i dunno abt mei she haven reply first time u reply so fast y so lucky not workin huh got bao by ur sugardad ah gee,0
i m in chennai velachery,0
want get laid tonight want real dogging locations sent direct ur mob join the uk s largest dogging network bt txting gravel to nt ec a p msg p,1
helloooo wake up sweet morning welcomes you enjoy this day with full of joy gud mrng,0
anyway i m going shopping on my own now cos my sis not done yet dun disturb u liao,0
motivate behind every darkness there is a shining light waiting for you to find it behind every best friend there is always trust and love bslvyl,0
i don t know but i m raping dudes at poker,0
moon has come to color your dreams stars to make them musical and my sms to give you warm and peaceful sleep good night,0
i can make it up there squeezed lt gt bucks out of my dad,0
i m glad you are following your dreams,0
have a safe trip to nigeria wish you happiness and very soon company to share moments with,0
ur cash balance is currently pounds to maximize ur cash in now send go to only p meg cc hg suite lands row w j hl,1
i know you are serving i mean what are you doing now,0
private your account statement for,1
what does the dance river do,0
hi babe u r most likely to be in bed but im so sorry about tonight i really wanna see u tomorrow so call me at love me xxx,0
you gonna ring this weekend or wot,0
allo we have braved the buses and taken on the trains and triumphed i mean we re in b ham have a jolly good rest of week,0
i m not sure i was just checking out what was happening around the area,0
ok,0
hi mom we might be back later than lt gt,0
lol ok your forgiven,0
good evening sir hope you are having a nice day i wanted to bring it to your notice that i have been late in paying rent for the past few months and have had to pay a money lt gt charge i felt it would be inconsiderate of me to nag about something you give at great cost to yourself and that s why i didnt speak up i however am in a recession and wont be able to pay the charge this month hence my askin well ahead of month s end can you please help thank you for everything,0
k i ll head out in a few mins see you there,0
as a sim subscriber you are selected to receive a bonus get it delivered to your door txt the word ok to no to claim p msg exp apr,1
speaking of does he have any cash yet,0
important information orange user xxxxxxx today is your lucky day find out why log onto url there s a fantastic surprise awaiting you,1
no probably lt gt,0
you only hate me you can call any but you didnt accept even a single call of mine or even you messaged,0
pls clarify back if an open return ticket that i have can be preponed for me to go back to kerala,0
st andre virgil s cream,0
get the official england poly ringtone or colour flag on yer mobile for tonights game text tone or flag to optout txt eng stop box w wx money,1
want to funk up ur fone with a weekly new tone reply tones u this text url the original n best tones gbp network operator rates apply,1
i just got home babe are you still awake,0
umma did she say anything,0
i had been hoping i would not have to send you this message my rent is due and i dont have enough for it my reserves are completely gone its a loan i need and was hoping you could her the balance is lt gt is there a way i could get that from you till mid march when i hope to pay back,0
filthy stories and girls waiting for your,1
and my man carlos is definitely coming by mu tonight no excuses,0
thought praps you meant another one goodo i ll look tomorrow,0
have you finished work yet,0
oh k i will come tomorrow,0
friends that u can stay on fb chat with,0
hey gorgeous man my work mobile number is have a good one babe squishy mwahs,0
haf u eaten wat time u wan me come,0
squeeeeeze this is christmas hug if u lik my frndshp den hug me back if u get u r cute u r luvd u r so lucky none people hate u,0
you are a winner u have been specially selected receive money or a holiday flights inc speak to a live operator claim p min,1
thanks honey but still haven t heard anything i will leave it a bit longer so not crowd him and will try later great advice thanks hope cardiff is still there,0
yeah so basically any time next week you can get away from your mom amp get up before,0
doing my masters when will you buy a bb cos i have for sale and how s bf,0
none nowhere ikno doesdiscount shitinnit,0
my friends use to call the same,0
where do you need to go to get it,0
ringtone club get the uk singles chart on your mobile each week and choose any top quality ringtone this message is free of charge,1
sorry im getting up now feel really bad totally rejected that kinda me thing,0
lara said she can loan me lt gt,0
hi my darlin im on my way to london and we have just been smashed into by another driver and have a big dent im really missing u what have u been up to xxx,0
for real when u getting on yo i only need more tickets and one more jacket and i m done i already used all my multis,0
u should have made an appointment,0
they said if its gonna snow it will start around or pm tonite they are predicting an inch of accumulation,0
and stop being an old man you get to build snowman snow angels and snowball fights,0
i think you should go the honesty road call the bank tomorrow its the tough decisions that make us great people,0
congratulations ore mo owo re wa enjoy it and i wish you many happy moments to and fro wherever you go,0
yes i have so that s why u texted pshew missing you so much,0
siva is in hostel aha,0
oh k why you got job then whats up,0
blank is blank but wat is blank lol,0
super msg da nalla timing,0
ha ha ha good joke girls are situation seekers,0
how do you plan to manage that,0
dear i have reache room,0
y de asking like this,0
and also i ve sorta blown him off a couple times recently so id rather not text him out of the blue looking for weed,0
xclusive clubsaisai morow soiree speciale zouk with nichols from paris free roses all ladies info,1
ok but i finish at,0
how do you guys go to see movies on your side,0
i have docs appointments next week i m tired of them shoving stuff up me ugh why couldn t i have had a normal body,0
a gram usually runs like lt gt a half eighth is smarter though and gets you almost a whole second gram for lt gt,0
same wana plan a trip sometme then,0
anytime lor,0
call from tells u call to claim money prize u have enter all ur mobile personal details the prompts careful,1
im gonnamissu so much i would say il send u a postcard buttheres aboutas much chance of merememberin asthere is ofsi not breakin his contract luv yaxx,0
tmr then brin lar aiya later i come n c lar mayb neva set properly got da help sheet wif,0
come lt n pass to me lar,0
you give us back my id proof and lt gt rs we wont allow you to work we will come to your home within days,0
goodmorning sleeping ga,0
very hurting n meaningful lines ever i compromised everything for my love but at d end my love compromised me for everything gud mornin,0
jay says that you re a double faggot,0
id onluy matters when getting on from offcampus,0
i love your ass do you enjoy doggy style,0
thank you meet you monday,0
ugh hopefully the asus ppl dont randomly do a reformat,0
this is the nd time we have tried contact u u have won the pound prize claim is easy call now only p per min bt national rate,1
and several to you sir,0
wot about on wed nite i am then but only til,0
get a free mobile video player free movie to collect text go to its free extra films can be ordered t s and c s apply yrs only,1
good evening how are you,0
no am working on the ringing u thing but have whole houseful of screaming brats so am pulling my hair out loving u,0
mm umma ask vava also to come tell him can play later together,0
i wanted to wish you a happy new year and i wanted to talk to you about some legal advice to do with when gary and i split but in person i ll make a trip to ptbo for that i hope everything is good with you babe and i love ya,0
hi babe its jordan how r u im home from abroad and lonely text me back if u wanna chat xxsp visionsms com text stop to stopcost p,1
i ve sent my wife your text after we buy them she ll tell you what to do so just relax we should go get them this wkend,0
k text me when you re on the way,0
book which lesson then you msg me i will call up after work or sth i m going to get specs my membership is px,0
sorry i ll call you later i am in meeting sir,0
my no in luton ring me if ur around h,0
ok lar joking wif u oni,0
you are sweet as well princess please tell me your likes and dislikes in bed,0
ok thanx,0
hiya probably coming home weekend after next,0
did you hear about the new divorce barbie it comes with all of ken s stuff,1
you are not bothering me but you have to trust my answers pls,0
ya they are well and fine bbd pooja full pimples even she become quite black and ur rite here its too cold wearing sweatter,0
so its to be poking man everyday that they teach you in canada abi how are you just saying hi,0
k k good study well,0
lt gt in mca but not conform,0
forwarded from free entry into our money weekly comp just send the word enter to now t c url,1
your next amazing xxx picsfree video will be sent to you enjoy if one vid is not enough for day text back the keyword picsfree to get the next video,1
just do what ever is easier for you,0
also remember the beads don t come off ever,0
your chance to be on a reality fantasy show call now just p per min ntt ltd po box croydon cr wb is a national rate call,1
winner as a valued network customer you hvae been selected to receive a money reward to collect call valid hours only acl pm,1
new mobiles from must go txt nokia to no collect yours today from only money url optout gbp mtmsg txtauction,1
hellogorgeous hows u my fone was on charge lst nitw wen u texd me hopeu ad a nice wkend as im sure u did lookin ward c in u mrw luv jaz,0
gent we are trying to contact you last weekends draw shows that you won a money prize guaranteed call claim code k valid hrs only ppm,1
what time u wrkin,0
mmm fuck merry christmas to me,0
its a valentine game send dis msg to all ur friends if answers r d same then someone really loves u ques which colour suits me the best,0
hey u still at the gym,0
sitting ard nothing to do lor u leh busy w work,0
if he started searching he will get job in few days he have great potential and talent,0
height of confidence all the aeronautics professors wer calld amp they wer askd sit in an aeroplane aftr they sat they wer told dat the plane ws made by their students dey all hurried out of d plane bt only didnt move he said if it is made by my students this wont even start datz confidence,0
god created gap btwn ur fingers so dat sum vry special will fill those gaps by holding ur hands now plz dont ask y he created so much gap between legs,0
leaving to qatar tonite in search of an opportunity all went fast pls add me in ur prayers dear rakhesh,0
you were supposed to wake me up gt,0
my darling sister how are you doing when s school resuming is there a minimum wait period before you reapply do take care,0
not from this campus are you in the library,0
well i m gonna finish my bath now have a good fine night,0
yes mum lookin strong,0
not yet had ya sapna aunty manege y day hogidhe chinnu full weak and swalpa black agidhane,0
goodmorning my grandfather expired so am on leave today,0
thanks for understanding i ve been trying to tell sura that,0
ya very nice be ready on thursday,0
there s no point hangin on to mr not right if he s not makin u happy,0
get the door i m here,0
howz pain hope u r fine,0
if you mean the website yes,0
all sounds good fingers makes it difficult to type,0
you have won cash or a prize to claim call t c rstm sw ss ppm,1
okie wan meet at bishan cos me at bishan now i m not driving today,0
i had a good time too its nice to do something a bit different with my weekends for a change see ya soon,0
lt gt of pple marry with their lovers becz they hav gud undrstndng dat avoids problems i sent dis u u wil get gud news on friday by d person you like and tomorrow will be the best day of your life dont break this chain if you break you will suffer send this to lt gt frnds in lt gt mins whn u read,0
you ve always been the brainy one,0
my sis is catching e show in e afternoon so i m not watching w her so c u wan watch today or tmr lor,0
thank god they are in bed,0
best msg it s hard to be with a person when u know that one more step foward will make u fall in love amp one step back can ruin ur friendship good night,0
staff of placement training in amrita college,0
midnight at the earliest,0
yo howz u girls never rang after india l,0
am on my way,0
what do u reckon as need arrange transport if u can t do it thanks,0
thanx a lot,0
u can call me now,0
we have all rounder so not required,0
booked ticket for pongal,0
yes baby i need to stretch open your pussy,0
k da how many page you want,0
please leave this topic sorry for telling that,0
swhrt how u dey hope ur ok tot about u day love n miss take care,0
no yes please been swimming,0
bring it if you got it,0
discussed with your mother ah,0
i think chennai well settled,0
really good dhanush rocks once again,0
can you call me plz your number shows out of coveragd area i have urgnt call in vasai amp have to reach before o clock so call me plz,0
dont show yourself how far put new pictures up on facebook,0
that s not v romantic,0
should i head straight there or what,0
wife how she knew the time of murder exactly,0
nothing spl wat abt u and whr ru,0
cool i ll text you in a few,0
argh my g is spotty anyway the only thing i remember from the research we did was that province and sterling were the only problem free places we looked at,0
aight let me know when you re gonna be around usf,0
u horrible gal u knew dat i was going out wif him yest n u still come n ask me,0
hey boys want hot xxx pics sent direct ur phone txt porn to hrs free and then just p per day to stop text stopbcm sf wc n xx,1
they said dun haf passport or smth like dat or juz send to my email account,0
well boy am i glad g wasted all night at applebees for nothing,0
really dun bluff me leh u sleep early too nite,0
happy new years melody,0
go home liao ask dad to pick me up at,0
i wont so wat s wit the guys,0
he didn t see his shadow we get an early spring yay,0
free for st week no nokia tone ur mob every week just txt nokia to get txting and tell ur mates zed pobox w wq norm p tone,1
somebody should go to andros and steal ice,0
i m really sorry i won t b able do this friday hope u can find an alternative hope yr term s going ok,0
i guess you could be as good an excuse as any lol,0
so pay first lar then when is da stock comin,0
good night am going to sleep,0
oh just getting even with u u,0
alright see you in a bit,0
have you bookedthe hut and also your time off how are you by the way,0
ok thanx gd nite too,0
evening v good if somewhat event laden will fill you in don t you worry head ok but throat wrecked see you at six then,0
pls help me tell ashley that i cant find her number oh,0
what do you do my dog must i always wait till the end of your day to have word from you did you run out of time on your cell already,0
and half years i missed your friendship,0
so no messages had food,0
dai lt gt naal eruku,0
thx all will be well in a few months,0
ah you see you have to be in the lingo i will let you know wot on earth it is when has finished making it,0
we know someone who you know that fancies you call to find out who pobox ls hb p,1
bishan lar nearer no need buy so early cos if buy now i gotta park my car,0
do you like italian food,0
u definitely need a module from e humanities dis sem izzit u wan take other modules st,0
you call him and tell now infront of them call him now,0
me fine absolutly fine,0
home so we can always chat,0
are you staying in town,0
please don t text me anymore i have nothing else to say,0
ok set let u noe e details later,0
its a site to simulate the test it just gives you very tough questions to test your readiness,0
u don t know how stubborn i am i didn t even want to go to the hospital i kept telling mark i m not a weak sucker hospitals are for weak suckers,0
come to my home for one last time i wont do anything trust me,0
nope but i ll b going sch on fri quite early lor cos mys sis got paper in da morn,0
haha get used to driving to usf man i know a lot of stoners,0
yes i posted a couple of pics on fb there s still snow outside too i m just waking up,0
alrite hunny wot u up nite didnt end up goin down town jus da pub instead jus chillin at da mo in me bedroom love jen xxx,0
serious what like proper tongued her,0
are you in the pub,0
then u ask darren go n pick u lor but i oso sian tmr haf meet lect,0
somewhere out there beneath the pale moon light someone think in of u some where out there where dreams come true goodnite amp sweet dreams,0
in da car park,0
all boys made fun of me today ok i have no problem i just sent one message just for fun,0
then just eat a shit and wait for ur monkey face bitch u asshole,0
hi hope u r both ok he said he would text and he hasn t have u seen him let me down gently please,0
how to make a girl happy it s not at all difficult to make girls happy u only need to be a friend companion lover chef lt gt good listener lt gt organizer lt gt good boyfriend lt gt very clean lt gt sympathetic lt gt athletic lt gt warm lt gt courageous lt gt determined lt gt true lt gt dependable lt gt intelligent lt gt psychologist lt gt pest exterminator lt gt psychiatrist lt gt healer lt gt stylist lt gt driver aaniye pudunga venaam,0
and stop wondering wow is she ever going to stop tm ing me because i will tm you whenever i want because you are mine laughs,0
i m reading the text i just sent you its meant to be a joke so read it in that light,0
how come guoyang go n tell her then u told her,0
guess he wants alone time we could just show up and watch when they do,0
adult content your video will be with you shortly,1
sorry to be a pain is it ok if we meet another night i spent late afternoon in casualty and that means i haven t done any of y stuff moro and that includes all my time sheets and that sorry,0
if you r home then come down within min,0
i m not smoking while people use wylie smokes too much to justify ruining my shit,0
i m in inside office still filling forms don know when they leave me,0
we spend our days waiting for the ideal path to appear in front of us but what we forget is paths are made by walking not by waiting goodnight,0
mum hope you are having a great day hoping this text meets you well and full of life have a great day abiola,0
you should change your fb to jaykwon thuglyfe falconerf,0
hanks lotsly,0
sad puppy noise,0
not course only maths one day one chapter with in one month we can finish,0
honeybee said i m d sweetest in d world god laughed amp said wait u havnt met d person reading this msg moral even god can crack jokes gm gn ge gn,0
oh and by the way you do have more food in your fridge want to go out for a meal tonight,0
thanx,0
i just really need shit before tomorrow and i know you won t be awake before like,0
u really pig leh sleep so much my dad wake me up at smth eat lunch today,0
it will stop on itself i however suggest she stays with someone that will be able to give ors for every stool,0
i have a rather prominent bite mark on my right cheek,0
k k when are you going,0
i had it already sabarish asked me to go,0
who are you seeing,0
if you re thinking of lifting me one then no,0
normally i use to drink more water daily,0
excellent i spent lt gt years in the air force iraq and afghanistan i am stable and honest do you like traveling,0
missing you too pray inshah allah,0
hot live fantasies call now just p per min ntt ltd po box croydon cr wb k,1
am in gobi arts college,0
i tot it s my group mate lucky i havent reply wat time do need to leave,0
dear got train and seat mine lower seat,0
this is hoping you enjoyed your game yesterday sorry i ve not been in touch but pls know that you are fondly bein thot off have a great week abiola,0
and he s apparently bffs with carly quick now,0
thesmszone com lets you send free anonymous and masked messages im sending this message from there do you see the potential for abuse,1
hi wkend ok but journey terrible wk not good as have huge back log of marking to do,0
what i m saying is if you haven t explicitly told nora i know someone i m probably just not gonna bother,0
thanx but my birthday is over already,0
nt only for driving even for many reasons she is called bbd thts it chikku then hw abt dvg cold heard tht vinobanagar violence hw is the condition and hw ru any problem,0
update now xmas offer latest motorola sonyericsson nokia free bluetooth double mins txt on orange call mobileupd on or call optout f q,1
yes but they said its it,0
yup i m still having coffee wif my frens my fren drove she ll give me a lift,0
it took mr owl licks,0
i think asking for a gym is the excuse for lazy people i jog,0
re your call you didn t see my facebook huh,0
nope i waiting in sch daddy,0
my drive can only be read i need to write,0
lol grr my mom is taking forever with my prescription pharmacy is like minutes away ugh,0
i am going to sao mu today will be done only at,0
i knew it u slept v late yest wake up so late,0
you have been selected to stay in of top british hotels for nothing holiday worth money to claim call london bx sw ss,1
hey so whats the plan this sat,0
okey dokey swashbuckling stuff what oh,0
my slave i want you to take or pictures of yourself today in bright light on your cell phone bright light,0
they can try they can get lost in fact tee hee,0
from to only my work timing,0
beautiful truth against gravity read carefully our heart feels light when someone is in it but it feels very heavy when someone leaves it goodmorning,0
all write or wat,0
sorry it s a lot of friend of a friend stuff i m just now about to talk to the actual guy who wants to buy,0
urgent this is our nd attempt to contact u your money prize from yesterday is still awaiting collection to claim call now,1
nah man my car is meant to be crammed full of people,0
free ringtone reply real or poly eg real pushbutton dontcha babygoodbye golddigger webeburnin st tone free and more when u join for money wk,1
correct so how was work today,0
so how s the weather over there,0
i ll probably be around mu a lot,0
yo carlos a few friends are already asking me about you you working at all this weekend,0
do we have any spare power supplies,0
in meeting da i will call you,0
black shirt n blue jeans i thk i c,0
i ll see if i can swing by in a bit got some things to take care of here firsg,0
i couldn t say no as he is a dying man and i feel sad for him so i will go and i just wanted you to know i would probably be gone late into your night,0
did he say how fantastic i am by any chance or anything need a bigger life lift as losing the will live do you think i would be the first person die from n v q,0
i m now but have to wait till for the bus to pick me,0
then come n pick me at ar,0
from url monthlysubscription p msg max month t csc web age stop txt stop,1
come to mahal bus stop lt decimal gt,0
oops got that bit,0
alright i m out have a good night,0
ur cash balance is currently pounds to maximize ur cash in now send go to only p msg cc hg suite lands row w j hl,1
yep at derek s house now see you sunday lt,0
and are premium phone services call,1
ur balance is now money ur next question is who sang uptown girl in the s answer txt ur answer to good luck,1
aww that s the first time u said u missed me without asking if i missed u first you do love me,0
no management puzzeles,0
actually i m waiting for weeks when they start putting ad,0
watching tv lor,0
kallis is ready for bat in nd innings,0
do u konw waht is rael friendship im gving yuo an exmpel jsut ese tihs msg evrey splleing of tihs msg is wrnog bt sitll yuo can raed it wihtuot ayn mitsake goodnight amp have a nice sleep sweet dreams,0
boy you best get yo ass out here quick,0
where did u go my phone is gonna die you have to stay in here,0
cool text me when you head out,0
tell dear what happen to you why you talking to me like an alian,0
haven t eaten all day i m sitting here staring at this juicy pizza and i can t eat it these meds are ruining my life,0
try neva mate,0
your gonna have to pick up a money burger for yourself on your way home i can t even move pain is killing me,0
yun ah now wkg where btw if go nus sc wana specialise in wad,0
i am on the way to tirupur,0
sorry u can not unsubscribe yet the mob offer package has a min term of weeks pls resubmit request after expiry reply themob help more info,1
awesome think we can get an th at usf some time tonight,0
where is that one day training,0
ok ill tell the company,0
so now my dad is gonna call after he gets out of work and ask all these crazy questions,0
i m always on yahoo messenger now just send the message to me and i ll get it you may have to send it in the mobile mode sha but i ll get it and will reply,0
free entry in a weekly comp for a chance to win an ipod txt pod to to get entry std txt rate t c s apply for details,1
yup ok i go home look at the timings then i msg again xuhui going to learn on nd may too but her lesson is at am,0
there are some nice pubs near here or there is frankie n bennys near the warner cinema,0
will b going to esplanade fr home,0
shall i bring us a bottle of wine to keep us amused only joking i ll bring one anyway,0
dear we are going to our rubber place,0
i want to go to perumbavoor,0
i called and said all to him then he have to choose this future,0
sleeping nt feeling well,0
good morning princess how are you,0
collecting ur laptop then going to configure da settings izzit,0
how s it feel mr your not my real valentine just my yo valentine even tho u hardly play,0
k so am i how much for an th fifty,0
ok very good its all about making that money,0
why you dint come with us,0
please tell me not all of my car keys are in your purse,0
hope you enjoyed your new content text stop to to unsubscribe help p provided by tones you co uk,1
den only weekdays got special price haiz cant eat liao cut nails oso muz wait until i finish drivin wat lunch still muz eat wat,0
go to write msg put on dictionary mode cover the screen with hand press lt gt gently remove ur hand its interesting,0
no chikku nt yet ya i m free,0
we can go e normal pilates after our intro,0
s of girls many local u who r virgins this r ready fil ur every sexual need can u fil theirs text cute to money p m,1
i m used to it i just hope my agents don t drop me since i ve only booked a few things this year this whole me in boston them in nyc was an experiment,0
ok ill send you with in lt decimal gt ok,0
ok then i come n pick u at engin,0
might ax well im there,0
lol i would but despite these cramps i like being a girl,0
u wake up already thanx e tau sar piah it s quite nice,0
oh god taken the teeth is it paining,0
didn t try g and i decided not to head out,0
we took hooch for a walk toaday and i fell over splat grazed my knees and everything should have stayed at home see you tomorrow,0
but you were together so you should be thinkin about him,0
we have pizza if u want,0
dear why you mood off i cant drive so i brother to drive,0
living is very simple loving is also simple laughing is too simple winning is tooo simple but being simple is very difficult gud nte,0
u free on sat rite u wan watch infernal affairs wif me n darren n mayb xy,0
tell them u have a headache and just want to use hour of sick time,0
stop calling everyone saying i might have cancer my throat hurts to talk i can t be answering everyones calls if i get one more call i m not babysitting on monday,0
sorry battery died yeah i m here,0
you said not now no problem when you can let me know,0
had your mobile months or more u r entitled to update to the latest colour mobiles with camera for free call the mobile update co free on,1
i notice you like looking in the shit mirror youre turning into a right freak,0
yo call me when you get the chance a friend of mine wanted me to ask you about a big order,0
if you want to mapquest it or something look up usf dogwood drive that s the tiny street where the parking lot is,0
hi good mornin thanku wish u d same,0
sorry that took so long omw now,0
oh yeah and my diet just flew out the window,0
xmas new years eve tickets are now on sale from the club during the day from am till pm and on thurs fri sat night this week they re selling fast,1
yup no more already thanx printing n handing it up,0
under the sea there lays a rock in the rock there is an envelope in the envelope there is a paper on the paper there are words,0
s this will increase the chance of winning,0
tell where you reached,0
the length is e same but e top shorter n i got a fringe now i thk i m not going liao too lazy dun wan distract u also,0
on the road so cant txt,0
just wait till end of march when el nino gets himself oh,0
okies i ll go yan jiu too we can skip ard oso go cine den go mrt one blah blah blah,0
yeah that s what i was thinking,0
no my blankets are sufficient thx,0
and by when you re done i mean now,0
yo chad which gymnastics class do you wanna take the site says christians class is full,0
so why didnt you holla,0
oh fine i ll be by tonight,0
ok but knackered just came home and went to sleep not good at this full time work lark,0
im just wondering what your doing right now,0
i think it s all still in my car,0
i sent them do you like,0
now u sound like manky scouse boy steve like i is travelling on da bus home wot has u inmind recreation dis eve,0
hey hun onbus goin meet him he wants go out a meal but i donyt feel like it cuz have get last bus home but hes sweet latelyxxx,0
can u get phone now i wanna chat set up meet call me now on u can cum here moro luv jane xx calls money minmoremobsemspobox po wa,1
someonone you know is trying to contact you via our dating service to find out who it could be call from your mobile or landline box sk ch,1
by monday next week give me the full gist,0
i am in tirupur da once you started from office call me,0
short but cute be a good person but dont try to prove it gud noon,0
what i told before i tell stupid hear after i wont tell anything to you you dad called to my brother and spoken not with me,0
i am ft we will be a good combination,0
what part of don t initiate don t you understand,0
not sure yet still trying to get a hold of him,0
what hello wats talks email address,0
i ask if u meeting da ge tmr nite,0
my love how come it took you so long to leave for zaher s i got your words on ym and was happy to see them but was sad you had left i miss you,0
ok i am on the way to railway,0
apps class varaya elaya,0
this is a long fuckin showr,0
haha yup hopefully we will lose a few kg by mon after hip hop can go orchard and weigh again,0
i don t know same thing that s wrong everyso often he panicks starts goin on bout not bein good enough,0
bought one ringtone and now getting texts costing pound offering more tones etc,1
nope but i m going home now then go pump petrol lor like going rain soon,0
yo you around a friend of mine s lookin to pick up later tonight,0
you should get more chicken broth if you want ramen unless there s some i don t know about,0
what are your new years plans,0
awesome plan to get here any time after like lt gt i ll text you details in a wee bit,0
buzz hey my love i think of you and hope your day goes well did you sleep in i miss you babe i long for the moment we are together again loving smile,0
urgent your mobile number has been awarded with a money prize guaranteed call from land line claim valid hrs only,1
ball is moving a lot will spin in last so very difficult to bat,0
alright thanks for the advice enjoy your night out i ma try to get some sleep,0
ok lor wat time finish,0
hey mr whats the name of that bill brison book the one about language and words,0
haf u found him i feel so stupid da v cam was working,0
i have to take exam with march,0
oh for fuck s sake she s in like tallahassee,0
jay is snickering and tells me that x is totally fucking up the chords as we speak,0
kit strip you have been billed p netcollex ltd po box ig oja,1
arun can u transfr me d amt,0
i wasn t well babe i have swollen glands at my throat what did you end up doing,0
of course i guess god s just got me on hold right now,0
u studying in sch or going home anyway i ll b going sch later,0
whos this am in class,0
guess who am i this is the first time i created a web page url read all i wrote i m waiting for your opinions i want to be your friend,1
not planned yet going to join company on jan only don know what will happen after that,0
sorry vikky i m watching olave mandara movie kano in trishul theatre wit my frnds,0
cthen i thk shd b enuff still got conclusion n contents pg n references i ll b doing da contents pg n cover pg,0
urgent this is our nd attempt to contact u your money prize from yesterday is still awaiting collection to claim call now acl pm,1
you have won a guaranteed money cash or a money prize to claim yr prize call our customer service representative on between am pm cost p,1
of course don t tease me you know i simply must see grins do keep me posted my prey loving smile devouring kiss,0
stupid auto correct on my phone,0
should i have picked up a receipt or something earlier,0
never blame a day in ur life good days give u happiness bad days give u experience both are essential in life all are gods blessings good morning,0
do you want a new nokia i colour phone delivered tomorrow with free minutes to any mobile free text free camcorder reply or call,1
what was she looking for,0
this girl does not stay in bed this girl doesn t need recovery time id rather pass out while having fun then be cooped up in bed,0
i am in escape theatre now going to watch kavalan in a few minutes,0
so when do you wanna gym,0
when where do i pick you up,0
nope watching tv at home not going out v bored,0
playin space poker u,0
i dont know what to do to come out of this so only am ask questions like this dont mistake me,0
ah poop looks like ill prob have to send in my laptop to get fixed cuz it has a gpu problem,0
she told to hr that he want posting in chennai because i m working here,0
yes he have good crickiting mind,0
or u ask they all if next sat can a not if all of them can make it then i m ok lor,0
ya when are taking ure practical lessons i start in june,0
wamma get laid want real doggin locations sent direct to your mobile join the uks largest dogging network txt dogs to now nyt ec a lp money msg,1
new textbuddy chat horny guys in ur area just p free receive search postcode or at gaytextbuddy com txt one name to,1
yar lor actually we quite fast cos da ge slow wat haha,0
ya that one is slow as poo,0
becoz its lt gt jan whn al the post ofice is in holiday so she cn go fr the post ofice got it duffer,0
yup ok thanx,0
hello my love how goes that day i wish your well and fine babe and hope that you find some job prospects i miss you boytoy a teasing kiss,0
then its most likely called mittelschmertz google it if you dont have paracetamol dont worry it will go,0
would you like to see my xxx pics they are so hot they were nearly banned in the uk,1
orange brings you ringtones from all time chart heroes with a free hit each week go to ringtones pics on wap to stop receiving these tips reply stop,1
and pls pls drink plenty plenty water,0
lil fever now fine,0
ok sweet dreams,0
i wanted to ask to wait me to finish lect cos my lect finishes in an hour anyway,0
k i will send in lt gt min,0
ok but bag again,0
photoshop makes my computer shut down,0
ok lor msg me b u call,0
jus finish my lunch on my way home lor i tot u dun wan stay in sch today,0
aight see you in a bit,0
today is song dedicated day which song will u dedicate for me send this to all ur valuable frnds but first rply me,0
k then marrow are you coming to class,0
you have won a money price to claim call,1
ha you don t know either i did a a clever but simple thing with pears the other day perfect for christmas,0
going to join tomorrow,0
but i juz remembered i gotta bathe my dog today,0
where can download clear movies dvd copies,0
you are always putting your business out there you put pictures of your ass on facebook you are one of the most open people i ve ever met why would i think a picture of your room would hurt you make you feel violated,0
lol they don t know about my awesome phone i could click delete right now if i want,0
sunshine quiz win a super sony dvd recorder if you canname the capital of australia text mquiz to b,1
hanging out with my brother and his family,0
yeah no probs last night is obviously catching up with you speak soon,0
i want to tel u one thing u should not mistake me k this is the message that you sent,0
sorry was at the grocers,0
especially since i talk about boston all up in my personal statement lol i woulda changed that if i had realized it said nyc it says boston now,0
the world s most happiest frnds never have the same characters dey just have the best understanding of their differences,0
you are being contacted by our dating service by someone you know to find out who it is call from a land line pobox w tg p,1
it has everything to do with the weather keep extra warm its a cold but nothing serious pls lots of vitamin c,0
how much is blackberry bold in nigeria,0
i know she called me,0
i remain unconvinced that this isn t an elaborate test of my willpower,0
sms ac blind date u rodds is m from aberdeen united kingdom check him out url sms ac w icmb cktz r no blind dates send hide,1
no dude its not fake my frnds got money thts y i m reffering u if u member wit my mail link u vl be credited lt gt rs and il be getiing lt gt rs i can draw my acc wen it is lt gt rs,0
dear take care i am just reaching home love u a lot,0
dun need to pick ur gf,0
on hen night going with a swing,0
take something for pain if it moves however to any side in the next hrs see a doctor,0
and of course you should make a stink,0
thank you princess i want to see your nice juicy booty,0
u sleeping now or you going to take haha i got spys wat me online checking n replying mails lor,0
want to finally have lunch today,0
pls give her the food preferably pap very slowly with loads of sugar you can take up to an hour to give it and then some water very very slowly,0
only students solved this cat question in xam lt gt lt gt lt gt then tell me the answer if u r brilliant thing i got d answr,0
congratulations u can claim vip row a tickets c blu in concert in november or blu gift guaranteed call to claim ts cs url cost money max,1
i m already back home so no probably not,0
you please give us connection today itself before lt decimal gt or refund the bill,0
they are just making it easy to pay back i have lt gt yrs to say but i can pay back earlier you get,0
freemsg claim ur sms messages text ok to now use web mobile ur mates etc join txt com for p wk t c box la wu remove txtx or stop,1
sun cant come to earth but send luv as rays cloud cant come to river but send luv as rain i cant come to meet u but can send my care as msg to u gud evng,0
hello thanx for taking that call i got a job starts on monday,0
kindly send some one to our flat before lt decimal gt today,0
we have new local dates in your area lots of new people registered in your area reply date to start now only url replys,1
he is there you call and meet him,0
pls accept me for one day or am begging you change the number,0
we know taj mahal as symbol of love but the other lesser known facts mumtaz was shahjahan s th wife out of his wifes shahjahan killed mumtaz s husband to marry her mumtaz died in her lt gt th delivery he then married mumtaz s sister question arises where the hell is the love the great hari,0
i wake up long ago already dunno what other thing,0
call me i am senthil from hsbc,0
as in different styles,0
sounds like you have many talents would you like to go on a dinner date next week,0
ya even those cookies have jelly on them,0
i got lousy sleep i kept waking up every hours to see if my cat wanted to come in i worry about him when its cold,0
want explicit sex in secs ring now costs p min,1
yo any way we could pick something up tonight,0
are you going to write ccna exam this week,0
yes watching footie but worried we re going to blow it phil neville,0
yup next stop,0
urgent your mobile number has been awarded a ukp prize guaranteed call from landline claim valid hrs only ppm,1
urgent please call from a landline money cash or a holiday await collection t cs sae po box m xy,1
ok no problem yup i m going to sch at if i rem correctly,0
private your account statement for shows un redeemed s i m points call identifier code expires,1
for real tho this sucks i can t even cook my whole electricity is out and i m hungry,0
lol oh no babe i wont be sliding into your place after midnight but thanks for the invite,0
u are subscribed to the best mobile content service in the uk for money per days until you send stop to helpline,1
yup i m elaborating on the safety aspects and some other issues,0
ok lor anyway i thk we cant get tickets now cos like quite late already u wan go look ur frens a not darren is wif them now,0
what can i do might accidant tookplace between somewhere ghodbandar rd traffic moves slovely so plz slip amp don t worry,0
you might want to pull out more just in case and just plan on not spending it if you can i don t have much confidence in derek and taylor s money management,0
dunno cos i was v late n when i reach they inside already but we ate spageddies lor it s e gals who r laughing at me lor,0
wat s my dear doing sleeping ah,0
natalja f is inviting you to be her friend reply yes or no see her url stop send stop frnd to,1
dude what s up how teresa hope you have been okay when i didnt hear from these people i called them and they had received the package since dec lt gt just thot you ld like to know do have a fantastic year and all the best with your reading plus if you can really really bam first aid for usmle then your work is done,0
you are a very very very very bad girl or lady,0
alright took the morphine back in yo,0
do not b late love mum,0
erm i thought the contract ran out the th of october,0
sorry da thangam very very sorry i am held up with prasad,0
princess is your kitty shaved or natural,0
ok that would b lovely if u r sure think about wot u want to do drinkin dancin eatin cinema in out about up to u wot about,0
get lions england tone reply lionm mono or lionp poly more go url the original n best tones gbp network operator rates apply,1
can i get your opinion on something first,0
goodmorning today i am late for hr,0
i m not coming over do whatever you want,0
now only i reached home i am very tired now i will come tomorro,0
don t forget though that i love you and i walk beside you watching over you and keeping your heart warm,0
double mins double txt price linerental on latest orange bluetooth mobiles call mobileupd for the very latest offers or call optout lf,1
lolnice i went from a fish to water,0
i was gonna ask you lol but i think its at,0
hey tmr maybe can meet you at yck,0
aiyar u so poor thing i give u my support k jia you i ll think of u,0
get down in gandhipuram and walk to cross cut road right side lt gt street road and turn at first right,0
sorry i missed your call let s talk when you have the time i m on,1
if you text on your way to cup stop that should work and that should be bus,0
tell them no need to investigate about me anywhere,0
what time i m out until prob or so,0
boooo you always work just quit,0
i take it we didn t have the phone callon friday can we assume we won t have it this year now,0
carlos took a while again we leave in a minute,0
good afternoon babe how goes that day any job prospects yet i miss you my love sighs,0
idk i m sitting here in a stop and shop parking lot right now bawling my eyes out because i feel like i m a failure in everything nobody wants me and now i feel like i m failing you,0
oh yeah and hav a great time in newquay send me a postcard look after all the girls while im gone u know the im talkin bout xx,0
hows the pain dear y r u smiling,0
i wonder if your phone battery went dead i had to tell you i love you babe,0
you have new voicemail please call,1
awesome lemme know whenever you re around,0
urgent important information for o user today is your lucky day find out why log onto url there is a fantastic surprise awaiting for you,1
are you still playing with gautham,0
god bless get good sleep my dear i will pray,0
hows the street where the end of library walk is,0
oic then better quickly go bathe n settle down,0
it s cool we can last a little while getting more any time soon,0
misplaced your number and was sending texts to your old number wondering why i ve not heard from you this year all the best in your mcat got this number from my atlanta friends,0
maybe i could get book out tomo then return it immediately or something,0
i ll meet you in the lobby,0
tunde how are you doing this is just wishing you a great day abiola,0
probably want to pick up more,0
what s up do you want me to come online,0
i have a date on sunday with will,0
that s y u haf keep me busy,0
usf i guess might as well take car,0
piss is talking is someone that realise u that point this at is it now read it backwards,0
whats that coming over the hill is it a monster hope you have a great day things r going fine here busy though,0
crucify is c not s you should have told me earlier,0
i want to grasp your pretty booty,0
want to send me a virtual hug i need one,0
ya ok vikky vl c witin lt gt mins and il reply u,0
also north carolina and texas atm you would just go to the gre site and pay for the test results to be sent,0
send ur birthdate with month and year i will tel u ur life partner s name and the method of calculation reply must,0
i m e person who s doing e sms survey,0
its sunny in california the weather s just cool,0
well i wasn t available as i washob nobbing with last night so they had to ask nickey platt instead of me,0
see you then we re all christmassy here,0
why are u up so early,0
have you heard from this week,0
s reach home call me,0
r u meeting da ge at nite tmr,0
hi juan im coming home on fri hey of course i expect a welcome party and lots of presents ill phone u when i get back loads of love nicky x x x x x x x x x,0
sorry got a late start we re on the way,0
bognor it is should be splendid at this time of year,0
xy trying smth now u eat already we havent,0
it only does simple arithmetic not percentages,0
going on nothing great bye,0
aiyo a bit pai seh noe scared he dun rem who i am then die hee but he become better lookin oredi leh,0
wot u wanna do then missy,0
looks like u wil b getting a headstart im leaving here bout ish but if u r desperate for my company i could head in earlier we were goin to meet in rummer,0
p alfie moon s children in need song on ur mob tell ur m s txt tone charity to for nokias or poly charity for polys zed profit charity,1
please ask mummy to call father,0
poor girl can t go one day lmao,0
cos i want it to be your thing,0
ok but they said i ve got wisdom teeth hidden inside n mayb need remove,0
yes da any plm at ur office,0
days to kick off for euro u will be kept up to date with the latest news and results daily to be removed send get txt stop to,1
lol boo i was hoping for a laugh,0
sorry about that this is my mates phone and i didnt write it love kate,0
ummma will call after check in our life will begin from qatar so pls pray very hard,0
dunno lei all decide lor how abt leona oops i tot ben is going n i msg him,0
sorry went to bed early nightnight,0
rofl its true to its name,0
free polyphonic ringtone text super to to get your free poly tone of the week now sn pobox nr zs subscription pw,1
yes here tv is always available in work place,0
i dnt wnt to tlk wid u,0
we are hoping to get away by from langport you still up for town tonight,0
pete is this your phone still its jenny from college and leanne what are you up to now,0
free camera phones with linerental from month with cross ntwk mins price txt bundle deals also avble call or call optout j mf,1
ill be at yours in about mins but look out for me,0
ey calm downon theacusations itxt u cos iwana know wotu r doin at thew end haventcn u in ages ring me if ur up nething sat love j xxx,0
good afternoon my love how goes your day what are you up to i woke early and am online waiting for you hmmm italian boy is online i see grins,0
wot is u up then bitch,0
im sorry bout last nite it wasn t ur fault it was me spouse it was pmt or sumthin u give me i think u shldxxxx,0
the world suffers a lot not because of the violence of bad people but because of the silence of good people gud night,0
cool do you like swimming i have a pool and jacuzzi at my house,0
you have to pls make a note of all she s exposed to also find out from her school if anyone else was vomiting is there a dog or cat in the house let me know later,0
i always chat with you in fact i need money can you raise me,0
yar lor keep raining non stop or u wan go elsewhere,0
ah well that confuses things doesnt it i thought was friends with now maybe i did the wrong thing but i already sort of invited tho he may not come cos of money,0
ok can be later showing around if you want cld have drink before wld prefer not to spend money on nosh if you don t mind as doing that nxt wk,0
did you say bold then torch later or one torch and bold,0
no de am seeing in online shop so that i asked,0
yes princess i want to make you happy,0
sorry about earlier putting out fires are you around to talk after or do you actually have a life lol,0
nokia phone is lovly,0
i will cal you sir in meeting,0
you have an important customer service announcement from premier call freephone now,1
come around lt decimal gt pm vikky i m otside nw il come by tht time,0
i can t i don t have her number,0
dear where you call me,0
we re on the opposite side from where we dropped you off,0
me too watching surya movie only after pm vijay movie pokkiri,0
i just lov this line hurt me with the truth i don t mind i wil tolerat bcs ur my someone but never comfort me with a lie gud ni and sweet dreams,0
ur cash balance is currently pounds to maximize ur cash in now send cash to only p msg cc hg suite lands row w j hl,1
jesus armand really is trying to tell everybody he can find,0
i want snow it s just freezing and windy,0
k k i m also fine when will you complete the course,0
yo come over carlos will be here soon,0
meanwhile in the shit suite xavier decided to give us lt gt seconds of warning that samantha was coming over and is playing jay s guitar to impress her or some shit also i don t think doug realizes i don t live here anymore,0
network operator the service is free for t c s visit biz,1
aight tomorrow around lt gt it is,0
u sure u can t take any sick time,0
oh great i ll disturb him more so that we can talk,0
i will treasure every moment we spend together,0
feel yourself that you are always happy slowly it becomes your habit amp finally it becomes part of your life follow it happy morning amp have a happy day,0
please give it or i will pick it up on tuesday evening about if that is ok,0
yalru lyfu astne chikku bt innu mundhe lyf ali halla ke bilo marriage program edhae so lyf is nt yet ovr chikku ali vargu lyfu meow meow d,0
s min to go for lunch,0
love isn t a decision it s a feeling if we could decide who to love then life would be much simpler but then less magical,0
sunshine quiz wkly q win a top sony dvd player if u know which country the algarve is in txt ansr to money sp tyrone,1
i m back amp we re packing the car now i ll let you know if there s room,0
got it it looks scrumptious daddy wants to eat you all night long,0
takin a shower now but yeah i ll leave when i m done,0
yes now only saw your message,0
dai what this da can i send my resume to this id,0
dear where you will be when i reach there,0
as one of our registered subscribers u can enter the draw a g b gift voucher by replying with enter to unsubscribe text stop,1
wish u many many returns of the day happy birthday vikky,0
so what do you guys do,0
it has issues right now ill fix for her by tomorrow,0
will do you gonna be at blake s all night i might be able to get out of here a little early,0
aiyo her lesson so early i m still sleepin haha okie u go home liao den confirm w me lor,0
i m not driving raining then i ll get caught at e mrt station lor,0
why she wants to talk to me,0
how much you got for cleaning,0
i think its far more than that but find out check google maps for a place from your dorm,0
you have got tallent but you are wasting,0
i wil be there with in lt gt minutes got any space,0
i m reaching in another stops,0
dare i ask any luck with sorting out the car,0
fyi i m at usf now swing by the room whenever,0
we still on for tonight,0
hey i m bored so i m thinking of u so wat r u doing,0
lol your right what diet everyday i cheat anyway i m meant to be a fatty,0
wait i will come out lt gt min,0
do you want a new video handset anytime any network mins half price line rental camcorder reply or call for delivery tomorrow,1
e admin building there i might b slightly earlier i ll call u when i m reaching,0
wylie update my weed dealer carlos went to freedom and had a class with lunsford,0
rose for red red for blood blood for heart heart for u but u for me send tis to all ur friends including me if u like me if u get back u r poor in relation u need some to support u r frnd many some luvs u some is praying god to marry u try it,0
you are gorgeous keep those pix cumming thank you,0
k i will give my kvb acc details,0
great so should i send you my account number,0
get a brand new mobile phone by being an agent of the mob plus loads more goodies for more info just text mat to,1
im late tellmiss im on my way,0
i though we shd go out n have some fun so bar in town or something sound ok,0
save yourself the stress if the person has a dorm account just send your account details and the money will be sent to you,0
sure i ll see if i can come by in a bit,0
i haven t forgotten you i might have a couple bucks to send you tomorrow k i love ya too,0
true its easier with her here,0
yes i trust u to buy new stuff asap so i can try it out,0
wow you re right i didn t mean to do that i guess once i gave up on boston men and changed my search location to nyc something changed cuz on my signin page it still says boston,0
want get laid tonight want real dogging locations sent direct ur mob join the uk s largest dogging network by txting moan to nyt ec a p msg p,1
did u download the fring app,0
hello darling how are you today i would love to have a chat why dont you tell me what you look like and what you are in to sexy,1
that s good because i need drugs,0
jason says it s cool if we pick some up from his place in like an hour,0
kinda first one gets in at twelve aah speak tomo,0
gr new service live sex video chat on your mob see the sexiest dirtiest girls live on ur phone details text horny to to cancel send stop to,1
ok then no need to tell me anything i am going to sleep good night,0
que pases un buen tiempo or something like that,0
your brother is a genius,0
cos daddy arranging time c wat time fetch mah,0
ooh got i m gonna start belly dancing in moseley weds if u want join me they have a cafe too,0
called dad oredi,0
would me smoking you out help us work through this difficult time,0
nice talking to you please dont forget my pix i want to see all of you,0
i shall book chez jules for half eight if that s ok with you,0
should i send you naughty pix,0
im at arestaurant eating squid i will be out about wanna dosomething or is that to late,0
babe i lost you,0
i know where the lt gt is i ll be there around,0
i like dis sweater fr mango but no more my size already so irritating,0
is that seriously how you spell his name,0
remind me how to get there and i shall do so,0
boo babe u enjoyin yourjob u seemed b gettin on well hunny hope ure ok take care i llspeak u soonlots of loveme xxxx,0
just got to lt gt,0
hiya sorry didn t hav signal i haven t seen or heard from and neither has which is unusual in itself i ll put on the case and get him to sort it out hugs and snogs,0
goodnight da thangam i really miss u dear,0
i want to see your pretty pussy,0
you have registered sinco as payee log in at icicibank com and enter urn lt gt to confirm beware of frauds do not share or disclose urn to anyone,0
welcome please reply with your age and gender to begin e g m,1
yup i thk they r e teacher said that will make my face look longer darren ask me not cut too short,0
dear are you angry i was busy dear,0
that would be great we ll be at the guild could meet on bristol road or somewhere will get in touch over weekend our plans take flight have a good week,0
now got tv watch meh u no work today,0
i ll get there tomorrow and send it to you,0
what s up my own oga left my phone at home and just saw ur messages hope you are good have a great weekend,0
i am real baby i want to bring out your inner tigress,0
ron say fri leh n he said ding tai feng cant make reservations but he said wait lor,0
let ur heart be ur compass ur mind ur map ur soul ur guide and u will never loose in world gnun sent via way sms com,0
i want to sent lt gt mesages today thats y sorry if i hurts,0
important information orange user xxxxxx today is ur lucky day find out why log onto url there s a fantastic prizeawaiting you,1
she s good how are you where r u working now,0
do i i thought i put it back in the box,0
mmmmmmm snuggles into you deep contented sigh whispers i fucking love you so much i can barely stand it,0
thanx sending me home,0
guess who spent all last night phasing in and out of the fourth dimension,0
well keep in mind i ve only got enough gas for one more round trip barring a sudden influx of cash,0
yes sura in sun tv lol,0
umma my life and vava umma love you lot dear,0
no she s currently in scotland for that,0
jus finished avatar nigro,0
s but not able to sleep,0
a bit of ur smile is my hppnss a drop of ur tear is my sorrow a part of ur heart is my life a heart like mine wil care for u forevr as my goodfriend,0
hey r still online i ve finished the formatting,0
ok be careful don t text and drive,0
gr so how do you handle the victoria island traffic plus when s the album due,0
urgent please call from landline money cash or a luxury canary islands holiday await collection t cs sae award m aq ppm,1
for taking part in our mobile survey yesterday you can now have texts use however you wish get txts just send txt to t c url p,1
gettin rdy to ship comp,0
you re gonna have to be way more specific than that,0
ranjith cal drpd deeraj and deepak min hold,0
we don call like lt gt times oh no give us hypertension oh,0
when you get free call me,0
just arrived see you in a couple days lt,0
i thk lor but dunno can get tickets a not wat u doing now,0
i m home my love if your still awake loving kiss,0
it is only yesterday true true,0
thanks for picking up the trash,0
ok let u noe when i leave my house,0
a lot of this sickness thing going round take it easy hope u feel better soon lol,0
you still at the game,0
got what it takes take part in the wrc rally in oz u can with lucozade energy text rally le to p see packs or lucozade co uk wrc itcould be u,1
here got ur favorite oyster n got my favorite sashimi ok lar i dun say already wait ur stomach start rumbling,0
had your mobile mths update for free to oranges latest colour camera mobiles unlimited weekend calls call mobile upd on freefone or stoptxt,1
what is important is that you prevent dehydration by giving her enough fluids,0
congratulations you ve won you re a winner in our august money prize draw call now prize code,1
can you use foreign stamps for whatever you send them off for,0
hey don t forget you are mine for me my possession my property mmm childish smile,0
remember on that day,0
so u wan come for our dinner tonight a not,0
urgent call from your landline your complimentary ibiza holiday or cash await collection sae t cs po box sk wp ppm,1
in which place i can get rooms cheap,0
free msg get gnarls barkleys crazy ringtone totally free just reply go to this message right now,1
if you have belive me come to my home,0
sorry i will be able to get to you see you in the morning,0
depends on individual lor e hair dresser say pretty but my parents say look gong u kaypoh i also dunno wat she collecting,0
here is my new address apples pairs all that malarky,0
kent vale lor wait me there ar,0
got hella gas money want to go on a grand nature adventure with galileo in a little bit,0
i was up all night too worrying about this appt it s a shame we missed a girls night out with quizzes popcorn and you doing my hair,0
lol that would be awesome payback,0
busy here trying to finish for new year i am looking forward to finally meeting you,0
the monthly amount is not that terrible and you will not pay anything till months after finishing school,0
aaooooright are you at work,0
freemsg feelin kinda lnly hope u like keep me company jst got a cam moby wanna c my pic txt or reply date to msg p rcv hlp stop to,1
urgent we are trying to contact u todays draw shows that you have won a money prize guaranteed call from land line claim j po box c pm,1
free message jamster get the crazy frog sound now for poly text mad for real text mad to crazy sounds for just gbp week only t c s apply,1
every day i use to sleep after lt gt so only,0
ahhh work i vaguely remember that what does it feel like lol,0
okay good no problem and thanx,0
shall i get my pouch,0
ard like dat y,0
hi this is mandy sullivan calling from hotmix fm you are chosen to receive money in our easter prize draw please telephone to claim before or your prize will be transferred to someone else,1
kaiez enjoy ur tuition gee thk e second option sounds beta i ll go yan jiu den msg u,0
claire here am havin borin time am now alone u wanna cum over nite chat now hope c u luv claire xx calls money minmoremobsemspobox po wa,1
mum not going robinson already,0
nvm it s ok,0
no its ful of song lyrics,0
i surely dont forgot to come i will always be in touch in with you,0
don t look back at the building because you have no coat and i don t want you to get more sick just hurry home and wear a coat to the gym,0
i tagged my friends that you seemed to count as your friends,0
depends on quality if you want the type i sent boye faded glory then about if you want ralphs maybe,0
sorry i ll call later in meeting any thing related to trade please call arul lt gt,0
hi shanil rakhesh here thanks i have exchanged the uncut diamond stuff leaving back excellent service by dino and prem,0
hi dear we saw dear we both are happy where you my battery is low,0
lol no u can trust me,0
please sen my kind advice please come here and try,0
how tall are you princess,0
send this to ur friends and receive something about ur voice how is my speaking expression childish naughty sentiment rowdy ful of attitude romantic shy attractive funny lt gt irritating lt gt lovable reply me,0
dont pick up d call when something important is there to tell hrishi,0
then u better go sleep dun disturb u liao u wake up then msg me lor,0
how are you holding up,0
i don t want you to leave but i m barely doing what i can to stay sane fighting with you constantly isn t helping,0
from someone not to smoke when every time i ve smoked in the last two weeks is because of you calling or texting me that you wanted to smoke,0
oh is it send me the address,0
yup but it s not giving me problems now so mayb i ll jus leave it,0
i can t wait for cornwall hope tonight isn t too bad as well but it s rock night shite anyway i m going for a kip now have a good night speak to you soon,0
will be office around pm now i am going hospital,0
great so what attracts you to the brothas,0
velly good yes please,0
upgrdcentre orange customer you may now claim your free camera phone upgrade for your loyalty call now on offer ends th july t c s apply opt out available,1
fine am simply sitting,0
x lt gt are you going to get that,0
today s offer claim ur money worth of discount vouchers text yes to now savamob member offers mobile t cs money sub unsub reply x,1
new mobiles from must go txt nokia to no collect yours today from only money url optout gbp mtmsg,1
celebrate my b day y else,0
i dont knw pa i just drink milk,0
chinatown got porridge claypot rice yam cake fishhead beehoon either we eat cheap den go cafe n tok or go nydc or somethin,0
yeah just open chat and click friend lists then make the list easy as pie,0
hi baby ive just got back from work and i was wanting to see u allday i hope i didnt piss u off on the phone today if u are up give me a call xxx,0
this message is brought to you by gmw ltd and is not connected to the,1
lol or i could just starve and lose a pound by the end of the day,0
ok i vl do u know i got adsense approved,0
send me yetty s number pls,0
ok no wahala just remember that a friend in need,0
its normally hot mail com you see,0
yes princess are you going to make me moan,0
are you driving or training,0
you always make things bigger than they are,0
tell them the drug dealer s getting impatient,0
haha awesome i might need to take you up on that what you doin tonight,0
double mins and txts months free bluetooth on orange available on sony nokia motorola phones call mobileupd on or call optout n dx,1
hey why dont we just go watch x men and have lunch haha,0
i ve told him that i ve returned it that should i re order it,0
when i have stuff to sell i ll tell you,0
text pass to to collect your polyphonic ringtones normal gprs charges apply only enjoy your tones,1
in that case i guess i ll see you at campus lodge,0
where are you when wil you reach here,0
say until like dat i dun buy ericsson oso cannot oredi lar,0
water logging in desert geoenvironmental implications,0
hey mate spoke to the mag people we re on the is deliver by the end of the month deliver on the th sept talk later,0
how is your schedule next week i am out of town this weekend,0
he has lots of used ones babe but the model doesn t help youi have to bring it over and he ll match it up,0
the beauty of life is in next second which hides thousands of secrets i wish every second will be wonderful in ur life gud n,0
i dled d its very imp,0
hmm ok i ll stay for like an hour cos my eye is really sore,0
much better now thanks lol,0
yeah whatever lol,0
you do what all you like,0
thats cool how was your day,0
i m at work please call,0
you know wot people wear t shirts jumpers hat belt is all we know we r at cribbs,0
but your brother transfered only lt gt lt gt pa,0
lol enjoy role playing much,0
so you think i should actually talk to him not call his boss in the morning i went to this place last year and he told me where i could go and get my car fixed cheaper he kept telling me today how much he hoped i would come back in how he always regretted not getting my number etc,0
hi do u want to join me with sts later meeting them at five call u after class,0
i dont understand your message,0
mode men or have you left,0
actually getting ready to leave the house,0
lyricalladie f is inviting you to be her friend reply yes or no see her url stop send stop frnd to,1
play w computer aiyah i tok u lor,0
it s reassuring in this crazy world,0
dear i am not denying your words please,0
you are a big chic common declare,0
wishing you and your family merry x mas and happy new year in advance,0
if you still havent collected the dough pls let me know so i can go to the place i sent it to get the control number,0
i came hostel i m going to sleep plz call me up before class hrishi,0
alright i have a new goal now,0
my phone,0
make that fucks sake x,0
i think u have the wrong number,0
damn can you make it tonight or do you want to just wait til tomorrow,0
taka lor wat time u wan come n look us,0
free any day but i finish at on mon n thurs,0
yes i started to send requests to make it but pain came back so i m back in bed double coins at the factory too i gotta cash in all my nitros,0
lol i really need to remember to eat when i m drinking but i do appreciate you keeping me company that night babe smiles,0
sary just need tim in the bollox it hurt him a lot so he tol me,0
neither in sterm voice i m studying all fine with me not sure the thing will be resolved tho anyway have a fab hols,0
well at this right i m gonna have to get up and check today s steam sales pee so text me when you want me to come get you,0
that s y we haf to combine n c how lor,0
private your account statement for fone no shows un redeemed s i m points call identifier code expires,1
good morning my love i go to sleep now and wish you a great day full of feeling better and opportunity you are my last thought babe i love you kiss,0
have good weekend,0
i m okay chasing the dream what s good what are you doing next,0
yup izzit still raining heavily cos i m in e mrt i can t c outside,0
i ve told you everything will stop just dont let her get dehydrated,0
wnevr i wana fal in luv vth my books my bed fals in luv vth me yen madodu nav pretsorginta nammanna pretsovru important alwa gud eveb,0
ya srsly better than yi tho,0
romantic paris nights flights from money book now next year call ts cs apply,1
tell your friends what you plan to do on valentines day lt url gt,0
free for st week no nokia tone ur mobile every week just txt nokia to get txting and tell ur mates url pobox w wq norm p tone,1
plz note if anyone calling from a mobile co amp asks u to type lt gt or lt gt do not do so disconnect the call coz it iz an attempt of terrorist to make use of the sim card no itz confirmd by nokia n motorola n has been verified by cnn ibn,0
free for st week no nokia tone ur mob every week just txt nokia to get txting and tell ur mates url pobox w wq norm p tone,1
urgent your mobile was awarded a money bonus caller prize on our final attempt contact u call,1
boltblue tones for p reply poly or mono eg poly cha cha slide yeah slow jamz toxic come with me or stop more tones txt more,1
hot live fantasies call now just p per min ntt ltd po box croydon cr wb is a national rate call,1
is it your yahoo boys that bring in the perf or legal,0
aight we can pick some up you open before tonight,0
am only searching for good dual sim mobile pa,0
good morning pookie pie lol hope i didn t wake u up,0
message from i am at truro hospital on ext you can phone me here as i have a phone by my side,0
yeah why not is the gang all ready,0
dnt worry use ice pieces in a cloth pack also take tablets,0
i ve got lt gt any way i could pick up,0
good sleep is about rhythm the person has to establish a rhythm that the body will learn and use if you want to know more,0
oh really did you make it on air what s your talent,0
slept i thinkthis time lt gt pm is not dangerous,0
i love you both too,0
i am at the gas station go there,0
long beach lor expected u having dinner now,0
hey something came up last min think i wun be signing up tmr hee,0
are you in town this is v important,0
ugh just got outta class,0
just trying to figure out when i m suppose to see a couple different people this week we said we d get together but i didn t set dates,0
themob check out our newest selection of content games tones gossip babes and sport keep your mobile fit and funky text wap to,1
hi wk been ok on hols now yes on for a bit of a run forgot that i have hairdressers appointment at four so need to get home n shower beforehand does that cause prob for u,0
freemsg hey i m buffy and love to satisfy men home alone feeling randy reply c my pix qlynnbv help p a msg send stop to stop txts,1
recpt you have ordered a ringtone your order is being processed,1
i donno its in your genes or something,0
are you being good baby,0
sms auction a brand new nokia is up auction today auction is free join take part txt nokia to now hg suite lands row w j hl,1
ok but tell me half an hr b u come i need prepare,0
wish i were with you now,0
at the latest g s still there if you can scrounge up some ammo and want to give the new ak a try,0
sms services for your inclusive text credits pls goto url login qxj unsubscribe with stop no extra charge help comuk cm ae,1
i like to talk pa but am not able to i dont know y,0
ooooooh i forgot to tell u i can get on yoville on my phone,0
depends on where u going lor,0
you ve already got a flaky parent it snot supposed to be the child s job to support the parent not until they re the ride age anyway i m supposed to be there to support you and now i ve hurt you unintentional but hurt nonetheless,0
finish liao u,0
u come n search tat vid not finishd,0
yay you better not have told that to other girls either,0
my ex wife was not able to have kids do you want kids one day,0
can i meet at as where depends on where wan in lor,0
pls she needs to dat slowly or she will vomit more,0
she said do u mind if i go into the bedroom for a minute ok i sed in a sexy mood she came out minuts latr wid a cake n my wife,0
free msg ringtone from url widelive com index wml id b a ecef ff first true jul,1
yup no need i ll jus wait e rain stop,0
yes i thought so thanks,0
meet after lunch la,0
hard but true how much you show amp express your love to someone that much it will hurt when they leave you or you get seperated ud evening,0
so wats ur opinion abt him and how abt is character,0
i m taking derek amp taylor to walmart if i m not back by the time you re done just leave the mouse on my desk and i ll text you when priscilla s ready,0
that sucks so what do you got planned for your yo valentine i am your yo valentine aren t i,0
i m outside islands head towards hard rock and you ll run into me,0
send me your id and password,0
hmm bits and pieces lol sighs,0
cud u tell ppl im gona b a bit l cos buses hav gon past cos they were full im still waitin pete x,0
no da he is stupid da always sending like this don believe any of those message pandy is a mental,0
sir goodmorning once free call me,0
or i guess lt gt min,0
omg it could snow here tonite,0
ok i am on the way to home hi hi,0
doesn t g have class early tomorrow and thus shouldn t be trying to smoke at lt gt,0
how are u i have missed u i havent been up much a bit bored with the holiday want go bak college sad isnt it xx,0
ill call you evening ill some ideas,0
yup wun believe wat u really neva c e msg i sent shuhui,0
double your mins txts on orange or price linerental motorola and sonyericsson with b tooth free nokia free call mobileupd on or optout hv d,1
its a valentine game send dis msg to all ur friends if answers r d same then someone really loves u ques which colour suits me the best rply me,0
at home by the way,0
u meet other fren dun wan meet me ah muz b a guy rite,0
watch lor i saw a few swatch one i thk quite ok ard but i need nd opinion leh,0
it s that time of the week again ryan,0
he said that he had a right giggle when he saw u again you would possibly be the first person die from nvq but think how much you could for,0
then mum s repent how,0
its ok if anybody asks abt me u tel them p,0
i walked an hour c u doesn t that show i care y wont u believe im serious,0
good morning my dear shijutta have a great amp successful day,0
pls confirm the time to collect the cheque,0
can you say what happen,0
s i think he is waste for rr,0
k k where are you how did you performed,0
the bus leaves at lt gt,0
talk sexy make new friends or fall in love in the worlds most discreet text dating service just text vip to and see who you could meet,1
dunno lei i might b eatin wif my frens if wan to eat then i wait lar,0
then what about further plan,0
if we hit it off you can move in with me,0
hey iouri gave me your number i m wylie ryan s friend,0
i probably won t eat at all today i think i m gonna pop how was your weekend did u miss me,0
k k when will you give treat,0
ever thought about living a good life with a perfect partner just txt back name and age to join the mobile community p sms,1
mila age blonde new in uk i look sex with uk guys if u like fun with me text mtalk to pp txt st free money increments help,1
life has never been this much fun and great until you came in you made it truly special for me i won t forget you enjoy one gbp sms,1
cramps stopped going back to sleep,0
oh ok i didnt know what you meant yep i am baby jontin,0
want explicit sex in secs ring now costs p min gsex pobox wc n xx,1
haha awesome i ve been to u a couple times who all s coming,0
hey i missed you tm of last night as my phone was on the charge smiles i am meeting a friend shortly,0
then she buying today no need to c meh,0
yo the game almost over want to go to walmart soon,0
call me when u re done,0
we tried to contact you re your response to our offer of a new nokia fone and camcorder hit reply or call for delivery,1
so anyways you can just go to your gym or whatever my love smiles i hope your ok and having a good day babe i miss you so much already,0
hey i almost forgot happy b day babe i love ya,0
no its not specialisation can work but its slave labor will look for it this month sha cos no shakara beggar,0
i wish things were different i wonder when i will be able to show you how much i value you pls continue the brisk walks no drugs without askin me please and find things to laugh about i love you dearly,0
i m stuck in da middle of da row on da right hand side of da lt,0
what time should i tell my friend to be around,0
aiyah sorry lor i watch tv watch until i forgot check my phone,0
im done just studyn in library,0
i think the other two still need to get cash but we can def be ready by,0
yar lor how u noe u used dat route too,0
have you laid your airtel line to rest,0
dear good morning how you feeling dear,0
message some text missing sender name missing number missing sent date missing missing u a lot thats y everything is missing sent via fullonsms com,0
wow i never realized that you were so embarassed by your accomodations i thought you liked it since i was doing the best i could and you always seemed so happy about the cave i m sorry i didn t and don t have more to give i m sorry i offered i m sorry your room was so embarassing,0
sez hows u de arab boy hope u r all good give my love evry love ya eshxxxxxxxxxxx,0
hmm well night night,0
esplanade lor where else,0
wat makes some people dearer is not just de happiness dat u feel when u meet them but de pain u feel when u miss dem,0
urgent call from landline your complementary tenerife holiday or money cash await collection sae t cs po box wa px ppm sender hol offer,1
gonna let me know cos comes bak from holiday that day is coming don t get text me number,0
ceri u rebel sweet dreamz me little buddy c ya moro who needs blokes,0
hey now am free you can call me,0
can you please ask macho what his price range is does he want something new or used plus it he only interfued in the blackberry bold lt gt or any bb,0
sorry da i was thought of calling you lot of times lil busy i will call you at noon,0
wait i will msg after lt gt min,0
baaaaabe i misss youuuuu where are you i have to go and teach my class at,0
wn u r hurt by d prsn who s close u do fight wit dem coz somtimes dis fight saves a relation bt being quiet leaves nothin in a relation gud eveb,0
i hope you know i m still mad at you,0
how dare you change my ring,0
i love you you set my soul on fire it is not just a spark but it is a flame a big rawring flame xoxo,0
hai priya are you right what doctor said pa where are you,0
ok lor reaching then message me,0
oooh bed ridden ey what are you thinking of,0
that s necessarily respectful,0
huh y lei,0
congratulations ur awarded either money of cd gift vouchers free entry our money weekly draw txt music to tncs url win ppmx age,1
refused a loan secured or unsecured can t get credit call free now or text back help we will,1
you do got a shitload of diamonds though,0
cool we shall go and see have to go to tip anyway are you at home got something to drop in later so lets go to town tonight maybe mum can take us in,0
hi there we have now moved in our pub would be great c u if u cud come up,0
si si i think ill go make those oreo truffles,0
gran onlyfound out afew days ago cusoon honi,0
you can never do nothing,0
is it ok if i stay the night here xavier has a sleeping bag and i m getting tired,0
take us out shopping and mark will distract isaiah d,0
freemsg month unlimited free calls activate smartcall txt call to no subscriptn gbp wk unlimited calls help stop txt stop landlineonly,1
i ain t answerin no phone at what is actually a pretty reasonable hour but i m sleepy,0
hello darlin ive finished college now so txt me when u finish if u can love kate xxx,0
if u dun drive then how i go sch,0
change again it s e one next to escalator,0
how much it will cost approx per month,0
k can that happen tonight,0
ok i thk i got it then u wan me come now or wat,0
alright we ll bring it to you see you in like lt gt mins,0
where are you what are you doing are yuou working on getting the pc to your mom s did you find a spot that it would work i need you,0
sorry i ll call later lt gt mins,0
message important information for o user today is your lucky day find out why log onto url there is a fantastic surprise awaiting you,1
are you happy baby are you alright did you take that job i hope your fine i send you a kiss to make you smile from across the sea kiss kiss,0
hello just got here st andrews boy its a long way its cold i will keep you posted,0
they did t play one day last year know even though they have very good team like india,0
nothing lor a bit bored too then y dun u go home early sleep today,0
waiting for your call,0
no i was trying it all weekend v,0
smile in pleasure smile in pain smile when trouble pours like rain smile when sum hurts u smile becoz someone still loves to see u smiling,0
urgent you have won a week free membership in our money prize jackpot txt the word claim to no t c url lccltd pobox ldnw a rw,1
mystery solved just opened my email and he s sent me another batch isn t he a sweetie,0
we are supposed to meet to discuss abt our trip thought xuhui told you in the afternoon thought we can go for lesson after that,0
also sir i sent you an email about how to log into the usc payment portal i ll send you another message that should explain how things are back home have a great weekend,0
i keep ten rs in my shelf buy two egg,0
k my roommate also wants a dubsack and another friend may also want some so plan on bringing extra i ll tell you when they know for sure,0
you call times job today ok umma and ask them to speed up,0
its a great day do have yourself a beautiful one,0
dunno dat s wat he told me ok lor,0
new car and house for my parents i have only new job in hand,0
am in film ill call you later,0
if i die i want u to have all my stuffs,0
she is our sister she belongs our family she is d hope of tomorrow pray her who was fated d shoranur train incident lets hold our hands together amp fuelled by love amp concern prior her grief amp pain pls join in dis chain amp pass it stop violence against women,0
no da if you run that it activate the full version da,0
lt gt ish minutes was minutes ago wtf,0
don t necessarily expect it to be done before you get back though because i m just now headin out,0
im realy soz imat my mums nite what about moro,0
spoke with uncle john today he strongly feels that you need to sacrifice to keep me here he s going to call you when he does i beg you to just listen dont make any promises or make it clear things are not easy and i need you to please let us work things out as long as i keep expecting help my creativity will be stifled so pls just keep him happy no promises on your part,0
yup n her fren lor i m meeting my fren at,0
whenevr ur sad whenevr ur gray remembr im here listn watevr u wanna say jus walk wid me a little while amp i promise i ll bring back ur smile,0
did you see that film,0
double eviction this week spiral and michael and good riddance to them,0
we re done,0
forgot to tell smth can like number the sections so that it s clearer,0
watching tv lor nice one then i like lor,0
leave it wif me lar wan to carry meh so heavy is da num familiar to,0
i dun believe u i thk u told him,0
if u sending her home first it s ok lor i m not ready yet,0
s no competition for him,0
got it seventeen pounds for seven hundred ml hope ok,0
reply to win money weekly where will the fifa world cup be held send stop to to end service,1
the lay man just to let you know you are missed and thought off do have a great day and if you can send me bimbo and ugo s numbers ill appreciate safe,0
urgent last weekend s draw shows that you have won money cash or a spanish holiday call now to claim t c rstm sw ss ppm,1
is she replying has boye changed his phone number,0
they will pick up and drop in car so no problem,0
look at the fuckin time what the fuck you think is up,0
fine i miss you very much,0
yes but can we meet in town cos will go to gep and then home you could text at bus stop and don t worry we ll have finished by march ish,0
wot u up j,0
sindu got job in birla soft,0
hi missed your call and my mumhas beendropping red wine all over theplace what is your adress,0
good morning plz call me sir,0
hi its kate how is your evening i hope i can see you tomorrow for a bit but i have to bloody babyjontet txt back if u can xxx,0
stupid its not possible,0
ok i din get ur msg,0
yo sorry was in the shower sup,0
tmrw im finishing doors,0
ok no prob,0
been up to ne thing interesting did you have a good birthday when are u wrking nxt i started uni today,0
will you like to be spoiled,0
height of oh shit situation a guy throws a luv letter on a gal but falls on her brothers head whos a gay d,0
if i was i wasn t paying attention,0
reply with your name and address and you will receive by post a weeks completely free accommodation at various global locations url ph p,1
soon you will have the real thing princess do i make you wet,0
yeah i imagine he would be really gentle unlike the other docs who treat their patients like turkeys,0
hello hun how ru its here by the way im good been on dates with that guy i met in walkabout so far we have to meet up soon hows everyone else,0
i liked the new mobile,0
minimum walk is miles a day,0
i can call in lt gt min if thats ok,0
haha my friend tyler literally just asked if you could get him a dubsack,0
vikky come around lt time gt,0
joy s father is john then john is the name of joy s father mandan,0
free entry in a wkly comp to win fa cup final tkts st may text fa to to receive entry question std txt rate t c s apply over s,1
did you show him and wot did he say or could u not c him dust,0
anytime,0
i don know account details i will ask my mom and send you my mom is out of reach now,0
ok u can take me shopping when u get paid d,0
ok da i already planned i wil pick you,0
i doubt you could handle times per night in any case,0
freemsg you have been awarded a free mini digital camera just reply snap to collect your prize quizclub opt out stop p wk sp rwm ph,1
alright we re hooked up where you guys at,0
no i got rumour that you going to buy apartment in chennai,0
i have sleeping bags blanket and paper and phone details anything else,0
ic there are a lotta childporn cars then,0
if u laugh really loud if u talk spontaneously if u dont care what others feel u are probably with your dear amp best friends goodevening dear,0
how are you its been ages how s abj,0
buzzzz grins did i buzz your ass buzz your chest buzz your cock where do you keep your phone is the vibrator on did you feel it shake,0
only just got this message not ignoring you yes i was shopping that is,0
bbq this sat at mine from ish ur welcome come,0
should i buy him a blackberry bold or torch should i buy him new or used let me know plus are you saying i should buy the lt gt g wifi ipad and what are you saying about the about the lt gt g,0
aight i ll grab something to eat too text me when you re back at mu,0
what year and how many miles,0
same i m at my great aunts anniversary party in tarpon springs,0
hi you just spoke to maneesha v we d like to know if you were satisfied with the experience reply toll free with yes or no,0
dear sir salam alaikkum pride and pleasure meeting you today at the tea shop we are pleased to send you our contact number at qatar rakhesh an indian pls save our number respectful regards,0
havent,0
hi petey noi m ok just wanted chat coz avent spoken u a long time hope ur doin alrite have good nit at js love ya am x,0
someone has contacted our dating service and entered your phone becausethey fancy you to find out who it is call from a landline pobox w rg p,1
urgent your mobile number won a money bonus caller prize on this is the nd attempt to reach you call asap box n qp ppm,1
haha yeah i see that now be there in a sec,0
hey what how about your project started aha da,0
how stupid to say that i challenge god you dont think at all on what i write instead you respond immed,0
then she dun believe wat,0
not for possession especially not first offense,0
my sort code is and acc no is the bank is natwest can you reply to confirm i ve sent this to the right person,0
mostly sports type lyk footbl crckt,0
i ve been barred from all b and q stores for life this twat in orange dungerees came up to me and asked if i wanted decking so i got the first punch in,0
by the way i ve put a skip right outside the front of the house so you can see which house it is just pull up before it,0
i want to be inside you every night,0
you re not sure that i m not trying to make xavier smoke because i don t want to smoke after being told i smoke too much,0
ay wana meet on sat wkg on sat,0
good afternoon my boytoy how are you feeling today better i hope are you being my good boy are you my obedient slave do you please your queen,0
cha quiteamuzing that scool babe probpop in cu satthen hunny brekkie love jen xxx psxtra lrg portions me please,0
free msg sorry a service you ordered from could not be delivered as you do not have sufficient credit please top up to receive the service,1
how about getting in touch with folks waiting for company just txt back your name and age to opt in enjoy the community p sms,1
i thank you so much for all you do with selflessness i love you plenty,0
spook up your mob with a halloween collection of a logo pic message plus a free eerie tone txt card spook to zed p per logo pic,1
dunno y u ask me,0
alright i ll make sure the car is back tonight,0
rgent this is the nd attempt to contact u u have won money call b t csbcm wc n xx callcost ppm mobilesvary max money,1
sos any amount i can get pls,0
pls send me a comprehensive mail about who i m paying when and how much,0
then we wait u lor no need feel bad lar,0
how many times i told in the stage all use to laugh you not listen aha,0
how are you my love are you with your brother time to talk english with him grins say hey muhommad penny says hello from across the sea,0
yeah i don t see why not,0
morning only i can ok,0
mum ask to buy food home,0
o turns out i had stereo love on mi phone under the unknown album,0
dont search love let love find u thats why its called falling in love bcoz u dont force yourself u just fall and u know there is smeone to hold u bslvyl,0
urgent your mobile number has been awarded with a money bonus caller prize call from land line valid hrs only,1
its posible dnt live in lt gt century cm frwd n thnk different,0
i liked your new house,0
i m hungry buy smth home,0
i also thk too fast xy suggest one not me u dun wan it s ok going rain leh where got gd,0
hi darlin im on helens fone im gonna b up the princes nite please come up tb love kate,0
hi there nights ur lucky night uve been invited xchat the uks wildest chat txt chat to now p msgrcvdhg suite lands row w j hl ldn yrs,1
ups which is days also and the shipping company that takes wks the other way is usps which takes a week but when it gets to lag you may have to bribe nipost to get your stuff,0
so li hai me bored now da lecturer repeating last weeks stuff waste time,0
sorry in meeting i ll call later,0
university of southern california,0
life spend with someone for a lifetime may be meaningless but a few moments spent with someone who really love you means more than life itself,0
what do u want for xmas how about free text messages a new video phone with half price line rental call free now on to find out more,1
thats cool princess i will cover your face in hot sticky cum,0
cancel cheyyamo and get some money back,0
delhi and chennai still silent,0
sun ah thk mayb can if dun have anythin on thk have to book e lesson e pilates is at orchard mrt u noe hor,0
ur tonexs subscription has been renewed and you have been charged money you can choose more polys this month url billing msg,1
were somewhere on fredericksburg,0
just buy a pizza meat lovers or supreme u get to pick,0
gokila is talking with you aha,0
i will vote for wherever my heart guides me,0
whens your radio show,0
thanks for being there for me just to talk to on saturday you are very dear to me i cherish having you as a brother and role model,0
hey mr and i are going to the sea view and having a couple of gays i mean games give me a bell when ya finish,0
see i thought it all through,0
it s still not working and this time i also tried adding zeros that was the savings the checking is lt gt,0
i really need kiss u i miss u my baby from ur baby eva,0
funny fact nobody teaches volcanoes erupt tsunamis arise hurricanes sway aroundn no teaches hw choose a wife natural disasters just happens,0
oh yes i ve just been a little under the weather so i ve kind of been coccooning at home,0
want a new video phone anytime any network mins half price line rental free text for months reply or call for free delivery,1
no objection my bf not coming,0
are your freezing are you home yet will you remember to kiss your mom in the morning do you love me do you think of me are you missing me yet,0
by the way make sure u get train to worc foregate street not shrub hill have fun night x,0
urgent urgent we have free flights to europe to give away call b th sept take a friend free call now to claim on ba nnfwfly ppm,1
sorry me going home first daddy come fetch later,0
is toshiba portege m gd,0
i should add that i don t really care and if you can t i can at least get this dude to fuck off but hey your money if you want it,0
i sent lanre fakeye s eckankar details to the mail box,0
please charge my mobile when you get up in morning,0
hiya how was last night i ve been naughty and bought myself clothes and very little ready for more shopping tho what kind of time do you wanna meet,0
orh i tot u say she now still dun believe,0
bugis oso near wat,0
tick tick tick babe,0
i asked sen to come chennai and search for job,0
den wat will e schedule b lk on sun,0
then anything special,0
ok help me ask if she s working tmr a not,0
okmail dear dave this is your final notice to collect your tenerife holiday or cash award call from landline tcs sae box cw wx ppm,1
hi i m sorry i missed your call can you pls call back,0
ho ho big belly laugh see ya tomo,0
pls help me tell sura that i m expecting a battery from hont and that if should pls send me a message about how to download movies thanks,0
i ll text you when i drop x off,0
if you re not in my car in an hour and a half i m going apeshit,0
went to pay rent so i had to go to the bank to authorise the payment,0
i need coz i never go before,0
yeah sure give me a couple minutes to track down my wallet,0
no one interested may be some business plan,0
customer place i will call you,0
good morning my dear have a great amp successful day,0
those cocksuckers if it makes you feel better ipads are worthless garbage novelty items and you should feel bad for even wanting one,0
audrie lousy autocorrect,0
understand his loss is my gain so do you work school,0
give her something to drink if she takes it and doesn t vomit then you her temp might drop if she unmits however let me know,0
after the drug she will be able to eat,0
i m meeting darren,0
hmmm and imagine after you ve come home from that having to rub my feet make me dinner and help me get ready for my date are you sure your ready for that kind of life,0
where you what happen,0
hi mobile no lt gt has added you in their contact list on url it s a great place to send free sms to people for more visit fullonsms com,0
please tell me you have some of that special stock you were talking about,0
i place all ur points on e cultures module already,0
all done all handed in celebrations in full swing yet,0
i m leaving my house now,0
future is not what we planned for tomorrow it is the result of what we do today do the best in present enjoy the future,0
free ringtone text first to for a poly or text get to for a true tone help after st free tones are x money pw to e money nd txt stop,1
did u got that persons story,0
why nothing ok anyway give me treat,0
bot notes oredi cos i juz rem i got,0
no thank you you ve been wonderful,0
k then come wenever u lik to come and also tel vikky to come by getting free time,0
he will you guys close,0
i will reach office around lt decimal gt amp my mobile have problem you cann t get my voice so call you asa i ll free,0
no that just means you have a fat head,0
i know i m lacking on most of this particular dramastorm s details but for the most part i m not worried about that,0
lord of the rings return of the king in store now reply lotr by june chance win lotr soundtrack cds stdtxtrate reply stop to end txts,1
i don wake since i checked that stuff and saw that its true no available spaces pls call the embassy or send a mail to them,0
white fudge oreos are in stores,0
oh yah we never cancel leh haha,0
free text msgs just text ok to and we ll credit your account,1
win a money cash prize or a prize worth money,1
po de no need job aha,0
let s pool our money together and buy a bunch of lotto tickets if we win i get lt gt u get lt gt deal,0
with my sis lor we juz watched italian job,0
hi what you think about match,0
the affidavit says lt gt e twiggs st division g courtroom lt gt lt time gt am i ll double check and text you again tomorrow,0
i don t think so you don t need to be going out that late on a school night especially when the one class you have is the one you missed last wednesday and probably failed a test in on friday,0
yeah where s your class at,0
urgent we are trying to contact you last weekends draw shows that you have won a money prize guaranteed call claim code k valid hours only,1
hey babe how s it going did you ever figure out where your going for new years,0
rats hey did u ever vote for the next themes,0
ard lor,0
mmm so yummy babe nice jolt to the suzy,0
got but got colours lor one colour is quite light n e other is darker lor actually i m done she s styling my hair now,0
wat time r going to xin s hostel,0
huh i cant thk of more oredi how many pages do we have,0
ok ur typical reply,0
lol yes our friendship is hanging on a thread cause u won t buy stuff,0
ill call u mrw at ninish with my address that icky american freek wont stop callin me bad jen k eh,0
dear voucher holder claim this weeks offer at your pc go to url ts cs apply stop texts txt stop to,1
but i m really really broke oh no amount is too small even lt gt,0
well i know z will take care of me so no worries,0
hey sathya till now we dint meet not even a single time then how can i saw the situation sathya,0
when you guys planning on coming over,0
how are you just checking up on you,0
the new deus ex game comin early next yr,0
sat right okay thanks,0
house maid is the murderer coz the man was murdered on lt gt th january as public holiday all govt instituitions are closed including post office understand,0
have you been practising your curtsey,0
i guess that s why you re worried you must know that there s a way the body repairs itself and i m quite sure you shouldn t worry we ll take it slow first the tests they will guide when your ovulation is then just relax nothing you ve said is a reason to worry but i ll keep on followin you up,0
dear will call tmorrow pls accomodate,0
all done all handed in don t know if mega shop in asda counts as celebration but thats what i m doing,0
complimentary star ibiza holiday or money cash needs your urgent collection now from landline not to lose out box sk wp ppm,1
hiya have u been paying money into my account if so thanks got a pleasant surprise when i checked my balance u c i don t get statements that acc,0
i accidentally brought em home in the box,0
when people see my msgs they think iam addicted to msging they are wrong bcoz they don t know that iam addicted to my sweet friends bslvyl,0
u buy newspapers already,0
no sir that s why i had an hr trip on the bus last week have another audition next wednesday but i think i might drive this time,0
i don t have her number and its gonna be a massive pain in the ass and i d rather not get involved if that s possible,0
why don t you go tell your friend you re not sure you want to live with him because he smokes too much then spend hours begging him to come smoke,0
what your plan for pongal,0
well if i m that desperate i ll just call armand again,0
can help u swoop by picking u up from wherever ur other birds r meeting if u want,0
are you the cutest girl in the world or what,0
carlos is taking his sweet time as usual so let me know when you and patty are done want to smoke and i ll tell him to haul ass,0
shall i ask one thing if you dont mistake me,0
or better still can you catch her and let ask her if she can sell lt gt for me,0
if you hear a loud scream in about lt gt minutes its cause my gyno will be shoving things up me that don t belong,0
its so common hearin how r u wat r u doing how was ur day so let me ask u something different did u smile today if not do it now gud evng,0
eh ur laptop got no stock lei he say mon muz come again to take a look c got a not,0
call to use ur mins calls cast p min mob vary service provided by aom just gbp month aom box m er until u stop ages only,1
i can t right this second gotta hit people up first,0
no but we found a diff farm shop to buy some cheese on way back now can i call in,0
email bank of granite issues strong buy explosive pick for our members up over nasdaq symbol cdgt that is a money per,1
ding me on ya break fassyole blacko from londn,0
erm woodland avenue somewhere do you get the parish magazine his telephone number will be in there,0
final chance claim ur money worth of discount vouchers today text yes to now savamob member offers mobile t cs savamob pobox m uz money subs,1
yeah i got a list with only u and joanna if i m feeling really anti social,0
forwarded from hi this is your mailbox messaging sms alert you have messages you have matches please call back on to retrieve your messages and matches,1
ummmmmaah many many happy returns of d day my dear sweet heart happy birthday dear,0
thank you and by the way i just lost,0
hey cutie how goes it here in wales its kinda ok there is like hills and shit but i still avent killed myself,0
goodmorning today i am late for lt gt min,0
sppok up ur mob with a halloween collection of nokia logo pic message plus a free eerie tone txt card spook to,1
which is weird because i know i had it at one point,0
wanna get laid nite want real dogging locations sent direct to ur mobile join the uk s largest dogging network txt park to now nyt ec a lp money msg,1
what type of stuff do you sing,0
ur awarded a city break and could win a money summer shopping spree every wk txt store to skilgme tscs winawk age money perwksub,1
what number do u live at is it,0
u have won a nokia plus a free digital camera this is what u get when u win our free auction to take part send nokia to now pobox tcr w,1
no dear i was sleeping p,0
sir hope your day is going smoothly i really hoped i wont have to bother you about this i have some bills that i can t settle this month i am out of all extra cash i know this is a challenging time for you also but i have to let you know,0
havent still waitin as usual come back sch oredi,0
your b u voucher w c is marsms log onto url for discount credit to opt out reply stop customer care call,1
when are you going to ride your bike,0
babe how goes that day what are you up to i miss you already my love loving kiss i hope everything goes well,0
mon okie lor haha best is cheap n gd food la ex oso okie depends on whether wana eat western or chinese food den which u prefer,0
yeah i should be able to i ll text you when i m ready to meet up,0
cold dont be sad dear,0
i havent lei next mon can,0
thanks for looking out for me i really appreciate,0
hows my favourite person today r u workin hard couldn t sleep again last nite nearly rang u at,0
nope since ayo travelled he has forgotten his guy,0
i know but you need to get hotel now i just got my invitation but i had to apologise cali is to sweet for me to come to some english bloke s weddin,0
sorry man accidentally left my phone on silent last night and didn t check it til i got up,0
six chances to win cash from to pounds txt csh and send to cost p day days tsandcs apply reply hl info,1
saw guys and dolls last night with patrick swayze it was great,0
hmm thinking lor,0
don know wait i will check it,0
i felt so not any conveying reason ese he what about me,0
oh k after that placement there ah,0
y where u at dogbreath its just sounding like jan c that s al,0
you sure your neighbors didnt pick it up,0
no polyphonic tone ur mob every week just txt pt to st tone free so get txtin now and tell ur friends p tone reply hl info,1
yes my reg is ciao,0
die i accidentally deleted e msg i suppose put in e sim archive haiz i so sad,0
haha they cant what at the most tmr forfeit haha so how,0
ah poor baby hope urfeeling bettersn luv probthat overdose of work hey go careful spk u sn lots of lovejen xxx,0
i don t run away frm u i walk slowly amp it kills me that u don t care enough to stop me,0
i can t describe how lucky you are that i m actually awake by noon,0
wait min stand at bus stop,0
sms ac sptv the new jersey devils and the detroit red wings play ice hockey correct or incorrect end reply end sptv,1
call me i m unable to cal lets meet bhaskar and deep,0
you could have seen me i did t recognise you face,0
if you ask her or she say any please message,0
this pain couldn t have come at a worse time,0
that s y i said it s bad dat all e gals know u wat u doing now,0
looks like you found something to do other than smoke great job,0
reckon need to be in town by eightish to walk from carpark,0
i d say that s a good sign but well you know my track record at reading women,0
if i start sending blackberry torch to nigeria will you find buyer for me like a month and tell dad not to buy bb from anyone oh,0
urgent please call from landline your abta complimentary tenerife holiday or money cash await collection sae t cs box cw wx ppm,1
i got it before the new year cos yetunde said she wanted to surprise you with it but when i didnt see money i returned it mid january before the lt gt day return period ended,0
happy new year to u and ur family may this new year bring happiness stability and tranquility to ur vibrant colourful life,0
also andros ice etc etc,0
i will see in half an hour,0
what to think no one saying clearly ok leave no need to ask her i will go if she come or not,0
sorry for the delay yes masters,0
but we havent got da topic yet rite,0
tick tick tick where are you i could die of loneliness you know pouts stomps feet i need you,0
we confirm eating at esplanade,0
my battery is low babe,0
you are a money winner or guaranteed caller prize this is our final attempt to contact you to claim call now ppmpobox bhamb xe,1
ela kano il download come wen ur free,0
s flirting now txt girl or bloke ur name age eg girl zoe to to join and get chatting,1
u so lousy run already come back then half dead hee,0
good night my dear sleepwell amp take care,0
think da you wil do,0
hope this text meets you smiling if not then let this text give you a reason to smile have a beautiful day,0
free msg we billed your mobile number by mistake from shortcode please call to have charges refunded this call will be free from a bt landline,1
haha better late than ever any way i could swing by,0
like a personal sized or what,0
why tired what special there you had,0
i have a sore throat it s scratches when i talk,0
jus finish blowing my hair u finish dinner already,0
sunshine quiz wkly q win a top sony dvd player if u know which country liverpool played in mid week txt ansr to money sp tyrone,1
babe have you got enough money to pick up bread and milk and i ll give you it back when you get home,0
urgent we are trying to contact you last weekends draw shows u have won a money prize guaranteed call claim code k valid hrs p pm,1
no calls messages missed calls,0
u attend ur driving lesson how many times a wk n which day,0
well i was about to give up cos they all said no they didn t do one nighters i persevered and found one but it is very cheap so i apologise in advance it is just somewhere to sleep isnt it,0
ello babe u ok,0
mom wants to know where you at,0
omg joanna is freaking me out she s looked thru all my friends to find photos of me and then she s asking about stuff on my myspace which i haven t even logged on in like a year,0
i attended but nothing is there,0
cheers for the message zogtorius i ve been staring at my phone for an age deciding whether to text or not,0
went to ganesh dress shop,0
your daily text from me a favour this time,0
nope thats fine i might have a nap tho,0
it just seems like weird timing that the night that all you and g want is for me to come smoke is the same day as when a shitstorm is attributed to me always coming over and making everyone smoke,0
unfortunately i ve just found out that we have to pick my sister up from the airport that evening so don t think i ll be going out at all we should try to go out one of th,0
then dun wear jeans lor,0
lol well quality aint bad at all so i aint complaining,0
ma head dey swell oh thanks for making my day,0
i dont know ask to my brother nothing problem some thing that just i told,0
let me know if you need anything else salad or desert or something how many beers shall i get,0
ringtone club gr new polys direct to your mobile every week,1
the sign of maturity is not when we start saying big things but actually it is when we start understanding small things have a nice evening bslvyl,0
dear good morning now only i am up,0
rct thnq adrian for u text rgds vatian,1
ugh its been a long day i m exhausted just want to cuddle up and take a nap,0
well i m going to be an aunty,0
at let s go to bill millers,0
in the simpsons movie released in july name the band that died at the start of the film a green day b blue day c red day send a b or c,1
thats cool i liked your photos you are very sexy,0
holy living christ what is taking you so long,0
still at west coast haiz ll take forever to come back,0
havent shopping now lor i juz arrive only,0
k k yesterday i was in cbe,0
urgent please call from landline money cash or a luxury canary islands holiday await collection t cs sae po box m xy ppm,1
idk you keep saying that you re not but since he moved we keep butting heads over freedom vs responsibility and i m tired i have so much other shit to deal with that i m barely keeping myself together once this gets added to it,0
waqt se pehle or naseeb se zyada kisi ko kuch nahi milta zindgi wo nahi he jo hum sochte hai zindgi wo hai jo ham jeetey hai,0
no problem talk to you later,0
detroit the home of snow enjoy it,0
shop till u drop is it you either k k money cash or money travel voucher call now ntt po box cr bt fixedline cost ppm mobile vary,1
wewa is iriver all mb,0
yup ok,0
you have received your mobile content enjoy,1
hi darlin its kate are u up for doin somethin tonight im going to a pub called the swan or something with my parents for one drink so phone me if u can,0
hey there glad u r better now i hear u treated urself to a digi cam is it good we r off at pm have a fab new year c u in coupla wks,0
doc prescribed me morphine cause the other pain meds aren t enough waiting for my mom to bring it that med should kick in fast so i m gonna try to be on later,0
if i said anything wrong sorry de,0
do you ever notice that when you re driving anyone going slower than you is an idiot and everyone driving faster than you is a maniac,1
where are you you said you would be here when i woke,0
both i shoot big loads so get ready,0
do u noe wat time e place dat sells d closes,0
cool text me when you re ready,0
oh howda gud gud mathe en samachara chikku,0
i hate when she does this she turns what should be a fun shopping trip into an annoying day of how everything would look in her house,0
i m gonna say no sorry i would but as normal am starting to panic about time sorry again are you seeing on tuesday,0
aiyar sorry lor forgot tell u,0
k k what are detail you want to transfer acc no enough,0
ok lor,0
will do have a good day,0
yup i m free,0
finally it has happened aftr decades beer is now cheaper than petrol the goverment expects us to drink but don t drive,0
hurry up i ve been weed deficient for like three days,0
have you seen who s back at holby,0
yar lor he wan go c horse racing today mah so eat earlier lor i ate chicken rice u,0
sounds like a plan cardiff is still here and still cold i m sitting on the radiator,0
guess what somebody you know secretly fancies you wanna find out who it is give us a call on from landline datebox essexcm xn p min,1
anything lor is she coming,0
mro i am not coming to gym machan goodnight,0
i ve reached home n i bathe liao u can call me now,0
yup having my lunch buffet now u eat already,0
cps is causing the outages to conserve energy,0
tell me something thats okay,0
tomorrow i am not going to theatre so i can come wherever u call me tell me where and when to come tomorrow,0
hey you can pay with salary de only lt gt,0
you didn t hear it from me,0
i thk shd be ok he said plus minus did leave a line in between paragraphs,0
please call our customer service representative on freephone between am pm as you have won a guaranteed money cash or money prize,1
wherre s my boytoy,0
gal n boy walking in d park gal can i hold ur hand boy y do u think i would run away gal no jst wana c how it feels walking in heaven with an prince gn,0
bored of speed dating try speedchat txt speedchat to if you don t like em txt swap and get a new chatter chat pobox w wq p msg rcd,1
hello my boytoy i made it home and my constant thought is of you my love i hope your having a nice visit but i can t wait till you come home to me kiss,0
maybe westshore or hyde park village the place near my house,0
whats the staff name who is taking class for us,0
win the newest harry potter and the order of the phoenix book reply harry answer questions chance to be the first among readers,1
were trying to find a chinese food place around here,0
cmon babe make me horny turn me on txt me your fantasy now babe im hot sticky and need you now all replies cost money cancel send stop,1
dont forget you can place as many free requests with stchoice co uk as you wish for more information call,1
wat time do u wan meet me later,0
gd luck ur exams,0
private your account statement for xxxxxx shows un redeemed s i m points call identifier code expires,1
i wont do anything de,0
am slow in using biola s fne,0
he s just gonna worry for nothing and he won t give you money its no use,0
i think just yourself thanks and see you tomo,0
ever green quote ever told by jerry in cartoon a person who irritates u always is the one who loves u vry much but fails to express it gud nyt,0
my friend she s studying at warwick we ve planned to go shopping and to concert tmw but it may be canceled havn t seen for ages yeah we should get together sometime,0
as usual iam fine happy amp doing well,0
oh my love it s soooo good to hear from you omg i missed you so much today i m sorry your having problems with the provider but thank you for tming me,0
sorry da thangam it s my mistake,0
today my system sh get ready all is well and i am also in the deep well,0
ya i knw u vl giv its ok thanks kano anyway enjoy wit ur family wit st salary,0
hi i won t b ard christmas but do enjoy n merry x mas,0
great escape i fancy the bridge but needs her lager see you tomo,0
its cool but tyler had to take off so we re gonna buy for him and drop it off at his place later tonight our total order is a quarter you got enough,0
hi neva worry bout da truth coz the truth will lead me ur heart it s the least a unique person like u deserve sleep tight or morning,0
so when you gonna get rimac access,0
i am back bit long cos of accident on a had to divert via wadebridge i had a brilliant weekend thanks speak soon lots of love,0
he says he ll give me a call when his friend s got the money but that he s definitely buying before the end of the week,0
dear voucher holder have your next meal on us use the following link on your pc enjoy a dining experience url,1
what pa tell me i went to bath,0
my exam is for february wish you a great day,0
no nokia tone ur mob every week just txt nok to st tone free so get txtin now and tell ur friends p tone reply hl info,1
its sarcasm nt scarcasim,0
call and send our girls into erotic ecstacy just p min to stop texts call nat rate,1
i m also came to room,0
ok both our days so what are you making for dinner tonite am i invited,0
cuz ibored and don wanna study,0
eat at old airport road but now oredi got a lot of pple,0
can call me at to make sure dat i ve woken up,0
you see the requirements please,0
it doesnt make sense to take it there unless its free if you need to know more wikipedia com,0
hey so this sat are we going for the intro pilates only or the kickboxing too,0
you have won a guaranteed money cash or a money prize to claim yr prize call our customer service representative on between am pm,1
u call me alter at ok,0
url widelive com index wml id ad a first true c c ringtone,1
no screaming means shouting,0
pls what s the full name of joke s school cos fees in university of florida seem to actually be lt gt k pls holla back,0
no wonder cos i dun rem seeing a silver car but i thk i saw a black one,0
i will reach ur home in lt gt minutes,0
tell you what if you make a little spreadsheet and track whose idea it was to smoke to determine who smokes too much for the entire month of february i ll come up,0
hungry gay guys feeling hungry and up it now call just p min to stop texts call p min,1
yar he quite clever but aft many guesses lor he got ask me bring but i thk darren not so willing go aiya they thk leona still not attach wat,0
yetunde i m sorry but moji and i seem too busy to be able to go shopping can you just please find some other way to get what you wanted us to get please forgive me you can reply free via yahoo messenger,0
good no swimsuit allowed,0
i ve got some salt you can rub it in my open wounds if you like,0
do you know where my lab goggles went,0
nice nice how is it working,0
u have a secret admirer who is looking make contact with u find out who they r reveal who thinks ur so special call on stopsms ppm,1
later i guess i needa do mcat study too,0
omg you can make a wedding chapel in frontierville why do they get all the good stuff,0
do u knw dis no lt gt,0
did u see what i posted on your facebook,0
the battery is for mr adewale my uncle aka egbon,0
who s there say hi to our drugdealer,0
you ve won tkts to the euro cup final or money cash to collect call b pobox ppm,1
watching tv now i got new job,0
jane babes not goin wrk feel ill after lst nite foned in already cover me chuck,0
just normal only here,0
urgent this is the nd attempt to contact u u have won money call b t csbcm wc n xx callcost ppmmobilesvary max money,1
no need lar jus testing e phone card dunno network not gd i thk me waiting my sis finish bathing so i can bathe dun disturb u liao u cleaning ur room,0
phony money award todays voda numbers ending xxxx are selected to receive a money award if you have a match please call quoting claim code standard rates app,1
what makes you most happy,0
i taught that ranjith sir called me so only i sms like that becaus hes verifying about project prabu told today so only pa dont mistake me,0
u r a winner u ave been specially selected receive money cash or a holiday flights inc speak to a live operator claim p min,1
tired i haven t slept well the past few nights,0
mmm thats better now i got a roast down me i d b better if i had a few drinks down me good indian,0
convey my regards to him,0
pls send me your address sir,0
to the wonderful okors have a great month we cherish you guys and wish you well each day mojibiola,0
hey i will be really pretty late you want to go for the lesson first i will join you i m only reaching tp mrt,0
yes when is the appt again,0
hey doc pls i want to get nice t shirt for my hubby nice fiting ones my budget is lt gt k help pls i will load d card abi hw keep me posted luv mj,0
is xy in ur car when u picking me up,0
i m still pretty weak today bad day,0
good afternoon my boytoy how goes that walking here and there day did you get that police abstract are you still out and about i wake and miss you babe,0
smsservices for yourinclusive text credits pls goto url login qxj unsubscribe with stop no extra charge help comuk cm ae,1
said kiss kiss i can t do the sound effects he is a gorgeous man isn t he kind of person who needs a smile to brighten his day,0
thk shld b can ya i wana go lessons haha can go for one whole stretch,0
er mw im filled tuth is aight,0
k ill drink pa then what doing i need srs model pls send it to my mail id pa,0
this msg is for your mobile content order it has been resent as previous attempt failed due to network error queries to email,1
valentines day special win over money in our quiz and take your partner on the trip of a lifetime send go to now p msg rcvd custcare,1
i went to ur hon lab but no one is there,0
tbs persolvo been chasing us since sept for money definitely not paying now thanks to your information we will ignore them kath manchester,1
see i knew giving you a break a few times woul lead to you always wanting to miss curfew i was gonna gibe you til one but a midnight movie is not gonna get out til after you need to come home you need to getsleep and if anything you need to b studdying ear training,0
ugh gotta drive back to sd from la my butt is sore,0
lol where do u come up with these ideas,0
height of recycling read twice people spend time for earning money and the same money is spent for spending time good morning keep smiling,0
ok i ll do you right later,0
cool text me when you re parked,0
be sure to check your yahoo email we sent photos yesterday,0
i am hot n horny and willing i live local to you text a reply to hear strt back from me p per msg netcollex ltdhelpdesk reply stop to end,1
hi cts employee how are you,0
not to worry i m sure you ll get it,0
jokin only lar depends on which phone my father can get lor,0
what s a feathery bowa is that something guys have that i don t know about,0
are you there in room,0
sometimes we put walls around our hearts not just to be safe from getting hurt but to find out who cares enough to break the walls amp get closer goodnoon,0
thanks it was only from tescos but quite nice all gone now speak soon,0
nope juz off from work,0
no plm i will come da on the way,0
what r u cooking me for dinner,0
o i played smash bros lt gt religiously,0
so what about you what do you remember,0
txt call to no claim your reward of hours talk time to use from your phone now subscribe gbp mnth inc hrs stop txtstop url,1
u know we watchin at lido,0
i actually did for the first time in a while i went to bed not too long after i spoke with you woke up at how was your night,0
hi hope u get this txt journey hasnt been gd now about mins late i think,0
cheers lou yeah was a goodnite shame u neva came c ya gailxx,0
thats cool i am a gentleman and will treat you with dignity and respect,0
carry on not disturbing both of you,0
i meant middle left or right,0
this is ur face test lt gt select any number i will tell ur face astrology am waiting quick reply,0
sorry i ve not gone to that place i ll do so tomorrow really sorry,0
his bday real is in april,0
do you want a new nokia i colour phone deliveredtomorrow with free minutes to any mobile free texts free camcorder reply or call,1
as i entered my cabin my pa said happy b day boss i felt special she askd me lunch after lunch she invited me to her apartment we went there,0
not much just some textin how bout you,0
prepare to be pleasured,0
gudnite tc practice going on,0
yup,0
can meh thgt some will clash really ah i dun mind i dun seen to have lost any weight gee,0
wat time wan today,0
yup but not studying surfing lor i m in e lazy mode today,0
hi harish s rent has been transfred to ur acnt,0
btw regarding that we should really try to see if anyone else can be our th guy before we commit to a random dude,0
multiply the numbers independently and count decimal points then for the division push the decimal places like i showed you,0
ok anyway no need to change with what you said,0
days to euro kickoff u will be kept informed of all the latest news and results daily unsubscribe send get euro stop to,1
if you can make it any time tonight or whenever you can it s cool just text me whenever you re around,0
desires u going to doctor liver and get a bit stylish get ur hair managed thats it,0
me babe i feel the same lets just get about it both try cheer up not fit soo muchxxlove u locaxx,0
you at mu you should try to figure out how much money everyone has for gas and alcohol jay and i are trying to figure out our weed budget,0
aight sorry i take ten years to shower what s the plan,0
erm ill pick you up at about pm that ll give enough time to get there park and that,0
si como no listened the plaid album quite gd the new air which is hilarious also bought braindance a comp ofstuff on aphex s abel u hav hear it c u sn xxxx,0
will be out of class in a few hours sorry,0
what s ur pin,0
happy birthday may all ur dreams come true,0
lor change suntec wat time u coming,0
your pussy is perfect,0
do u hav any frnd by name ashwini in ur college,0
ok not sure what time tho as not sure if can get to library before class will try see you at some point have good eve,0
it s a taxt massage tie pos argh ok lool,0
marrow only wed at lt gt to aha,0
hiya had a good day have you spoken to since the weekend,0
sounds like something that someone testing me would sayy,0
god picked up a flower and dippeditinadew lovingly touched itwhichturnedinto u and the he gifted tomeandsaid this friend is u,0
ok give me minutes i think i see her btw you re my alibi you were cutting my hair the whole time,0
congratulations ur awarded of cd vouchers or gift guaranteed free entry wkly draw txt music to tncs url,1
yes that will be fine love you be safe,0
customer service annoncement you have a new years delivery waiting for you please call now to arrange delivery,1
yeah don t go to bed i ll be back before midnight,0
i ve been trying to reach him without success,0
did you catch the bus are you frying an egg did you make a tea are you eating your mom s left over dinner do you feel my love,0
its ok called mom instead have fun,0
sweetheart hope you are not having that kind of day have one with loads of reasons to smile biola,0
i know you are thinkin malaria but relax children cant handle malaria she would have been worse and its gastroenteritis if she takes enough to replace her loss her temp will reduce and if you give her malaria meds now she will just vomit its a self limiting illness she has which means in a few days it will completely stop,0
good afternoon my love it was good to see your words on ym and get your tm very smart move my slave smiles i drink my coffee and await you,0
no i m good for the movie is it ok if i leave in an hourish,0
fancy a shag i do interested sextextuk com txt xxuk suzy to txts cost per msg tncs on website x,1
and now electricity just went out fml,0
do all wan meet up n combine all the parts how s da rest of da project going,0
i am great how are you,0
i have had two more letters from i will copy them for you cos one has a message for you speak soon,0
hi im having the most relaxing time ever we have to get up at am every day was the party good the other night i get home tomorrow at ish,0
waiting in e car my mum lor u leh reach home already,0
ok then u tell me wat time u coming later lor,0
u still going to the mall,0
i think your mentor is but not percent sure,0
rodger burns msg we tried to call you re your reply to our sms for a free nokia mobile free camcorder please call now for delivery tomorrow,1
haha hope can hear the receipt sound gd luck,0
free video camera phones with half price line rental for mths and cross ntwk mins txts call mobileupd or call optout,1
you got called a tool,0
urgh coach hot smells of chip fat thanks again especially for the duvet not a predictive text word,0
sexy singles are waiting for you text your age followed by your gender as wither m or f e g f for gay men text your age followed by a g e g g,1
science tells that chocolate will melt under the sunlight please don t walk under the sunlight bcoz i don t want to loss a sweet friend,0
good afternon my love how are today i hope your good and maybe have some interviews i wake and miss you babe a passionate kiss from across the sea,0
themob hit the link to get a premium pink panther game the new no from sugababes a crazy zebra animation or a badass hoody wallpaper all free,1
happy new year princess,0
hey you told your name to gautham ah,0
i tot u reach liao he said t shirt,0
yeah you should i think you can use your gt atm now to register not sure but if there s anyway i can help let me know but when you do be sure you are ready,0
yep i do like the pink furniture tho,0
yo you at jp and hungry like a mofo,0
no worries hope photo shoot went well have a spiffing fun at workage,0
studying but i ll be free next weekend,0
hello how r u im bored inever thought id get bored with the tv but i am tell me something exciting has happened there anything,0
so are you guys asking that i get that slippers again or its gone with last year,0
dating i have had two of these only started after i sent a text to talk sport radio last week any connection do you think or coincidence,1
me too baby i promise to treat you well i bet you will take good care of me,0
nothing i got msg frm tht unknown no,0
super da good replacement for murali,0
is fujitsu s series lifebook good,0
hmm dunno leh mayb a bag goigng out dat is not too small or jus anything except perfume smth dat i can keep,0
pick you up bout ish what time are and that going,0
come to me slave your doing it again going into your shell and unconsciously avoiding me you are making me unhappy,0
just glad to be talking to you,0
carlos says he ll be at mu in lt gt minutes,0
come aftr lt decimal gt now i m cleaning the house,0
v ma fan,0
hey babe far spun out spk at da mo dead da wrld been sleeping on da sofa all day had a cool nytho tx fonin hon call mwen im bk frmcloud j x,0
yar lor wait my mum finish sch then have lunch lor i whole morning stay at home clean my room now my room quite clean hee,0
its ur luck to love someone its ur fortune to love the one who loves u but its a miracle to love a person who can t love anyone except u gud nyt,0
alrite jod hows the revision goin keris bin doin a smidgin n e way u wanna cum over after college xx,0
no he didn t spring is coming early yay,0
o shore are you takin the bus,0
hmph go head big baller,0
garbage bags eggs jam bread hannaford wheat chex,0
hi happy new year i dont mean to intrude but can you pls let me know how much tuition you paid last semester and how much this semester is thanks,0
hi da how is the todays class,0
u can win money of music gift vouchers every week starting now txt the word draw to tscs url skillgame winaweek age ppermesssubscription,1
this is the nd time we have tried contact u u have won the money pound prize claim is easy call now only p per minute bt national rate,1
what today sunday sunday is holiday so no work,0
i wonder if you ll get this text,0
how dare you stupid i wont tell anything to you hear after i wont talk to you,0
give me some time to walk there,0
k fyi i m back in my parents place in south tampa so i might need to do the deal somewhere else,0
hope you are not scared,0
i m very happy for you babe woo hoo party on dude,0
how are you i miss you,0
aathi where are you dear,0
and don t worry we ll have finished by march ish,0
k k congratulation,0
yeah probably but not sure ilol let u know but personally i wuldnt bother then again if ur goin to then i mite as well,0
hey whats up u sleeping all morning,0
hey are you angry with me reply me dr,0
mm that time you dont like fun,0
r u saying i should re order the slippers cos i had to pay for returning it,0
don know he is watching film in computer,0
ow u dey i paid thousad i told u would call,0
no shit but i wasn t that surprised so i went and spent the evening with that french guy i met in town here and we fooled around a bit but i didn t let him fuck me,0
i want to tell you how bad i feel that basically the only times i text you lately are when i need drugs,0
i realise you are a busy guy and i m trying not to be a bother i have to get some exams outta the way and then try the cars do have a gr day,0
ugh y can t u just apologize admit u were wrong and ask me to take u back,0
nothing smsing u n xy lor sorry lor da guys neva c u in person but they sort of know u lor so u wan meet them xy ask me bring u along our next meeting,0
have you heard about that job i m going to that wildlife talk again tonight if u want come its that worzels and a wizzle or whatever it is,0
enjoy the jamster videosound gold club with your credits for new videosounds logos musicnews get more fun from jamster co uk only help call,1
i love working from home,0
tone club your subs has now expired re sub reply monoc monos or polyc polys weekly p per week txt stop stop this msg free stream,1
dhoni have luck to win some big title so we will win,0
that s the thing with apes u can fight to the death to keep something but the minute they have it when u let go thats it,0
wen ur lovable bcums angry wid u dnt take it seriously coz being angry is d most childish n true way of showing deep affection care n luv kettoda manda have nice day da,0
perhaps is much easy give your account identification so i will tomorrow at uni,0
oh right ok i ll make sure that i do loads of work during the day got a really nasty cough today and is dry n shot so that should really help it,0
we not leaving yet ok lor then we go elsewhere n eat u thk,0
wanna do some art d,0
hello how u doing what u been up when will u b moving out of the flat cos i will need to arrange to pick up the lamp etc take care hello caroline,0
yes we are chatting too,0
fyi i m taking a quick shower be at epsilon in like lt gt min,0
lol you won t feel bad when i use her money to take you out to a steak dinner d,0
hey there babe how u doin wot u up nite love annie x,0
i can t make it tonight,0
did u turn on the heater the heater was on and set to lt gt degrees,0
dont hesitate you know this is the second time she has had weakness like that so keep i notebook of what she eat and did the day before or if anything changed the day before so that we can be sure its nothing,0
going thru a very different feeling wavering decisions and coping up with the same is the same individual time will heal everything i believe,0
i enjoy watching and playing football and basketball anything outdoors and you,0
are you still getting the goods,0
how are you babes hope your doing ok i had a shit nights sleep i fell asleep at i m knackered and i m dreading work tonight what are thou upto tonight x,0
i like cheap but i m happy to splash out on the wine if it makes you feel better,0
well done blimey exercise yeah i kinda remember wot that is hmm,0
friendship poem dear o dear u r not near but i can hear dont get fear live with cheer no more tear u r always my dear gud ni,0
does uncle timi help in clearing cars,0
gud gud k chikku tke care sleep well gud nyt,0
babe i m answering you can t you see me maybe you d better reboot ym i got the photo it s great,0
what are youdoing later sar xxx,0
thanks for your ringtone order reference t you will be charged gbp per week you can unsubscribe at anytime by calling customer services on,1
so what did the bank say about the money,0
hope you are having a great new semester do wish you the very best you are made for greatness,0
gam gone after outstanding innings,0
great i m in church now will holla when i get out,0
that s fine have him give me a call if he knows what he wants or has any questions,0
s i will take mokka players only,0
i m not she lip synced with shangela,0
what s happening with you have you gotten a job and have you begun registration for permanent residency,0
tap spile at seven is that pub on gas st off broad st by canal ok,0
yep by the pretty sculpture,0
sms auction you have won a nokia i this is what you get when you win our free auction to take part send nokia to now hg suite lands row w jhl,1
how s ur paper,0
yeah right i ll bring my tape measure fri,0
of cos can lar i m not so ba dao ok pm lor y u never ask where we go ah i said u would ask on fri but he said u will ask today,0
i do know what u mean is the king of not havin credit i m goin bed now night night sweet only more sleep,0
i got your back do you have any dislikes in bed,0
so many people seems to be special at first sight but only very few will remain special to you till your last sight maintain them till life ends sh jas,0
but my family not responding for anything now am in room not went to home for diwali but no one called me and why not coming it makes me feel like died,0
hello my little party animal i just thought i d buzz you as you were with your friends grins reminding you were loved and send a naughty adoring kiss,0
yes they replied my mail i m going to the management office later plus will in to bank later also or on wednesday,0
take care and sleep well you need to learn to change in life you only need to get convinced on that i will wait but no more conversations between us get convinced by that time your family is over for you in many senses respect them but not overemphasise or u have no role in my life,0
a pure hearted person can have a wonderful smile that makes even his her enemies to feel guilty for being an enemy so catch the world with your smile goodmorning amp have a smiley sunday,0
hey i ve booked the pilates and yoga lesson already haha,0
i dont know why she s not getting your messages,0
yup leaving right now be back soon,0
good afternoon sunshine how dawns that day are we refreshed and happy to be alive do we breathe in the air and smile i think of you my love as always,0
it vl bcum more difficult,0
no i don t have cancer moms making a big deal out of a regular checkup aka pap smear,0
i can do that i want to please you both inside and outside the bedroom,0
aight you close by or still down around alex s place,0
going for dinner msg you after,0
dear got bus directly to calicut,0
do noe if ben is going,0
sorry im stil fucked after last nite went tobed at got up work at,0
only saturday and sunday holiday so its very difficult,0
did you stitch his trouser,0
i ve reached home finally,0
i wonder how you got online my love had you gone to the net cafe did you get your phone recharged were you on a friends net i think of you boytoy,0
in xam hall boy asked girl tell me the starting term for dis answer i can den manage on my own after lot of hesitation n lookin around silently she said the intha ponnungale ipaditan,0
still got lessons in sch,0
thts wat wright brother did to fly,0
dai i downloaded but there is only exe file which i can only run that exe after installing,0
i m thinking that chennai forgot to come for auction,0
well there s still a bit left if you guys want to tonight,0
free top ringtone sub to weekly ringtone get st week free send subpoly to per week stop sms,1
ard like dat lor we juz meet in mrt station then dun haf to come out,0
if india win or level series means this is record,0
anyway seriously hit me up when you re back because otherwise i have to light up with armand and he always has shit and or is vomiting,0
what should i eat fo lunch senor,0
send me the new number,0
sorry man my account s dry or i would if you want we could trade back half or i could buy some shit with my credit card,0
quite late lar ard anyway i wun b drivin,0
i am at a party with alex nichols,0
easy ah sen got selected means its good,0
your dad is back in ph,0
k k how about your training process,0
oh that was a forwarded message i thought you send that to me,0
oh did you charge camera,0
keep my payasam there if rinu brings,0
from tomorrow onwards eve to work,0
then u going ikea str aft dat,0
are u awake is there snow there,0
nope wif my sis lor aft bathing my dog then i can bathe looks like it s going rain soon,0
i pocked you up there before,0
customer service announcement we recently tried to make a delivery to you but were unable to do so please call to re schedule ref,1
for ur chance to win a money cash every wk txt action to t s c s url custcare x p wk,1
that seems unnecessarily affectionate,0
a swt thought nver get tired of doing little things lovable persons coz somtimes those little things occupy d biggest part in their hearts gud ni,0
watever relation u built up in dis world only thing which remains atlast iz lonlines with lotz n lot memories feeling,0
free game get rayman golf free from the o games arcade st get ur games settings reply post then save activ press key for arcade termsapply,1
hey mate hows u honey did u ave good holiday gimmi de goss x,0
hello yeah i ve just got out of the bath and need to do my hair so i ll come up when i m done yeah,0
loosu go to hospital de dont let it careless,0
apo all other are mokka players only,0
dear hero i am leaving to qatar tonite for an apt opportunity pls do keep in touch at lt email gt kerala,0
good afternoon loverboy how goes you day any luck come your way i think of you sweetie and send my love across the sea to make you smile and happy,0
its worse if if uses half way then stops its better for him to complete it,0
important message this is a final contact attempt you have important messages waiting out our customer claims dept expires call now,1
cbe is really good nowadays lot of shop and showrooms city is shaping good,0
and how you will do that princess,0
you want to go,0
it certainly puts things into perspective when something like this happens,0
hey no i ad a crap nite was borin without ya boggy with me u boring biatch thanx but u wait til nxt time il ave ya,0
haha i heard that text me when you re around,0
i dun thk i ll quit yet hmmm can go jazz yogasana oso can we can go meet em after our lessons den,0
urgent this is the nd attempt to contact u u have won money call b t csbcm wc n xx callcost ppm mobilesvary max money,1
now project pa after that only i can come,0
nice line said by a broken heart plz don t cum more times infront of me other wise once again i ll trust u good t,0
so i asked how s anthony dad and your bf,0
k k how much does it cost,0
there bold lt gt is that yours,0
then any special there,0
it s ok lar u sleep early too nite,0
where r we meeting,0
well done your costa del sol holiday or money await collection call now toclaim sae tcs pobox stockport sk xh cost money pm max mins,1
hey morning what you come to ask pa,0
how s things just a quick question,0
i ll reach in ard mins ok,0
uncle g just checking up on you do have a rewarding month,0
ok i also wan watch e pm show,0
hi elaine is today s meeting confirmed,0
happy new year hope you are having a good semester,0
wat time finish,0
honey sweetheart darling sexy buns sugar plum loverboy i miss you boytoy smacks your ass did you go to the gym too,0
well thats nice too bad i cant eat it,0
got fujitsu ibm hp toshiba got a lot of model how to say,0
yar i wanted scold u yest but late already i where got zhong se qing you if u ask me b he ask me then i ll go out w u all lor n u still can act so real,0
there is os called ubandu which will run without installing in hard disk you can use that os to copy the important files in system and give it to repair shop,0
alright babe justthought i d sayhey how u doin nearly the endof me wk offdam nevamind we will have hook up sn if uwant m lovejen x,0
wishing you a wonderful week,0
i have lost kilos as of today,0
gud ni swt drms take care,0
nope think i will go for it on monday sorry i replied so late,0
no other valentines huh the proof is on your fb page ugh i m so glad i really didn t watch your rupaul show you tool,0
sorry i cant take your call right now it so happens that there r waxsto do wat you want she can come and ill get her medical insurance and she ll be able to deliver and have basic care i m currently shopping for the right medical insurance for her so just give me til friday morning thats when i ll see the major person that can guide me to the right insurance,0
nah can t help you there i ve never had an iphone,0
oh then your phone phoned me but it disconnected,0
dear dave this is your final notice to collect your tenerife holiday or cash award call from landline tcs sae box cw wx ppm,1
hope you are having a great day,0
aiyar hard type u later free then tell me then i call n scold n tell u,0
my planning usually stops at find hella weed smoke hella weed,0
are you at work right now,0
i m back lemme know when you re ready,0
do you know when dad will be back,0
i m job profile seems like bpo,0
how much for an eighth,0
wiskey brandy rum gin beer vodka scotch shampain wine kudi yarasu dhina vaazhthukkal,0
oh dang i didn t mean o send that to you lol,0
freemsg hi baby wow just got a new cam moby wanna c a hot pic or fancy a chat im w in utxt rply chat to hlp msg p rcv,1
ok i feel like john lennon,0
yeah that d pretty much be the best case scenario,0
urgent your mobile no was awarded a money bonus caller prize on this is our nd attempt to contact you call box qu bt national rate,1
she s borderline but yeah whatever,0
urgent your mobile no was awarded money bonus caller prize on this is our final try to contact u call from landline box wr c ppm,1
freemsg hey there darling it s been week s now and no word back i d like some fun you up for it still tb ok xxx std chgs to send money to rcv,1
very strange and are watching the nd one now but i m in bed sweet dreams miss u,0
congrats treat pending i am not on mail for days will mail once thru respect mother at home check mails,0
just curious because my cuz asked what i was up to,0
comin to fetch us oredi,0
today am going to college so am not able to atten the class,0
hello baby did you get back to your mom s are you setting up the computer now filling your belly how goes it loverboy i miss you already sighs,0
i ll pick you up at about pm to go to taunton if you still want to come,0
spjanuary male sale hot gay chat now cheaper call national rate from p min cheap to p min peak to stop texts call p min,1
haha i think i did too,0
each moment in a day has its own value morning brings hope afternoon brings faith evening brings luv night brings rest wish u find them all today good morning,0
lol i knew that i saw him in the dollar store,0
you flippin your shit yet,0
going to take your babe out,0
omg if its not one thing its another my cat has worms when does this bad day end,0
ya told she was asking wats matter,0
i think we re going to finn s now come,0
crazy ar he s married like gd looking guys not me my frens like say he s korean leona s fave but i dun thk he is aft some thinking mayb most prob i ll go,0
thank you so much when we skyped wit kz and sura we didnt get the pleasure of your company hope you are good we ve given you ultimatum oh we are countin down to aburo enjoy this is the message i sent days ago,0
no idea i guess we ll work that out an hour after we re supposed to leave since as usual nobody has any interest in figuring shit out before the last second,0
i would but i m still cozy and exhausted from last night nobody went to school or work everything is closed,0
just looked it up and addie goes back monday sucks to be her,0
dude im no longer a pisces im an aquarius now,0
just nw i came to hme da,0
the guy kadeem hasn t been selling since the break i know one other guy but he s paranoid as fuck and doesn t like selling without me there and i can t be up there til late tonight,0
sent me de webadres for geting salary slip,0
reading gud habit nan bari hudgi yorge pataistha ertini kano,0
she left it very vague she just said she would inform the person in accounting about the delayed rent and that i should discuss with the housing agency about my renting another place but checking online now and all places around usc are lt gt and up,0
no shoot me i m in the docs waiting room,0
honey boo i m missing u,0
love you aathi love u lot,0
my birthday is on feb lt gt da,0
have a nice day my dear,0
no i meant the calculation is the same that lt gt units at lt gt this school is really expensive have you started practicing your accent because its important and have you decided if you are doing years of dental school or if you ll just do the nmde exam,0
it means u could not keep ur words,0
what s the significance,0
solve d case a man was found murdered on lt decimal gt lt gt afternoon his wife called police police questioned everyone wife sir i was sleeping when the murder took place cook i was cooking gardener i was picking vegetables house maid i went d post office children we went play neighbour we went a marriage police arrested d murderer immediately who s it reply with reason if u r brilliant,0
sir i have been late in paying rent for the past few months and had to pay a money lt gt charge i felt it would be inconsiderate of me to nag about something you give at great cost to yourself and that s why i didnt speak up i however am in a recession and wont be able to pay the charge this month hence my askin well ahead of month s end can you please help thanks,0
getting tickets walsall tue th march my mate is getting me them on sat ill pay my treat want go txt bak terry,0
yes princess i want to catch you with my big strong hands,0
ou are guaranteed the latest nokia phone a gb ipod mp player or a money prize txt word collect to no ibhltd ldnw h p mtmsgrcvd,1
hey what s up charles sorry about the late reply,0
i think steyn surely get one wicket,0
collect your valentine s weekend to paris inc flight hotel money prize guaranteed text paris to no url,1
yeah imma come over cause jay wants to do some drugs,0
gr poly tones all mobs direct u rply with poly title to eg poly breathe titles crazyin sleepingwith finest ymca getzed co uk pobox o w wq p,1
now i m going for lunch,0
wait lt gt min,0
huh so early then having dinner outside izzit,0
so u workin overtime nigpun,0
thank you so much when we skyped wit kz and sura we didnt get the pleasure of your company hope you are good we ve given you ultimatum oh we are countin down to aburo enjoy,0
dude got a haircut now its breezy up there,0
okay we wait ah,0
i want some cock my hubby s away i need a real man satisfy me txt wife to for no strings action txt stop end txt rec money ea otbox la ws,1
its too late but its k wish you the same,0
k and you re sure i don t have to have consent forms to do it v,0
this is my number by vivek,0
don t fret i ll buy the ovulation test strips and send them to you you wont get them til like march can you send me your postal address u ll be alright okay,0
oops am at my mum s in somerset bit far back tomo see you soon x,0
k wen ur free come to my home and also tel vikky i hav sent mail to him also better come evening il be free today aftr pm,0
is that what time you want me to come,0
we tried to contact you re our offer of new video phone anytime any network mins half price rental camcorder call or reply for delivery wed,1
k sure am in my relatives home sms me de pls,0
if you are not coughing then its nothing,0
you tell what happen dont behave like this to me ok no need to say,0
i know that my friend already told that,0
its lt gt k here oh should i send home for sale,0
as a registered optin subscriber ur draw money gift voucher will be entered on receipt of a correct ans to whats no in the bbc charts,1
i ll hand her my phone to chat wit u,0
ur cash balance is currently pounds to maximize ur cash in now send go to only p msg cc po box tcr w,1
pass dis to all ur contacts n see wat u get red i m in luv wid u blue u put a smile on my face purple u r realy hot pink u r so swt orange i thnk i lyk u green i realy wana go out wid u yelow i wnt u bck black i m jealous of u brown i miss you nw plz giv me one color,0
that s a shame maybe cld meet for few hrs tomo,0
is that on the telly no its brdget jones,0
that s cool he ll be here all night lemme know when you re around,0
theoretically yeah he could be able to come,0
i will be gentle baby soon you will be taking all lt gt inches deep inside your tight pussy,0
oh god i am happy to see your message after days,0
not tonight mate catching up on some sleep this is my new number by the way,0
lol i know hey someone did a great inpersonation of flea on the forums i love it,0
they released another italian one today and it has a cosign option,0
hi where are you we re at and they re not keen to go out i kind of am but feel i shouldn t so can we go out tomo don t mind do you,0
tell me whos this pls,0
mm you ask him to come its enough,0
ok i msg u b i leave my house,0
some are lasting as much as hours you might get lucky,0
k k how is your sister kids,0
yup how noe leh,0
yunny i m goin to be late,0
dunno da next show aft is toa payoh got,0
ambrith madurai met u in arun dha marrge remembr,0
our ride equally uneventful not too many of those pesky cyclists around at that time of night,0
mm so you asked me not to call radio,0
dude u knw also telugu thts gud k gud nyt,0
s fine anytime all the best with it,0
oh lk tt den we take e one tt ends at cine lor dun wan yogasana oso can,0
hello we need some posh birds and chaps to user trial prods for champneys can i put you down i need your address and dob asap ta r,1
i am in tirupur call you da,0
does not operate after lt gt or what,0
freemsg txt call to no claim your reward of hours talk time to use from your phone now subscribe gbp mnth inc hrs stop txtstop,1
boo how s things i m back at home and a little bored already,0
awesome i remember the last time we got somebody high for the first time with diesel v,0
dis is yijue i jus saw ur mail in case huiming havent sent u my num dis is my num,0
hhahhaahahah rofl wtf nig was leonardo in your room or something,0
maybe you should find something else to do instead,0
what is your record for one night,0
are you plans with your family set in stone,0
interflora it s not too late to order interflora flowers for christmas call to place your order before midnight tomorrow,1
as in missionary hook up doggy hook up standing,0
urgent call from landline your complimentary ibiza holiday or money cash await collection sae t cs po box sk wp ppm,1
wait that s still not all that clear were you not sure about me being sarcastic or that that s why x doesn t want to live with us,0
how many licks does it take to get to the center of a tootsie pop,0
you know there is i shall speak to you in lt gt minutes then,0
sometimes heart remembrs someone very much forgets someone soon bcoz heart will not like everyone but liked ones will be remembered everytime bslvyl,0
see you there,0
nope i m not drivin i neva develop da photos lei,0
k i m ready lt gt,0
lol please do actually send a pic of yourself right now i wanna see pose with a comb and hair dryer or something,0
will have two more cartons off u and is very pleased with shelves,0
nooooooo i m gonna be bored to death all day cable and internet outage,0
oh god i m gonna google nearby cliffs now,0
can u look me in da lib i got stuff havent finish yet,0
whatever im pretty pissed off,0
no but the bluray player can,0
oh rite well im with my best mate pete who i went out with a week now were geva again its been longer than a week,0
no b thursday,0
set a place for me in your heart and not in your mind as the mind easily forgets but the heart will always remember wish you happy valentines day,0
only send me the contents page,0
or go buy wif him then i meet later can,0
k i yan jiu liao sat we can go bugis vill one frm to den hop to parco nb sun can go cine frm to den hop to orc mrt hip hop at,0
its ok come to my home it vl nice to meet and v can chat,0
oh ic i thought you meant mary jane,0
i donno if they are scorable,0
christmas is an occasion that is celebrated as a reflection of ur values desires affections amp traditions have an ideal christmas,0
you are a winner you have been specially selected to receive money cash or a money award speak to a live operator to claim call am pm cost p,1
oh i was thkin of goin yogasana at den no nd to go at den can rush to parco nb okie lor u call me when ready,0
except theres a chick with huge boobs,0
hey check it da i have listed da,0
wa u so efficient gee thanx,0
can i m free,0
how much would it cost to hire a hitman,0
ha u jus ate honey ar so sweet,0
hey babe sorry i didn t get sooner gary can come and fix it cause he thinks he knows what it is but he doesn t go as far a ptbo and he says it will cost lt gt bucks i don t know if it might be cheaper to find someone there we don t have any second hand machines at all right now let me know what you want to do babe,0
i come n pick up come out immediately aft ur lesson,0
sure but make sure he knows we ain t smokin yet,0
yes but i dont care i need you bad princess,0
yes but i don t care cause i know its there,0
today is accept day u accept me as brother sister lover dear best clos lvblefrnd jstfrnd cutefrnd lifpartnr belovd swtheart bstfrnd no rply means enemy,0
yeah i ll leave in a couple minutes amp let you know when i get to mu,0
i went to project centre,0
u wake up already wat u doing u picking us up later rite i m taking sq reaching ard smth like dat u can check e arrival time c ya soon,0
hey do you want anything to buy,0
urgent your mobile no was awarded a money bonus caller prize on this is our nd attempt to contact you call box qu,1
you made my day do have a great day too,0
yeah there s quite a bit left i ll swing by tomorrow when i get up,0
dunno leh cant remember mayb lor so wat time r we meeting tmr,0
k can i pick up another th when you re done,0
just finished eating got u a plate not leftovers this time,0
host based idps for linux systems,0
yunny i m walking in citylink now faster come down me very hungry,0
thanx u darlin im cool thanx a few bday drinks nite morrow off take care c u soon xxx,0
oh mr sheffield you wanna play that game okay you re the boss and i m the nanny you give me a raise and i ll give you one,0
get ready to moan and scream,0
i not free today i haf pick my parents up tonite,0
and picking them up from various points,0
no problem we will be spending a lot of quality time together,0
we ll you pay over like lt gt yrs so its not too difficult,0
block breaker now comes in deluxe format with new features and great graphics from t mobile buy for just money by replying get bbdeluxe and take the challenge,1
captain vijaykanth is doing comedy in captain tv he is drunken,0
i might go sch yar at e salon now v boring,0
anything lar then not going home dinner,0
babe u want me dont u baby im nasty and have a thing filthyguys fancy a rude time with a sexy bitch how about we go slo n hard txt xxx slo msgs,1
hui xin is in da lib,0
not yet chikku going to room nw i m in bus,0
dad went out oredi,0
will it help if we propose going back again tomorrow,0
are you willing to go for apps class,0
am watching house very entertaining am getting the whole hugh laurie thing even with the stick indeed especially with the stick,0
ujhhhhhhh computer shipped out with address to sandiago and parantella lane wtf poop,0
well i will watch shrek in d b,0
hello no news on job they are making me wait a fifth week yeah im up for some woozles and weasels in exeter still but be home about,0
private your account statement for shows unredeemed bonus points to claim call identifier code expires,1
i can t believe how attached i am to seeing you every day i know you will do the best you can to get to me babe i will go to teach my class at your midnight,0
mum i ve sent you many many messages since i got here i just want to know that you are actually getting them do enjoy the rest of your day,0
anything lor but toa payoh got place walk meh,0
purity of friendship between two is not about smiling after reading the forwarded message its about smiling just by seeing the name gud evng,0
so your telling me i coulda been your real valentine and i wasn t u never pick me for nothing,0
hi can i please get a lt gt dollar loan from you i ll pay you back by mid february pls,0
whatsup there dont u want to sleep,0
mean it s confirmed i tot they juz say oni ok then,0
you ve won your costa del sol holiday or money await collection call now toclaim sae tc s pobox stockport sk xh cost money pm max mins,1
k wat s tht incident,0
sorry light turned green i meant another friend wanted lt gt worth but he may not be around,0
tell me again what your address is,0
finished class where are you,0
get your garden ready for summer with a free selection of summer bulbs and seeds worth money only with the scotsman this saturday to stop go notxt co uk,1
boy i love u grl hogolo boy gold chain kodstini grl agalla boy necklace madstini grl agalla boy hogli mutai eerulli kodthini grl i love u kano,0
we tried to contact you re your reply to our offer of a video phone anytime any network mins half price line rental camcorder reply or call,1
those were my exact intentions,0
dear voucher holder to claim this weeks offer at you pc please go to url ts cs apply to stop texts txt stop to,1
i ll let you know when it kicks in,0
deep sigh i miss you i am really surprised you haven t gone to the net cafe yet to get to me don t you miss me,0
shopping eh ger i toking abt syd leh haha,0
for sale arsenal dartboard good condition but no doubles or trebles,1
now get step outta the way congrats again,0
im gonna miss u so much,0
were gonna go get some tacos,0
but i dint slept in afternoon,0
u still painting ur wall,0
lovely smell on this bus and it ain t tobacco,0
hmmm guess we can go kb n power yoga haha dunno we can tahan power yoga anot thk got lo oso forgot liao,0
yeah that s the impression i got,0
aldrine rakhesh ex rtm here pls call urgent,0
todays voda numbers ending are selected to receive a money award if you have a match please call quoting claim code standard rates app,1
aiyo cos i sms then neva reply so i wait to reply lar i tot havent finish ur lab wat,0
in fact when do you leave i think addie goes back to school tues or wed,0
i dont can you send it to me plus how s mode,0
as per your request maangalyam alaipayuthe has been set as your callertune for all callers press to copy your friends callertune,0
ok then r we meeting later,0
but i have to i like to have love and arrange,0
moby pub quiz win a money high street prize if u know who the new duchess of cornwall will be txt her first name to unsub stop money sp,1
my sister got placed in birla soft da,0
i ll be at mu in like lt gt seconds,0
at the funeral home with audrey and dad,0
i m in a movie call me wat,0
i cant talk to you now i will call when i can dont keep calling,0
hello damn this christmas thing i think i have decided to keep this mp that doesnt work,0
last chance claim ur money worth of discount vouchers today text shop to now savamob offers mobile t cs savamob pobox m uz money sub,1
free nokia or motorola with upto mths price linerental free x net mins txt mth free b tooth call mobileupd on or call optout d wv,1
well done and luv ya all,0
hey we can go jazz power yoga hip hop kb and yogasana,0
what happen to her tell the truth,0
fwiw the reason i m only around when it s time to smoke is that because of gas i can only afford to be around when someone tells me to be and that apparently only happens when somebody wants to light up,0
match started india lt gt for,0
what happen dear why you silent i am tensed,0
rightio it is then well arent we all up bright and early this morning,0
ok finishing soon,0
happened here while you were adventuring,0
can you plz tell me the ans bslvyl sent via fullonsms com,0
i see the letter b on my car,0
can i please come up now imin town dontmatter if urgoin outl r just reallyneed docd please dontplease dontignore mycalls u no thecd isv important tome moro,0
would u fuckin believe it they didnt know i had thurs pre booked off so they re cancelled me again that needs to b sacked,0
does she usually take fifteen fucking minutes to respond to a yes or no question,0
anything lar,0
just woke up yeesh its late but i didn t fall asleep til lt gt am,0
nah it s straight if you can just bring bud or drinks or something that s actually a little more useful than straight cash,0
i did one slice and one breadstick lol,0
come back to tampa ffffuuuuuuu,0
mm not entirely sure i understood that text but hey ho which weekend,0
its good to hear from you,0
you have been specially selected to receive a pound award call before the lines close cost ppm t cs apply ag promo,1
nah im goin the wrks with j wot bout u,0
free message activate your free text messages by replying to this message with the word free for terms conditions visit url,1
sounds like there could be a lot of time spent in that chastity device boy grins or take your beatings like a good dog going to lounge in a nice long bath now,0
come to mu we re sorting out our narcotics situation,0
babe i m back come back to me,0
the whole car appreciated the last two dad and are having a map reading semi argument but apart from that things are going ok p,0
also remember to get dobby s bowl from your car,0
you will be receiving this week s triple echo ringtone shortly enjoy it,1
house maid is the murderer coz the man was murdered on lt gt th january as public holiday all govt instituitions are closed including post office,0
aww you must be nearly dead well jez iscoming over todo some workand that whilltake forever,0
i wanna watch that movie,0
havent stuck at orchard in my dad s car going dinner now u leh so r they free tonight,0
free day sexy st george s day pic of jordan txt pic to dont miss out then every wk a saucy celeb more pics c pocketbabe co uk money wk,1
our dating service has been asked contact u by someone shy call now all will be revealed pobox m uz p,1
call me da i am waiting for your call,0
lmao you know me so well,0
done it but internet connection v slow and can t send it will try again later or first thing tomo,0
anyway many good evenings to u s,0
me sef dey laugh you meanwhile how s my darling anjie,0
not that i know of most people up here are still out of town,0
k give me a sec breaking a lt gt at cstore,0
actually nvm got hella cash we still on for lt gt ish,0
mm have some kanji dont eat anything heavy ok,0
yup thk of u oso boring wat,0
all the lastest from stereophonics marley dizzee racal libertines and the strokes win nookii games with flirt click themob wap bookmark or text wap to,1
tonight yeah i d be down for that,0
ok i found dis pierre cardin one which looks normal costs its on sale,0
urgent ur awarded a complimentary trip to eurodisinc trav aco entry or money to claim txt dis to money morefrmmob shracomorsglsuplt ls aj,1
is ur changes da report big cos i ve already made changes da previous report,0
i will come to ur home now,0
can not use foreign stamps in this country,0
well i meant as opposed to my drunken night of before,0
jesus christ bitch i m trying to give you drugs answer your fucking phone,0
then we gotta do it after that,0
tunji how s the queen how are you doing this is just wishing you a great day abiola,0
s now only i took tablets reaction morning only,0
how u doin baby girl hope u are okay every time i call ure phone is off i miss u get in touch,0
i m gonna rip out my uterus,0
hey chief can you give me a bell when you get this need to talk to you about this royal visit on the st june,0
call listen to extreme dirty live chat going on in the office right now total privacy no one knows your sic listening p min mp,1
the guy did some bitching but i acted like i d be interested in buying something else next week and he gave it to us for free,0
how much i gave to you morning,0
neva mind it s ok,0
and i don t plan on staying the night but i prolly won t be back til late,0
she went to attend another two rounds today but still did t reach home,0
you are guaranteed the latests nokia phone a gb ipod mp player or a money prize txt word collect to no tc llc ny usa p mt msgrcvd,1
ok lor then we go tog lor,0
show ur colours euro offer get an england flag lions tone on ur phone click on the following service message for info,1
sounds great are you home now,0
someone has conacted our dating service and entered your phone because they fancy you to find out who it is call from landline pobox n tf,1
badrith is only for chennai i will surely pick for us no competition for him,0
if i let you do this i want you in the house by am,0
the table s occupied i m waiting by the tree,0
can you do a mag meeting this avo at some point,0
i take it the post has come then you must have s of texts now happy reading my one from wiv hello caroline at the end is my favourite bless him,0
wat r u doing,0
do you mind if i ask what happened you dont have to say if it is uncomfortable,0
sorry man my stash ran dry last night and i can t pick up more until sunday,0
i thought i d get him a watch just cos thats the kind of thing u get an th and he loves so much,0
why de you looking good only,0
sir waiting for your letter,0
sorry i now then c ur msg yar lor so poor thing but only one night tmr u ll have a brand new room sleep in,0
jordan got voted out last nite,0
i didnt get anything da,0
petey boy whereare you me and all your friendsare in thekingshead come down if you canlove nic,0
it s ok i noe u re busy but i m really too bored so i msg u i oso dunno wat colour she choose me one,0
fuck babe i miss you sooooo much i wish you were here to sleep with me my bed is so lonely i go now to sleep to dream of you my love,0
i dunno until when lets go learn pilates,0
hi its in durban are you still on this number,0
right on brah see you later,0
yo theres no class tmrw right,0
ok darlin i supose it was ok i just worry too much i have to do some film stuff my mate and then have to babysit again but you can call me there xx,0
i know complain num only bettr directly go to bsnl offc nd apply for it,0
stop knowing me so well,0
i m home,0
where in abj are you serving are you staying with dad or alone,0
talk with yourself atleast once in a day otherwise you will miss your best friend in this world shakespeare shesil lt gt,0
okay i ve seen it so i should pick it on friday,0
why do you ask princess,0
okey dokey i ll be over in a bit just sorting some stuff out,0
nimbomsons yep phone knows that one obviously cos thats a real word,0
come round it s,0
ok every night take a warm bath drink a cup of milk and you ll see a work of magic you still need to loose weight just so that you know,0
if we win its really no side for long time,0
they released vday shirts and when u put it on it makes your bottom half naked instead of those white underwear,0
shall i send that exe to your mail id,0
thnx dude u guys out nite,0
but i ll b going sch on mon my sis need take smth,0
ya it came a while ago,0
important information orange user today is your lucky day find out why log onto url there s a fantastic surprise awaiting you,1
even i cant close my eyes you are in me our vava playing umma d,0
you have come into my life and brought the sun shiny down on me warming my heart putting a constant smile on my face making me feel loved and cared for,0
babe how goes that day what are you doing where are you i sip my cappuccino and think of you my love i send a kiss to you from across the sea,0
from lost pound help,1
dude avatar d was imp at one point i thought there were actually flies in the room and almost tried hittng one as a reflex,0
the wine is flowing and i m i have nevering,0
no probs hon how u doinat the mo,0
what is the plural of the noun research,0
sorry left phone upstairs ok might be hectic but would be all my birds with one fell swoop it s a date,0
hey sorry i didntgive ya a a bellearlier hunny just been in bedbut mite go thepub l tr if uwana mt up loads a luv jenxxx,0
too late i said i have the website i didn t i have or dont have the slippers,0
jay told me already will do,0
k must book a not huh so going for yoga basic on sunday,0
neshanth tel me who r u,0
yeah sure thing mate haunt got all my stuff sorted but im going sound anyway promoting hex for by the way who is this dont know number joke,0
i cant pick the phone right now pls send a message,0
ok how you dear did you call chechi,0
i thk gotta go home by urself cos i ll b going out shopping my frens present,0
excellent wish we were together right now,0
urgent your mobile no xxx won a money bonus caller prize on this is the nd attempt to reach you call asap box n qp ppm,1
what time you coming down later,0
ok no prob i ll come after lunch then,0
lol yes but it will add some spice to your day,0
brainless baby doll d vehicle sariyag drive madoke barolla,0
and popping lt gt ibuprofens was no help,0
you know what hook up means right,0
this single single answers are we fighting plus i said am broke and you didnt reply,0
just come home i don t want u to be miserable,0
slaaaaave where are you must i summon you to me all the time now don t you wish to come to me on your own anymore,0
just re read it and i have no shame but tell me how he takes it and if he runs i will blame u ever not really ever just a long time,0
ok lor i ned go toa payoh a while return smth u wan send me there or wat,0
i only haf msn it s email,0
dear reached railway what happen to you,0
hi babe its me thanks for coming even though it didnt go that well i just wanted my bed hope to see you soon love and kisses xxx,0
nobody can decide where to eat and dad wants chinese,0
love has one law make happy the person you love in the same way friendship has one law never make ur friend feel alone until you are alive gud night,0
yes ammae life takes lot of turns you can only sit and try to hold the steering,0
there generally isn t one it s an uncountable noun u in the dictionary pieces of research,0
dude we should go sup again,0
i m tired of arguing with you about this week after week do what you want and from now on i ll do the same,0
guai shd haf seen him when he s naughty so free today can go jogging,0
kick off a new season with wks free goals news to ur mobile txt ur club name to eg villa to,1
you are chosen to receive a money award pls call claim number to collect your award which you are selected to receive as a valued mobile customer,1
can you open the door,0
mark works tomorrow he gets out at his work is by your house so he can meet u afterwards,0
then wat r u doing now busy wif work,0
i m at bruce amp fowler now but i m in my mom s car so i can t park long story,0
imagine you finally get to sink into that bath after i have put you through your paces maybe even having you eat me for a while before i left but also imagine the feel of that cage on your cock surrounded by the bath water reminding you always who owns you enjoy my cuck,0
thanks for the temales it was wonderful thank have a great week,0
where u been hiding stranger,0
k if u bored up just come to my home,0
you will go to walmart i ll stay,0
okie,0
u guys never invite me anywhere,0
no problem how are you doing,0
new theory argument wins d situation but loses the person so dont argue with ur friends just kick them amp say i m always correct,0
u need my presnts always bcz u cant mis love jeevithathile irulinae neekunna prakasamanu sneham prakasam ennal prabha that mns prabha is love got it dont mis me,0
your opinion about me over jada kusruthi lovable silent spl character not matured stylish simple pls reply,0
this weeks savamob member offers are now accessible just call for details savamob pobox la wu only money week savamob offers mobile,1
i keep seeing weird shit and bein all woah then realising it s actually reasonable and i m all oh,0
text banneduk to to see cost p textoperator g ga xxx,1
oops sorry just to check that you don t mind picking me up tomo at half eight from station would that be ok,0
what are you doing in langport sorry but i ll probably be in bed by pm it sucks being ill at xmas when do you and go sri lanka,0
babe i miiiiiiissssssssss you i need you i crave you geeee i m so sad without you babe i love you,0
gosh that what a pain spose i better come then,0
then why no one talking to me,0
jay wants to work out first how s sound,0
noice text me when you re here,0
damn poor zac doesn t stand a chance,0
this pay is lt decimal gt lakhs,0
exactly anyways how far is jide her to study or just visiting,0
don t forget who owns you and who s private property you are and be my good boy always passionate kiss,0
anything lor juz both of us lor,0
oh baby of the house how come you dont have any new pictures on facebook,0
i ll text now all creepy like so he won t think that we forgot,0
g says you never answer your texts confirm deny,0
i love u babe r u sure everything is alrite is he being an idiot txt bak girlie,0
she s fine good to hear from you how are you my dear happy new year oh,0
go fool dont cheat others ok,0
i ve sent my part,0
thanks da thangam i feel very very happy dear i also miss you da,0
lt gt that s all guess that s easy enough,0
don t worry though i understand how important it is that i be put in my place with a poorly thought out punishment in the face of the worst thing that has ever happened to me brb gonna go kill myself,0
you should know now so how s anthony are you bringing money i ve school fees to pay and rent and stuff like that thats why i need your help a friend in need,0
babe what are you doing where are you who are you talking to do you think of me are you being a good boy are you missing me do you love me,0
i meant as an apology from me for texting you to get me drugs at lt gt at night,0
got wat to buy tell us then no need to come in again,0
ok lor or u wan me go look u,0
when you came to hostel,0
thanks for yesterday sir you have been wonderful hope you enjoyed the burial mojibiola,0
better than bb if he wont use it his wife will or them doctor,0
good luck draw takes place th feb good luck for removal send stop to customer services,1
yup i thk cine is better cos no need go down plaza mah,0
speak only when you feel your words are better than the silence gud mrng,0
one small prestige problem now,0
thing r good thanx got exams in march ive done no revision is fran still with boyf ive gotta interviw exeter bit worried x,0
as a valued customer i am pleased to advise you that following recent review of your mob no you are awarded with a money bonus prize call,1
yar i tot u knew dis would happen long ago already,0
need a coffee run tomo can t believe it s that time of week already,0
where s mummy s boy is he being good or bad is he being positive or negative why is mummy being made to wait hmmmm,0
neft transaction with reference number lt gt for rs lt decimal gt has been credited to the beneficiary account on lt gt at lt time gt lt gt,0
we tried to contact you re your reply to our offer of mins textand a new video phone call now or reply for free delivery tomorrow,1
k i ll call you when i m close,0
thinking of u x,0
just checked out heading out to drop off my stuff now,0
as per your request melle melle oru minnaminunginte nurungu vettam has been set as your callertune for all callers press to copy your friends callertune,0
i miss you so much i m so desparate i have recorded the message you left for me the other day and listen to it just to hear the sound of your voice i love you,0
carlos is down but i have to pick it up from him so i ll swing by usf in a little bit,0
hello as per request from lt gt rs has been transfered to you,0
i m ok wif it cos i like try new things but i scared u dun like mah cos u said not too loud,0
hey leave it not a big deal take care,0
hey anyway i have to,0
hey tmr meet at bugis,0
thanks again for your reply today when is ur visa coming in and r u still buying the gucci and bags my sister things are not easy uncle john also has his own bills so i really need to think about how to make my own money later sha,0
lol what happens in vegas stays in vegas,0
aiyo please got time meh,0
good good job i like entrepreneurs,0
omg how did u know what i ate,0
hello lover how goes that new job are you there now are you happy do you think of me i wake my slave and send you a teasing kiss from across the sea,0
ill be there on lt gt ok,0
eastenders tv quiz what flower does dot compare herself to d violet e tulip f lily txt d e or f to now chance win money cash wkent p,1
i m in office now da where are you,0
the guy at the car shop who was flirting with me got my phone number from the paperwork and called and texted me i m nervous because of course now he may have my address should i call his boss and tell him knowing this may get him fired,0
xxxmobilemovieclub to use your credit click the wap link in the next txt message or click here url xxxmobilemovieclub com n qjkgighjjgcbl,1
oh my god i m almost home,0
babe i love you covers your face in kisses,0
have you always been saying welp,0
sorry i m not free,0
i m on my way home went to change batt my watch then go shop a bit lor,0
do you know what mallika sherawat did yesterday find out now lt url gt,0
i m good have you registered to vote,0
nope c then,0
hi dear call me its urgnt i don t know whats your problem you don t want to work or if you have any other problem at least tell me wating for your reply,0
uh heads up we don t have that much left,0
oh ya got hip hop open haha i was thinking can go for jazz then zoom to cine actually tonight i m free leh and there s a kb lesson tonight,0
lol no just was busy,0
my sister cleared two round in birla soft yesterday,0
lol i was gonna last month i cashed some in but i left lt gt just in case i was collecting more during the week cause they announced it on the blog,0
you didn t have to tell me that now i m thinking plus he s going to stop all your runs,0
we made it eta at taunton is as planned hope that s still okday good to see you xx,0
hey congrats u id luv but ive had go home,0
been running but only managed minutes and then needed oxygen might have to resort to the roller option,0
pity was in mood for that so any other suggestions,0
darren was saying dat if u meeting da ge den we dun meet dinner cos later u leave xy will feel awkward den u meet him lunch lor,0
hi kindly give us back our documents which we submitted for loan from stapati,0
so dont use hook up any how,0
a little meds say take once every hours it s only been but pain is back so i took another hope i don t die,0
i have gone into get info bt dont know what to do,0
had your mobile mths update to the latest camera video phones for free keep ur same number get extra free mins texts text yes for a call,1
hm good morning headache anyone,0
pdate now double mins and txts on orange tariffs latest motorola sonyericsson nokia bluetooth free call mobileupd on or call optout yhl,1
ya just telling abt tht incident,0
that sucks i ll go over so u can do my hair you ll do it free right,0
hows the champ just leaving glasgow,0
that call cost which i guess isnt bad miss ya need ya want ya love ya,0
are you not around or just still asleep v,0
hurry home u big butt hang up on your last caller if u have to food is done and i m starving don t ask what i cooked,0
come to medical college at pm forward it da,0
buy one egg for me da please,0
where is it is there any opening for mca,0
from here after the performance award is calculated every two month not for current one month period,0
not tel software name,0
this phone has the weirdest auto correct,0
thanks chikku gud nyt,0
early bird any purchases yet,0
in case you wake up wondering where i am i forgot i have to take care of something for grandma today should be done before the parade,0
i m eatin now lor but goin back to work soon e mountain deer show huh i watch b liao very nice,0
yup he msg me is tat yijue then i tot it s my group mate cos we meeting today mah i m askin if leaving earlier or wat mah cos mayb haf to walk v far,0
also hi wesley how ve you been,0
i d like to tell you my deepest darkest fantasies call me just p min to stop texts call nat rate,1
today iz yellow rose day if u love my frndship give me misscall amp send this to ur frndz amp see how many miss calls u get if u get missed u marry ur lover,0
in work now going have in few min,0
xmas iscoming ur awarded either money cd gift vouchers free entry r money weekly draw txt music to tnc url,1
it does it on its own most of the time it fixes my spelling but sometimes it gets a completely diff word go figure,0
no i m not i can t give you everything you want and need you actually could do better for yourself on yor own you ve got more money than i do i can t get work i can t get a man i can t pay the rent i can t even fill my fucking gas tank yes i m stressed and depressed i didn t even call home for thanksgiving cuz i ll have to tell them i m up to nothing,0
santa calling would your little ones like a call from santa xmas eve call to book your time,1
u reach orchard already u wan go buy tickets first,0
she just broke down a list of reasons why nobody s in town and i can t tell if she s being sarcastic or just faggy,0
it could work we ll reach a consensus at the next meeting,0
dont you have message offer,0
how are you with money as in to you money aint a thing how are you sha,0
nobody names their penis a girls name this story doesn t add up at all,0
im in inperialmusic listening the weirdest track ever by leafcutter john sounds like insects being molested someone plumbing remixed by evil men on acid,0
sounds good keep me posted,0
or maybe my fat fingers just press all these buttons and it doesn t know what to do,0
you will recieve your tone within the next hrs for terms and conditions please see channel u teletext pg,1
yeah sure i ll leave in a min,0
i can take you at like noon,0
oh ho is this the first time u use these type of words,0
ok she ll be ok i guess,0
ugh i don t wanna get out of bed it s so warm,0
carlos ll be here in a minute if you still need to buy,0
sorry my roommates took forever it ok if i come by now,0
or just do that times,0
prakesh is there know,0
aiyah e rain like quite big leh if drizzling i can at least run home,0
when did you get to the library,0
hello handsome are you finding that job not being lazy working towards getting back that net for mummy where s my boytoy now does he miss me,0
many more happy returns of the day i wish you happy birthday,0
guy no flash me now if you go call me call me how madam take care oh,0
my sister in law hope you are having a great month just saying hey abiola,0
dont flatter yourself tell that man of mine two pints of carlin in ten minutes please,0
no pic please re send,0
good evening sir al salam wahleykkum sharing a happy news by the grace of god i got an offer from tayseer tissco and i joined hope you are fine inshah allah meet you sometime rakhesh visitor from india,0
how are you wish you a great semester,0
i m in school now n i ll be in da lab doing some stuff give me a call when r done,0
em its olowoyey usc edu have a great time in argentina not sad about secretary everything is a blessing,0
your bill at is money so thats not bad,0
dont put your phone on silent mode ok,0
i dont have that much image in class,0
u r subscribed textcomp wkly comp st wk s free question follows subsequent wks email unsubscribe txt stop custcare,1
dont gimme that lip caveboy,0
congrats year special cinema pass for is yours call now c suprman v matrix starwars etc all free bx ip we pm dont miss out,1
this weekend is fine an excuse not to do too much decorating,0
i sent your maga that money yesterday oh,0
you are being contacted by our dating service by someone you know to find out who it is call from your mobile or landline pobox ldns,1
look at amy ure a beautiful intelligent woman and i like u a lot i know u don t like me like that so don t worry,0
email alertfrom jeri stewartsize kbsubject low cost prescripiton drvgsto listen to email call,1
not yet chikku k then wat abt tht guy did he stopped irritating or msging to u,0
you said to me before i went back to bed that you can t sleep for anything,0
i ve reached sch already,0
cos darren say considering mah so i ask,0
aight i should be there by at the latest probably closer to are jay and tyler down or should we just do two trips,0
just sent you an email to an address with incomm in it is that right,0
you in your room i need a few,0
are you free now can i call now,0
no i am not having not any movies in my laptop,0
er enjoyin indians at the mo yep sall good hehe hows bout u shexy pete xx,0
havent planning to buy later i check already lido only got show in e afternoon u finish work already,0
then ur physics get a,0
first answer my question,0
you lifted my hopes with the offer of money i am in need especially when the end of the month approaches and it hurts my studying anyways have a gr weekend,0
thank you baby i cant wait to taste the real thing,0
think i could stop by in like an hour or so my roommate s looking to stock up for a trip,0
you busy or can i come by at some point and figure out what we re doing tomorrow,0
we are pleased to inform that your application for airtel broadband is processed successfully your installation will happen within days,0
but i m on a diet and i ate too many slices of pizza yesterday ugh i m always on a diet,0
you didnt complete your gist oh,0
k makes sense btw carlos is being difficult so you guys are gonna smoke while i go pick up the second batch and get gas,0
lol u drunkard just doing my hair at d moment yeah still up tonight wats the plan,0
nt yet chikku simple habba hw abt u,0
wa ur openin sentence very formal anyway i m fine too juz tt i m eatin too much n puttin on weight haha so anythin special happened,0
yes the only place in town to meet exciting adult singles is now in the uk txt chat to now p msg,1
i m going to try for months ha ha only joking,0
dunno lei he neva say,0
probably not still going over some stuff here,0
can do lor,0
yup not comin,0
yar but they say got some error,0
oh shut it omg yesterday i had a dream that i had kids both boys i was so pissed not only about the kids but them being boys i even told mark in my dream that he was changing diapers cause i m not getting owed in the face,0
you can jot down things you want to remember later,0
i think if he rule tamilnadu then its very tough for our people,0
i av a new number wil u only use this one ta,0
well you told others you d marry them,0
hasn t that been the pattern recently crap weekends,0
can you talk with me,0
evry emotion dsn t hav words evry wish dsn t hav prayrs if u smile d world is wit u othrwise even d drop of tear dsn t lik stay wit u so b happy good morning keep smiling,0
its hard to believe things like this all can say lie but think twice before saying anything to me,0
so is th gower mate which is where i am how r u man all is good in wales ill b back morrow c u this wk who was the msg random,0
hiya hows it going in sunny africa hope u r avin a good time give that big old silver back a big kiss from me,0
i ve not sent it he can send me,0
i m on da bus going home,0
it s wylie you in tampa or sarasota,0
hi this is amy we will be sending you a free phone number in a couple of days which will give you an access to all the adult parties,1
how come it takes so little time for a child who is afraid of the dark to become a teenager who wants to stay out all night,1
no my mum went dentist,0
but that s on ebay it might be less elsewhere,0
yo dude guess who just got arrested the other day,0
printer is cool i mean groovy wine is groovying,0
aight do you still want to get money,0
great to hear you are settling well so what s happenin wit ola,0
free entry to the gr prizes wkly comp a chance to win the latest nokia psp or money cash every wk txt great to url,1
quite lor but dun tell him wait he get complacent,0
better made up for friday and stuffed myself like a pig yesterday now i feel bleh but at least its not writhing pain kind of bleh,0
shuhui say change suntec steamboat u noe where where r u now,0
is ur paper today in e morn or aft,0
no dice art class thru thanks though any idea what time i should come tomorrow,0
my computer just fried the only essential part we don t keep spares of because my fucking idiot roommates looovvve leaving the thing running on full lt gt,0
there are no other charges after transfer charges and you can withdraw anyhow you like,0
hard live chat just p min choose your girl and connect live call now cheap chat uk s biggest live service vu bcm wc n xx,1
miss ya need ya want ya love ya,0
some friends want me to drive em someplace probably take a while,0
urgent please call your abta complimentary spanish holiday or money cash await collection sae t cs box po ez ppm,1
merry christmas to u too annie,0
i know you are can you pls open the back,0
yeah in fact he just asked if we needed anything like an hour ago when and how much,0
ok i ve sent u da latest version of da project,0
aiyah then i wait lor then u entertain me hee,0
sent me ur email id soon,0
between am pm cost p,1
good morning at the repair shop the only reason i m up at this hour,0
yeah my usual guy s out of town but there re definitely people around i know,0
and how s your husband,0
congrats mobile g videophones r yours call now videochat wid ur mates play java games dload polyh music noline rentl bx ip we pm,1
p per min to call germany from your bt line just p per min check planettalkinstant com for info t s c s text stop to opt out,1
you stayin out of trouble stranger saw dave the other day he s sorted now still with me bloke when u gona get a girl mr ur mum still thinks we will get getha,0
oops i did have it lt gt,0
wat would u like ur birthday,0
aight we ll head out in a few,0
its ok i just askd did u knw tht no,0
cool we will have fun practicing making babies,0
y cant u try new invention to fly i m not joking,0
i m turning off my phone my moms telling everyone i have cancer and my sister won t stop calling it hurts to talk can t put up with it see u when u get home love u,0
oh you got many responsibilities,0
zoe it just hit me im fucking shitin myself il defo try my hardest cum morow luv u millions lekdog,0
warner village c colin farrell in swat this wkend warner village get free med popcorn just show email c t c kiosk reply sony mre film offers,1
hi darlin did youphone me im athome if youwanna chat,0
i am in hospital da i will return home in evening,0
i m gonna be home soon and i don t want to talk about this stuff anymore tonight k i ve cried enough today,0
also are you bringing galileo or dobby,0
if you re still up maybe leave the credit card so i can get gas when i get back like he told me to,0
dear subscriber ur draw money gift voucher will b entered on receipt of a correct ans when was elvis presleys birthday txt answer to,1
we tried to contact you re your reply to our offer of a video handset anytime networks mins unlimited text camcorder reply or call now,1
no but heard abt tat,0
hi its kate it was lovely to see you tonight and ill phone you tomorrow i got to sing and a guy gave me his card xxx,0
it s justbeen overa week since we broke up and already our brains are going to mush,0
so i could kiss and feel you next to me,0
sorry was in the bathroom sup,0
ya had just now onion roast,0
me too have a lovely night xxx,0
k k are you in college,0
okey doke i m at home but not dressed cos laying around ill speak to you later bout times and stuff,0
dont think you need yellow card for uk travel ask someone that has gone before if you do its just lt gt bucks,0
i m an actor when i work i work in the evening and sleep late since i m unemployed at the moment i always sleep late when you re unemployed every day is saturday,0
free msg single find a partner in your area s of real people are waiting to chat now send chat to cncl send stopcs money per msg,1
will purchase d stuff today and mail to you do you have a po box number,0
win urgent your mobile number has been awarded with a money prize guaranteed call from land line claim valid hrs only ppm,1
lol now i m after that hot air balloon,0
sen told that he is going to join his uncle finance in cbe,0
do u ever get a song stuck in your head for no reason and it won t go away til u listen to it like times,0
at we will go ok na,0
you are right though i can t give you the space you want and need this is really starting to become an issue i was going to suggest setting a definite move out if i m still there after greece but maybe you are ready and should do it now,0
i ll give her once i have it plus she said grinule greet you whenever we speak,0
alright tyler s got a minor crisis and has to be home sooner than he thought so be here asap,0
wat s da model num of ur phone,0
gain the rights of a wife dont demand it i am trying as husband too lets see,0
hey next sun there s a basic yoga course at bugis we can go for that pilates intro next sat tell me what time you r free,0
aiyar dun disturb u liao thk u have lots do aft ur cupboard come,0
probably a couple hours tops,0
at what time should i come tomorrow,0
i love to give massages i use lots of baby oil what is your fave position,0
if you aren t here in the next lt gt hours imma flip my shit,0
and whenever you and i see we can still hook up too,0
you have new message please call,1
sending you greetings of joy and happiness do have a gr evening,0
you unbelievable faglord,0
i love to wine and dine my lady,0
babe i fucking love you too you know fuck it was so good to hear your voice i so need that i crave it i can t get enough i adore you ahmad kisses,0
i m at home please call,0
be happy there i will come after noon,0
eh den sat u book e kb liao huh,0
yes i am a one woman man please tell me your likes and dislikes in bed,0
that s significant but dont worry,0
go chase after her and run her over while she s crossing the street,0
go until jurong point crazy available only in bugis n great world la e buffet cine there got amore wat,0
do you hide anythiing or keeping distance from me,0
all day working day except saturday and sunday,0
lol have you made plans for new years,0
i m in solihull do you want anything,0
jus ans me lar u ll noe later,0
no he joined today itself,0
i will once i get home,0
bloody hell cant believe you forgot my surname mr ill give u a clue its spanish and begins with m,0
did i forget to tell you i want you i need you i crave you but most of all i love you my sweet arabian steed mmmmmm yummy,0
nite nite pocay wocay luv u more than n e thing eva i promise ring u morrowxxxx,0
i know dat feelin had it with pete wuld get with em nuther place nuther time mayb,0
i just cooked a rather nice salmon a la you,0
arr birthday today i wish him to get more oscar,0
in the end she might still vomit but its okay not everything will come out,0
bank of granite issues strong buy explosive pick for our members up over nasdaq symbol cdgt that is a money per,1
s da al r above lt gt,0
can come my room but cannot come my house cos my house still messy haha,0
lmao but its so fun,0
got ur mail dileep thank you so muchand look forward to lots of support very less contacts here remember one venugopal you mentioned tomorrow if not late i shall try to come up till there goodnight dear,0
ya ok then had dinner,0
heehee that was so funny tho,0
was actually sleeping and still might when u call back so a text is gr you rock sis will send u a text wen i wake,0
th of july,0
east coast,0
k i m leaving soon be there a little after,0
log off wat it s sdryb i,0
well i m glad you didn t find it totally disagreeable lol,0
it is a good thing i m now getting the connection to bw,0
i am sorry it hurt you,0
i got a call from a landline number i am asked to come to anna nagar i will go in the afternoon,0
i will reach before ten morning,0
your account has been refilled successfully by inr lt decimal gt your keralacircle prepaid account balance is rs lt decimal gt your transaction id is kr lt gt,0
remember all those whom i hurt during days of satanic imposter in me need to pay a price so be it may destiny keep me going and as u said pray that i get the mind to get over the same,0
boo what time u get out u were supposed to take me shopping today,0
where wuld i be without my baby the thought alone mite break me and i don t wanna go crazy but everyboy needs his lady xxxxxxxx,0
that s ok i popped in to ask bout something and she said you d been in are you around tonght wen this girl comes,0
yup song bro no creative neva test quality he said check review online,0
for me the love should start with attraction i should feel that i need her every time around me she should be the first thing which comes in my thoughts i would start the day and end it with her she should be there every time i dream love will be then when my every breath has her name my life should happen around her my life will be named to her i would cry for her will give all my happiness and take all her sorrows i will be ready to fight with anyone for her i will be in love when i will be doing the craziest things for her love will be when i don t have to proove anyone that my girl is the most beautiful lady on the whole planet i will always be singing praises for her love will be when i start up making chicken curry and end up makiing sambar life will be the most beautiful then will get every morning and thank god for the day because she is with me i would like to say a lot will tell later,0
k eng rocking in ashes,0
rose needs water season needs change poet needs imagination my phone needs ur sms and i need ur lovely frndship forever,0
we tried to call you re your reply to our sms for a video mobile mins unlimited text free camcorder reply of call now,1
ok then i will come to ur home after half an hour,0
wot student discount can u get on books,0
okay name ur price as long as its legal wen can i pick them up y u ave x ams xx,0
what s up bruv hope you had a great break do have a rewarding semester,0
just sing hu i think its also important to find someone female that know the place well preferably a citizen that is also smart to help you navigate through even things like choosing a phone plan require guidance when in doubt ask especially girls,0
me i m not workin once i get job,0
hello boytoy geeee i m missing you today i like to send you a tm and remind you i m thinking of you and you are loved loving kiss,0
alex says he s not ok with you not being ok with it,0
when the first strike is a red one the bird antelope begin toplay in the fieldof selfindependence believe this the flower of contention will grow random,0
those ducking chinchillas,0
an excellent thought by a misundrstud frnd i knw u hate me bt the day wen u ll knw the truth u ll hate urself gn,0
oh haha den we shld had went today too gee nvm la kaiez i dun mind goin jazz oso scared hiphop open cant catch up,0
i hope your pee burns tonite,0
oh k k but he is not a big hitter anyway good,0
was actually about to send you a reminder today have a wonderful weekend,0
great news call freefone to claim your guaranteed money cash or money gift speak to a live operator now,1
meet you in corporation st outside gap you can see how my mind is working,0
get me out of this dump heap my mom decided to come to lowes boring,0
oh my god i ve found your number again i m so glad text me back xafter this msgs cst std ntwk chg money,1
are you in castor you need to see something,0
where s my boytoy i miss you what happened,0
lol your always so convincing,0
i gotta collect da car at lei,0
yep the great loxahatchee xmas tree burning of lt gt starts in an hour,0
yeah there s barely enough room for the two of us x has too many fucking shoes sorry man see you later,0
wow so healthy old airport rd lor cant thk of anything else but i ll b bathing my dog later,0
was gr to see that message so when r u leaving congrats dear what school and wat r ur plans,0
lol well don t do it without me we could have a big sale together,0
stop the story i ve told him i ve returned it and he s saying i should not re order it,0
aight lemme know what s up,0
r u over scratching it,0
please attend the phone,0
how was txting and driving,0
hmmm how many players selected,0
free st week entry textpod a chance win gb ipod or money cash every wk txt vpod to ts cs url custcare,1
i have many dependents,0
urgent ur money guaranteed award is still unclaimed call now closingdate claimcode m m money pmmorefrommobile bremoved mobypobox ls yf,1
honey can you pls find out how much they sell predicte in nigeria and how many times can it be used its very important to have a reply before monday,0
reason is if the team budget is available at last they buy the unsold players for at base rate,0
check audrey s status right now,0
thanks for ve lovely wisheds you rock,0
hey can you tell me blake s address carlos wanted me to meet him there but i got lost and he s not answering his phone,0
not much no fights it was a good nite,0
hi my email address has changed now it is,0
jade its paul y didn t u txt me do u remember me from barmed i want talk u txt me,0
yeah it s jus rite,0
s s i thinl role is like sachin just standing others have to hit,0
u have a secret admirer reveal who thinks u r so special call to opt out reply reveal stop per msg recd cust care,1
night night see you tomorrow,0
yes baby we can study all the positions of the kama sutra,0
hey das cool iknow all wellda peril of studentfinancial crisis spk u l r,0
oh wow thats gay will firmware update help,0
we r stayin here an extra week back next wed how did we do in the rugby this weekend hi to and and c u soon,0
juz now havent woke up so a bit blur blur can dad went out liao i cant cum now oso,0
trust me even if isn t there its there,0
hey loverboy i love you i had to tell i look at your picture and ache to feel you between my legs fuck i want you i need you i crave you,0
tomarrow i want to got to court at lt decimal gt so you come to bus stand at,0
nt joking seriously i told,0
aight what time you want me to come up,0
just getting back home,0
haha mayb u re rite u know me well da feeling of being liked by someone is gd lor u faster go find one then all gals in our group attached liao,0
k k i m going to tirunelvali this week to see my uncle i already spend the amount by taking dress so only i want money i will give it on feb,0
hey you got any mail,0
you still around looking to pick up later,0
yeah work is fine started last week all the same stuff as before dull but easy and guys are fun,0
i have printed it oh so lt gt come upstairs,0
predict wat time ll finish buying,0
i love u my little pocy bell i am sorry but i love u,0
in sch but neva mind u eat st lor,0
fr ndship is like a needle of a clock though v r in d same clock v r nt able met evn if v meet itz only few seconds bt v alwys stay conected gud t,0
you bad girl i can still remember them,0
mm i am on the way to railway,0
i can send you a pic if you like,0
ya going for restaurant,0
when i was born god said oh no another idiot when you were born god said oh no competition who knew one day these two will become freinds forever,0
then get some cash together and i ll text jason,0
aiyo u so poor thing then u dun wan eat u bathe already,0
hey kate hope ur ok will give u a buz wedlunch go outsomewhere adrink in town cud go watershd a bit ppl fromwrk will bthere love petexxx,0
beautiful truth expression of the face could be seen by everyone but the depression of heart could be understood only by the loved ones gud ni,0
superb thought be grateful that u dont have everything u want that means u still have an opportunity to be happier tomorrow than u are today,0
lol i have to take it member how i said my aunt flow didn t visit for months it s cause i developed ovarian cysts bc is the only way to shrink them,0
text get more ringtones logos and games from url questions email,1
nope i m still in the market,0
probably gonna be here for a while see you later tonight lt,0
dip s cell dead so i m coming with him u better respond else we shall come back,0
give one miss from that number please,0
we will meet soon princess ttyl,0
welcome to select an o service with added benefits you can now call our specially trained advisors free from your mobile by dialling,1
hmmm mayb can try e shoppin area one but forgot e name of hotel,0
the house is on the water with a dock a boat rolled up with a newscaster who dabbles in jazz flute behind the wheel,0
nothing really just making sure everybody s up to speed,0
you have won a guaranteed money award or even money cashto claim ur award call free on stop getstop on php,1
do you want bold or bb torch,0
moji just informed me that you saved our lives thanks,0
lol grins i m not babe but thanks for thinking of me,0
lemme know when you re here,0
you still coming tonight,0
what happened in interview,0
true it is passable and if you get a high score and apply for phd you get years of salary so it makes life easier,0
lmao take a pic and send it to me,0
sry can t talk on phone with parents,0
welp apparently he retired,0
your weekly cool mob tones are ready to download this weeks new tones include crazy frog axel f akon lonely black eyed dont p more info in n,1
was thinking about chuckin ur red green n black trainners save carryin them bac on train,0
are you this much buzy,0
ard lor i ok then message lor,0
i wish that i was with you holding you tightly making you see how important you are how much you mean to me how much i need you in my life,0
naughty little thought its better to flirt flirt n flirt rather than loving someone n gettin hurt hurt n hurt gud nyt,0
oh oh den muz change plan liao go back have to yan jiu again,0
urgent your mobile no xxxxxxxxx won a money bonus caller prize on this is the nd attempt to reach you call asap box n qp ppm,1
no you ll just get a headache trying to figure it out u can trust me to do the math i promise o,0
lol oops sorry have fun,0
now i m going out dinner soon,0
i m reaching home in min,0
thats cool sometimes slow and gentle sonetimes rough and hard,0
you have won a guaranteed money award or even money cashto claim ur award call free on stop getstop on php rg jx,1
yo you guys ever figure out how much we need for alcohol jay and i are trying to figure out how much we can safely spend on weed,0
easy mate guess the quick drink was bit ambitious,0
wat so late still early mah or we juz go dinner lor aiya i dunno,0
it s not that you make me cry it s just that when all our stuff happens on top of everything else it pushes me over the edge you don t underdtand how often i cry over my sorry sorry life,0
so there s a ring that comes with the guys costumes it s there so they can gift their future yowifes hint hint,0
please call immediately as there is an urgent message waiting for you,1
aight i ll ask a few of my roommates,0
yes princess i want to please you every night your wish is my command,0
where are you lover i need you,0
everybody had fun this evening miss you,0
hi this is yijue it s regarding the textbook it s intro to algorithms second edition i m selling it for money,0
in which place do you want da,0
u have a secret admirer who is looking make contact with u find out who they r reveal who thinks ur so special call on stopsms,1
hi here have birth at on the to at lb oz mother and baby doing brilliantly,0
hey what happened u switch off ur cell d whole day this isnt good now if u do care give me a call tomorrow,0
congratulations thanks to a good friend u have won the money xmas prize claim is easy just call now only p per minute bt national rate,1
knock knock txt whose there to to enter r weekly draw a money gift voucher a store of yr choice t cs url age to stoptxtstop money week,1
hi babe im at home now wanna do something xx,0
marvel mobile play the official ultimate spider man game money on ur mobile right now text spider to for the game we ll send u a free ball wallpaper,1
dunno he jus say go lido same time,0
had your mobile mths update for free to oranges latest colour camera mobiles unlimited weekend calls call mobile upd on freefone or stoptx,1
kallis wont bat in nd innings,0
r u here yet i m wearing blue shirt n black pants,0
lol wtf random btw is that your lunch break,0
yes obviously but you are the eggs pert and the potato head speak soon,0
no no i will check all rooms befor activities,0
kay since we are out already,0
think ur smart win money this week in our weekly quiz text play to now t cs winnersclub po box m uz gbp week,1
it should take about lt gt min,0
did you get any gift this year i didnt get anything so bad,0
nope i just forgot will show next week,0
u have a secret admirer who is looking make contact with u find out who they r reveal who thinks ur so special call on,1
don know this week i m going to tirunelvai da,0
do u still have plumbers tape and a wrench we could borrow,0
are you angry with me what happen dear,0
apple day no doctor tulsi leaf day no cancer lemon day no fat cup milk day no bone problms litres watr day no diseases snd ths whom u care,0
aight ill get on fb in a couple minutes,0
let there be snow let there be snow this kind of weather brings ppl together so friendships can grow,0
how come i din c yup i cut my hair,0
please dont say like that hi hi hi,0
hi jon pete here ive bin spain recently hav sum dinero left bill said u or ur rents mayb interested in it i hav pes so around money tb james,0
dude ive been seeing a lotta corvettes lately,0
do whatever you want you know what the rules are we had a talk earlier this week about what had to start happening you showing responsibility yet every week it s can i bend the rule this way what about that way do whatever i m tired of having thia same argument with you every week and a lt gt movie doesnt inlude the previews you re still getting in after,0
what u talking bout early morning it s almost noon where your at,0
our mobile number has won money to claim calls us back or ring the claims hot line on,1
hi hope ur day good back from walk table booked for half eight let me know when ur coming over,0
i was at bugis juz now wat but now i m walking home oredi so late then reply i oso saw a top dat i like but din buy where r now,0
okay lor wah like that def they wont let us go haha what did they say in the terms and conditions,0
no da i am happy that we sit together na,0
jay s getting really impatient and belligerent,0
hi ibh customer loyalty offer the new nokia mobile from only money at txtauction txt word start to no get yours now t,1
loan for any purpose money money homeowners tenants welcome have you been previously refused we can still help call free or text back help,1
purity of friendship between two is not about smiling after reading the forwarded message its about smiling just by seeing the name gud evng musthu,0
thank you for calling forgot to say happy onam to you sirji i am fine here and remembered you when i met an insurance person meet you in qatar insha allah rakhesh ex tata aig who joined tissco tayseer,0
a boy loved a gal he propsd bt she didnt mind he gv lv lttrs bt her frnds threw thm again d boy decided aproach d gal dt time a truck was speeding towards d gal wn it was about hit d girl d boy ran like hell n saved her she asked hw cn u run so fast d boy replied boost is d secret of my energy n instantly d girl shouted our energy n thy lived happily gthr drinking boost evrydy moral of d story i hv free msgs d gud ni,0
k tell me anything about you,0
huh but i got lesson at lei n i was thinkin of going to sch earlier n i tot of parkin at kent vale,0
what do u want when i come back a beautiful necklace as a token of my heart for you thats what i will give but only to my wife of my liking be that and see no one can give you that dont call me i will wait till i come,0
hi its jess i dont know if you are at work but call me when u can im at home all eve xxx,0
just checking in on you really do miss seeing jeremiah do have a great month,0
a boy was late home his father power of frndship,0
today i m not workin but not free oso gee thgt u workin at ur fren s shop,0
alright i ll head out in a few minutes text me where to meet you,0
ur hmv quiz cash balance is currently money to maximize ur cash in now send hmv to only p msg,1
ok i juz receive,0
hello good week fancy a drink or something later,0
maybe say hi to and find out if got his card great escape or wetherspoons,0
chk in ur belovd ms dict,0
have you had a good day mine was really busy are you up to much tomorrow night,0
dad wanted to talk about the apartment so i got a late start omw now,0
which is why i never wanted to tell you any of this which is why i m so short with you and on edge as of late,0
i am on the way to ur home,0
thought we could go out for dinner i ll treat you seem ok,0
yeah get the unlimited,0
night sweet sleep well i ve just been to see the exorcism of emily rose and may never sleep again hugs and snogs,0
but if she s drinkin i m ok,0
please call amanda with regard to renewing or upgrading your current t mobile handset free of charge offer ends today tel subject to t s and c s,1
just taste fish curry p,0
buy space invaders a chance win orig arcade game console press for games arcade std wap charge see o co uk games terms settings no purchase,1
no i decided that only people who care about stuff vote and caring about stuff is for losers,0
i cant keep talking to people if am not sure i can pay them if they agree to price so pls tell me what you want to really buy and how much you are willing to pay,0
hope you are having a good week just checking in,0
i don t know jack shit about anything or i d say ask something helpful but if you want you can pretend that i did and just text me whatever in response to the hypotheticalhuagauahahuagahyuhagga,0
missed your call cause i was yelling at scrappy miss u can t wait for u to come home i m so lonely today,0
no go no openings for that room til after thanksgiving without an upcharge,0
pls ask macho how much is budget for bb bold is cos i saw a new one for lt gt dollars,0
she doesnt need any test,0
here got lots of hair dresser fr china,0
machan you go to gym tomorrow i wil come late goodnight,0
dear xxxxxxx u ve been invited to xchat this is our final attempt to contact u txt chat to p msgrcvdhg suite lands row w j hl ldn yrs,1
keep yourself safe for me because i need you and i miss you already and i envy everyone that see s you in real life,0
ok which your another number,0
u should make a fb list,0
congratulations in this week s competition draw u have won the money prize to claim just call b t cs stop sms over only ppm,1
anything is valuable in only situations first before getting it second after loosing it,0
aight sounds good when do you want me to come down,0
nothing i meant that once the money enters your account here the bank will remove its flat rate someone transfered lt gt to my account and lt gt dollars got removed so the banks differ and charges also differ be sure you trust the ja person you are sending account details to cos,0
yeah we can probably swing by once my roommate finishes up with his girl,0
i think that tantrum s finished so yeah i ll be by at some point,0
i will take care of financial problem i will help,0
that s very rude you on campus,0
now am free call me pa,0
i am not at all happy with what you saying or doing,0
i m sorry i ve joined the league of people that dont keep in touch you mean a great deal to me you have been a friend at all times even at great personal cost do have a great week,0
my supervisor find me one lor i thk his students i havent ask her yet tell u aft i ask her,0
since when which side any fever any vomitin,0
this is all just creepy and crazy to me,0
i want to be there so i can kiss you and feel you next to me,0
ok now i am in bus if i come soon i will come otherwise tomorrow,0
bored housewives chat n date now bt national rate p min only from landlines,1
this is the nd time we have tried to contact u u have won the money prize to claim just call b t cs stop sms ppm,1
go where n buy juz buy when we get there lar,0
cool i am lt gt inches long hope you like them big,0
can you pls send me that company name in saibaba colany,0
must come later i normally bathe him in da afternoon mah,0
i not at home now lei,0
jolly good by the way will give u tickets for sat eve speak before then x,0
from lost money help,1
haha can but i m having dinner with my cousin,0
every monday nxt week vl be completing,0
min later k,0
awesome that gonna be soon or later tonight,0
tessy pls do me a favor pls convey my birthday wishes to nimya pls dnt forget it today is her birthday shijas,0
pleassssssseeeeee tel me v avent done sportsx,0
not really dude have no friends i m afraid,0
i m really sorry i lit your hair on fire,0
is there coming friday is leave for pongal do you get any news from your work place,0
his frens go then he in lor not alone wif my mum n sis lor,0
free ringtone reply real,1
congratulations ur awarded either a yrs supply of cds from virgin records or a mystery gift guaranteed call ts cs url money pm approx mins,1
he s an adult and would learn from the experience there s no real danger i just dont like peeps using drugs they dont need but no comment,0
st wk free gr tones str u each wk txt nokia on to for classic nokia tones or hit on to for polys nokia p poly p,1
i m awake oh what s up,0
i m in a meeting call me later at,0
thats a bit weird even where is the do supposed to be happening but good idea sure they will be in pub,0
hi its me you are probably having too much fun to get this message but i thought id txt u cos im bored and james has been farting at me all night,0
lookatme thanks for your purchase of a video clip from lookatme you ve been charged p think you can do better why not send a video in a mmsto,1
hai dear friends this is my new amp present number by rajitha raj ranju,0
all these nice new shirts and the only thing i can wear them to is nudist themed you in mu,0
prabha i m soryda realy frm heart i m sory,0
i will lick up every drop are you ready to use your mouth as well,0
hey great deal farm tour am to pm money pax money deposit by may,0
i told that am coming on wednesday,0
yes i think so i am in office but my lap is in room i think thats on for the last few days i didnt shut that down,0
xmas prize draws we are trying to contact u todays draw shows that you have won a money prize guaranteed call from land line valid hrs only,1
no home work to do meh,0
have a good trip watch out for remember when you get back we must decide about easter,0
hi baby im sat on the bloody bus at the mo and i wont be home until about wanna do somethin later call me later ortxt back jess xx,0
join the uk s horniest dogging service and u can have sex nite just sign up and follow the instructions txt entry to now nyt ec a lp msg p,1
symptoms when u are in love u like listening songs u get stopped where u see the name of your beloved u won t get angry when your,0
then why you not responding,0
what time you thinkin of goin,0
want the latest video handset anytime any network mins half price line rental reply or call for delivery tomorrow,1
yay can t wait to party together,0
hello my boytoy geeee i miss you already and i just woke up i wish you were here in bed with me cuddling me i love you,0
what happen dear tell me,0
forwarded from please call immediately as there is an urgent message waiting for you,1
dear u ve been invited to xchat this is our final attempt to contact u txt chat to p msgrcvdhg suite lands row w j hl ldn yrs,1
i sent you lt gt bucks,0
never y lei i v lazy got wat dat day send me da url cant work one,0
ok try to do week end course in coimbatore,0
i m in a movie collect car oredi,0
i dont have i shall buy one dear,0
latest news police station toilet stolen cops have nothing to go on,1
went fast asleep dear take care,0
sure i am driving but will reach my destination soon,0
you are awarded a sipix digital camera call from landline delivery within days t cs box m bp yr warranty ppm p p money,1
i call you later don t have network if urgnt sms me,0
do u think that any girl will propose u today by seing ur bloody funky shit fucking face asssssholeeee,0
tell rob to mack his gf in the theater,0
no gifts you trying to get me to throw myself off a cliff or something,0
k i ll take care of it,0
your free ringtone is waiting to be collected simply text the password mix to to verify get usher and britney fml po box mk h ppw,1
free entry into our money weekly competition just text the word win to now t c url,1
mathews or tait or edwards or anderson,0
i reach home safe n sound liao,0
have you started in skye,0
i can make lasagna for you vodka,0
we are both fine thanks,0
single line with a big meaning miss anything ur best life but don t miss ur best life for anything gud nyt,0
hi finally i completed the course,0
as a registered subscriber yr draw a money gift voucher will b entered on receipt of a correct ans when are the next olympics txt ans to,1
theyre doing it to lots of places only hospitals and medical places are safe,0
haha dont be angry with yourself take it as a practice for the real thing,0
please da call me any mistake from my side sorry da pls da goto doctor,0
dont kick coco when he s down,0
come to me right now ahmad,0
hello sort of out in town already that so dont rush home i am eating nachos will let you know eta,0
u r the most beautiful girl ive ever seen u r my baby come and c me in the common room,0
nan sonathaya soladha why boss,0
you have an important customer service announcement from premier,1
leave it de start prepare for next,0
i ve not called you in a while this is hoping it was l r malaria and that you know that we miss you guys i miss bani big so pls give her my love especially have a great day,0
bring home some wendy d,0
you have won cash or a prize to claim call,1
really i crashed out cuddled on my sofa,0
lmao ok i wont be needing u to do my hair anymore,0
as if i wasn t having enough trouble sleeping,0
you best watch what you say cause i get drunk as a motherfucker,0
hi dude hw r u da realy mising u today,0
so can collect ur laptop,0
i don t quite know what to do i still can t get hold of anyone i cud pick you up bout pm and we can see if they re in the pub,0
yes i m in office da,0
we are at grandmas oh dear u still ill i felt shit this morning but i think i am just hungover another night then we leave on sat,0
ask g or iouri i ve told the story like ten times already,0
hmmm thk sure got time to hop ard ya can go free abt muz call u to discuss liao,0
surely result will offer,0
i jus reached home i go bathe first but my sis using net tell u when she finishes k,0
ok chinese food on its way when i get fat you re paying for my lipo,0
this message is from a great doctor in india do not drink appy fizz it contains cancer causing age,0
msg me when rajini comes,0
does cinema plus drink appeal tomo is a fr thriller by director i like on at mac at,0
i m putting it on now it should be ready for lt time gt,0
dad says hurry the hell up,0
hey gals anyone of u going down to e driving centre tmr,0
call to the number which is available in appointment and ask to connect the call to waheed fathima,0
are you planning to come chennai,0
hey pple money or money for nights excellent location wif breakfast hamper,0
hi my engagement has been fixd on lt gt th of next month i know its really shocking bt hmm njan vilikkam t ws al of a sudn,0
k k any special today,0
sounds gd haha can wah u yan jiu so fast liao,0
dunno lei i thk mum lazy to go out i neva ask her yet,0
my parents my kidz my friends n my colleagues all screaming surprise and i was waiting on the sofa naked,0
have you emigrated or something ok maybe was a bit hopeful,0
this message is free welcome to the new improved sex dogging club to unsubscribe from this service reply stop msgs p only,1
hey darlin i can pick u up at college if u tell me wen where mt love pete xx,0
hey sweet i was wondering when you had a moment if you might come to me i want to send a file to someone but it won t go over yahoo for them because their connection sucks remember when you set up that page for me to go to and download the format disc could you tell me how to do that or do you know some other way to download big files because they can download stuff directly from the internet any help would be great my prey teasing kiss,0
is avatar supposed to have subtoitles,0
panasonic bluetoothhdset free nokia free motorola free doublemins doubletxt on orange contract call mobileupd on or call optout,1
die now i have e toot fringe again,0
awesome i ll see you in a bit,0
that seems unnecessarily hostile,0
thanks for your ringtone order reference number x your mobile will be charged should your tone not arrive please call customer services from colour red text colour txtstar,1
eatin later but i m eatin wif my frens now lei going home first,0
i wish i don t think its gonna snow that much but it will be more than those flurries we usually get that melt before they hit the ground eek we haven t had snow since lt gt before i was even born,0
k come to nordstrom when you re done,0
hi test on lt gt rd,0
he s really into skateboarding now despite the fact that he gets thrown off of it and winds up with bandages and shit all over his arms every five minutes,0
cool want me to go to kappa or should i meet you outside mu,0
true dear i sat to pray evening and felt so so i sms d you in some time,0
what is this hex place you talk of explain,0
we regret to inform u that the nhs has made a mistake u were never actually born please report yor local hospital b terminated we r sorry the inconvenience,0
no messages on her phone i m holding it now,0
whatever juliana do whatever you want,0
in cbe in chennai,0
u say leh of course nothing happen lar not say v romantic jus a bit only lor i thk e nite scenery not so nice leh,0
no dear i do have free messages without any recharge hi hi hi,0
dont talk to him ever ok its my word,0
we have sent jd for customer service cum accounts executive to ur mail id for details contact us,0
your account for xxxxxxxxx shows unredeemed points to claim call identifier code xxxxx expires,1
wanna have a laugh try chit chat on your mobile now logon by txting the word chat and send it to no cm po box london w a zf p msg rcvd,1
o was not into fps then,0
no need for the drug anymore,0
missed call alert these numbers called but left no message,1
just sent again do you scream and moan in bed princess,0
i am going to sleep i am tired of travel,0
oic i saw him too but i tot he din c me i found a group liao,0
aiya we discuss later lar pick up at is it,0
yup from what i remb i think should be can book,0
nvm take ur time,0
i m home ard wat time will u reach,0
wen did you get so spiritual and deep that s great,0
i plane to give on this month end,0
the search happiness is of d main sources of unhappiness accept life the way it comes u will find happiness in every moment u live,0
themob yo yo yo here comes a new selection of hot downloads for our members to get for free just click open the next link sent to ur fone,1
wow the boys r back take that uk tour win vip tickets pre book with vip club txt club to trackmarque ltd info vipclub u,1
fuuuuck i need to stop sleepin sup,0
jay says he ll put in lt gt,0
on ma way to school can you pls send me ashley s number,0
u calling me right call my hand phone,0
in life when you face choices just toss a coin not becoz its settle the question but while the coin in the air u will know what your heart is hoping for gudni,0
in other news after hassling me to get him weed for a week andres has no money haughaighgtujhyguj,0
alrite sam its nic just checkin that this is ur number so is it t b,0
a cute thought for friendship its not necessary to share every secret with ur close frnd but watever u shared should be true,0
long time you remember me today,0
dude just saw a parked car with its sunroof popped up sux,0
how izzit still raining,0
i ll be in sch fr i dun haf da book in sch it s at home,0
twinks bears scallies skins and jocks are calling now don t miss the weekend s fun call at p min stop texts call nat rate,1
designation is software developer and may be she get chennai,0
yeah he got in at and was v apologetic n had fallen out and she was actin like spoilt child and he got caught up in that till but we won t go there not doing too badly cheers you,0
and you will expect you whenever you text hope all goes well tomo,0
i m working technical support voice process networking field,0
im fine babes aint been up much tho saw scary movie yest its quite funny want mrw afternoon at town or mall or sumthin xx,0
ur going bahamas callfreefone and speak to a live operator to claim either bahamas cruise of money cash only to opt out txt x to,1
gud ni dear slp well take care swt dreams muah,0
i like to think there s always the possibility of being in a pub later,0
gibbs unsold mike hussey,0
i tot u outside cos darren say u come shopping of course we nice wat we jus went sim lim look at mp player,0
thanx the time we ve spent geva its bin mint ur my baby and all i want is u xxxx,0
that s the way you should stay oh,0
when is school starting where will you stay what s the weather like and the food do you have a social support system like friends in the school all these things are important,0
sorry to trouble u again can buy d for my dad again all big small sat n sun thanx,0
thank u it better work out cause i will feel used otherwise,0
the fact that you re cleaning shows you know why i m upset your priority is constantly what i want to do not what i need to do,0
uncle boye i need movies oh guide me plus you know torrents are not particularly legal here and the system is slowing down what should i do have a gr day plus have you started cos i dont meet you online how was the honey moon,0
and very importantly all we discuss is between u and i only,0
im on gloucesterroad what are uup to later,0
no da today also i forgot,0
god s love has no limit god s grace has no measure god s power has no boundaries may u have god s endless blessings always in ur life gud ni,0
no did you check i got his detailed message now,0
good day to you too pray for me remove the teeth as its painful maintaining other stuff,0
how come she can get it should b quite diff to guess rite,0
wonders in my world th you th ur style th ur smile th ur personality rd ur nature nd ur sms and st ur lovely friendship good morning dear,0
oh k i think most of wi and nz players unsold,0
okay same with me well thanks for the clarification,0
how have your little darlings been so far this week need a coffee run tomo can t believe it s that time of week already,0
dear regret i cudnt pick call drove down frm ctla now at cochin home left mobile in car ente style ishtamayoo happy bakrid,0
al he does is moan at me if n e thin goes wrong its my fault al de arguments r my fault fed up of him of himso y bother hav go thanx xx,0
hi the sexychat girls are waiting for you to text them text now for a great night chatting send stop to stop this service,1
text meet someone sexy today u can find a date or even flirt its up to u join just p reply with name age eg sam msg recd thirtyeight pence,1
how much are we getting,0
fyi i m gonna call you sporadically starting at like lt gt bc we are not not doin this shit,0
why did i wake up on my own gt,0
somewhr someone is surely made u and god has decided a perfect time to make u meet dat person till den enjoy ur crushes,0
that means you got an a in epi she s fine she s here now,0
nah i don t think he goes to usf he lives around here though,0
xmas offer latest motorola sonyericsson nokia free bluetooth or dvd double mins txt on orange call mobileupd on or call optout qf,1
most of the tiime when i don t let you hug me it s so i don t break into tears,0
hi darlin how was work did u get into trouble ijust talked to your mum all morning i had a really good time last night im goin out soon but call me if u can,0
lmao nice,0
u dun say so early hor u c already then say,0
thats cool where should i cum on you or in you,0
am not interested to do like that,0
it didnt work again oh ok goodnight then i ll fix and have it ready by the time you wake up you are very dearly missed have a good night sleep,0
finally the match heading towards draw as your prediction,0
awesome be there in a minute,0
and is there a way you can send shade s stuff to her and she has been wonderful too,0
got smaller capacity one quite ex,0
r comin back for dinner,0
its ok chikku and its my of favourite song,0
bloomberg message center why wait apply for your future url bloomberg com,1
you intrepid duo you have a great time and see you both soon,0
not thought bout it drink in tap spile at seven is that pub on gas st off broad st by canal ok,0
so that takes away some money worries,0
i am back good journey let me know if you need any of the receipts shall i tell you like the pendent,0
yeah jay s sort of a fucking retard,0
hi technical support providing assistance to us customer through call and email,0
reminder you have not downloaded the content you have already paid for goto url mymoby tv to collect your content,1
our prashanthettan s mother passed away last night pray for her and family,0
i prefer my free days tues wed fri oso can ask those workin lor,0
k jason says he s gonna be around so i ll be up there around lt gt,0
may b approve panalam but it should have more posts,0
nah dub but je still buff,0
they finally came to fix the ceiling,0
u will switch your fone on dammit,0
yeah go on then bored and depressed sittin waitin for phone to ring hope the wind drops though scary,0
how s my loverboy doing what does he do that keeps him from coming to his queen hmmm doesn t he ache to speak to me miss me desparately,0
s but mostly not like that,0
y wan to go there c doctor,0
just sleeping and surfing,0
oh okie lor we go on sat,0
i ll leave around four ok,0
well obviously not because all the people in my cool college life went home,0
no but you told me you were going before you got drunk,0
leave it u will always be ignorant,0
ok the theory test when are going to book i think it s on may coz thought wanna go out with jiayin but she isnt free,0
get ready for lt gt inches of pleasure,0
yesterday its with me only now am going home,0
ok how many should i buy,0
so is there anything specific i should be doing with regards to jaklin or what because idk what the fuck,0
lul im gettin some juicy gossip at the hospital two nurses are talking about how fat they are gettin and one thinks shes obese oyea,0
lol that s different i don t go trying to find every real life photo you ever took,0
free entry into our money weekly comp just send the word win to now t c url,1
babe i need your advice,0
u sick still can go shopping,0
you can stop further club tones by replying stop mix see my tone com enjoy html for terms club tones cost gbp week mfl po box mk wt,1
and maybe some pressies,0
hi darlin i cantdo anythingtomorrow as myparents aretaking me outfor a meal when are u free katexxx,0
k i ll be sure to get up before noon and see what s what,0
tension face smiling face waste face innocent face terror face cruel face romantic face lovable face decent face lt gt joker face,0
but am going to college pa what to do are else ill come there it self pa,0
how is it possible to teach you and where,0
i ll probably be by tomorrow or even later tonight if something s going on,0
k k how is your business now,0
then i buy,0
i dont want to hear anything,0
finish already yar they keep saying i mushy i so embarrassed ok,0
cause i m not freaky lol,0
aft i finish my lunch then i go str down lor ard smth lor u finish ur lunch already,0
money you r a lucky winner claim your prize text money over money million to give away ppt x normal text rate box w t jy,1
todays vodafone numbers ending with are selected to a receive a money award if your number matches call to receive your money award,1
xmas iscoming ur awarded either money cd gift vouchers free entry r money weekly draw txt music to tnc,1
i m always looking for an excuse to be in the city,0
i can ask around but there s not a lot in terms of mids up here,0
you getting back any time soon,0
are you wet right now,0
i am literally in bed and have been up for like lt gt hours,0
think i might have to give it a miss am teaching til twelve then have lecture at two damn this working thing,0
i career tel have added u as a contact on indyarocks com to send free sms to remove from phonebook sms no to lt gt,0
i wont touch you with out your permission,0
i finished my lunch already u wake up already,0
a few people are at the game i m at the mall with iouri and kaila,0
i wont get concentration dear you know you are my mind and everything,0
shant disturb u anymore jia you,0
that day you asked about anand number why,0
yup i havent been there before you want to go for the yoga i can call up to book,0
mmmm i cant wait to lick it,0
many times we lose our best ones bcoz we are,0
hi customer loyalty offer the new nokia mobile from only money at txtauction txt word start to no get yours now t ctxt tc p mtmsg,1
love it daddy will make you scream with pleasure i am going to slap your ass with my dick,0
k i deleted my contact that why,0
where are you what do you do how can you stand to be away from me doesn t your heart ache without me don t you wonder of me don t you crave me,0
hmm bad news hype park plaza money studio taken only left bedrm money,0
freemsg fancy a flirt reply date now join the uks fastest growing mobile dating service msgs rcvd just p to optout txt stop to reply date now,1
haha but no money leh later got to go for tuition haha and looking for empty slots for driving lessons,0
thanks for the vote now sing along with the stars with karaoke on your mobile for a free link just reply with sing now,1
hmm shall i bring a bottle of wine to keep us amused just joking i ll still bring a bottle red or white see you tomorrow,0
someone u know has asked our dating service contact you cant guess who call now all will be revealed pobox ls hb p,1
msgs r not time pass they silently say that i am thinking of u right now and also making u think of me at least a moment gd nt swt drms shesil,0
i promise to take good care of you princess i have to run now please send pics when you get a chance ttyl,0
party s at my place at usf no charge but if you can contribute in any way it is greatly appreciated and yeah we got room for one more,0
well i have to leave for my class babe you never came back to me hope you have a nice sleep my love,0
i dunno they close oredi not v ma fan,0
yavnt tried yet and never played original either,0
i called but no one pick up e phone i ask both of them already they said ok,0
well the weather in cali s great but its complexities are great you need a car to move freely its taxes are outrageous but all in all its a great place the sad part is i missing home,0
wat happened to the cruise thing,0
we live in the next lt gt mins,0
the gas station is like a block away from my house you ll drive right by it since armenia ends at swann and you have to take howard,0
dear umma she called me now,0
oh k k where did you take test,0
mine here like all fr china then so noisy,0
hmm my uncle just informed me that he s paying the school directly so pls buy food,0
nah wednesday when should i bring the mini cheetos bag over,0
u still havent got urself a jacket ah,0
yeah i think my usual guy s still passed out from last night if you get ahold of anybody let me know and i ll throw down,0
i ve been searching for the right words to thank you for this breather i promise i wont take your help for granted and will fulfil my promise you have been wonderful and a blessing at all times,0
yup i thk so until e shop closes lor,0
juz go google n search qet,0
eh u send wrongly lar,0
yep get with the program you re slacking,0
no we put party days a week and study lightly i think we need to draw in some custom checkboxes so they know we re hardcore,0
we re finally ready fyi,0
just got outta class gonna go gym,0
free ring tone just text polys to then every week get a new tone yrs only money wk,1
long after i quit i get on only like minutes a day as it is,0
ok lar i double check wif da hair dresser already he said wun cut v short he said will cut until i look nice,0
yeah we wouldn t leave for an hour at least how s sound,0
it s only money ard rest all ard money at least which is price bedrm money,0
waiting my tv show start lor u leh still busy doing ur report,0
lol i would but my mom would have a fit and tell the whole family how crazy and terrible i am,0
sweet we may or may not go to u to meet carlos so gauge patty s interest in that,0
some of them told accenture is not confirm is it true,0
there the size of elephant tablets u shove um up ur ass,0
thanks for your ringtone order reference number x your mobile will be charged should your tone not arrive please call customer services,1
by march ending i should be ready but will call you for sure the problem is that my capital never complete how far with you how s work and the ladies,0
camera you are awarded a sipix digital camera call fromm landline delivery within days,1
oh thanks a lot i already bought eggs,0
so the sun is anti sleep medicine,0
i was about to do it when i texted i finished a long time ago and showered and er ything,0
how come u got nothing to do,0
wow i love you sooo much you know i can barely stand it i wonder how your day goes and if you are well my love i think of you and miss you,0
sports fans get the latest sports news str ur mobile wk free plus a free tone txt sport on to url norm txt p,1
i to am looking forward to all the sex cuddling only two more sleeps,0
ok i go change also,0
k you are the only girl waiting in reception ah,0
they have a thread on the wishlist section of the forums where ppl post nitro requests start from the last page and collect from the bottom up,0
cheers for the card is it that time of year already,0
hi this is yijue can i meet u at tmr,0
wat uniform in where get,0
how much r willing to pay,0
freemsg our records indicate you may be entitled to pounds for the accident you had to claim for free reply with yes to this msg to opt out text stop,1
beerage,0
sorry i guess whenever i can get a hold of my connections maybe an hour or two i ll text you,0
you d like that wouldn t you jerk,0
i need details about that online job,0
how about clothes jewelry and trips,0
big brother alert the computer has selected u for k cash or voucher call ntt po box cro bt landline cost ppm mobiles vary,1
two fundamentals of cool life walk like you are the king or walk like you dont care whoever is the king gud nyt,0
compliments to you was away from the system how your side,0
okay lor will they still let us go a not ah coz they will not know until later we drop our cards into the box right,0
say thanks,0
just sent it so what type of food do you like,0
aight will do thanks again for comin out,0
that was random saw my old roomate on campus he graduated,0
mmmmm i loved waking to your words this morning i miss you too my love i hope your day goes well and you are happy i wait for us to be together again,0
send his number and give reply tomorrow morning for why you said that to him like that ok,0
yes from last week itself i m taking live call,0
i m aight wat s happening on your side,0
now thats going to ruin your thesis,0
it s cool let me know before it kicks off around lt gt i ll be out and about all day,0
and picking them up from various points going yeovil and they will do the motor project hours and then u take them home max very easy,0
ard like dat lor,0
hi di is yijue we re meeting at pm at esaplanade tonight,0
pansy you ve been living in a jungle for two years its my driving you should be more worried about,0
free top polyphonic tones call national rate get a toppoly tune sent every week just text subpoly to money per pole unsub,1
just chill for another hrs if you could sleep the pain is not a surgical emergency so see how it unfolds okay,0
how abt making some of the pics bigger,0
dunno my dad said he coming home bring us out lunch yup i go w u lor i call u when i reach school lor,0
k give back my thanks,0
aslamalaikkum insha allah tohar beeen muht albi mufti mahfuuz meaning same here,0
good afternoon on this glorious anniversary day my sweet j i hope this finds you happy and content my prey i think of you and send a teasing kiss from across the sea coaxing images of fond souveniers you cougar pen,0
no problem baby is this is a good time to talk i called and left a message,0
no message no responce what happend,0
thanks love but am i doing torch or bold,0
da is good good player why he is unsold,0
was just about to ask will keep this one maybe that s why you didn t get all the messages we sent you on glo,0
beautiful truth against gravity read carefully our heart feels light when someone is in it but it feels very heavy when someone leaves it good night,0
reverse is cheating that is not mathematics,0
so ll be submitting da project tmr rite,0
right it wasnt you who phoned it was someone with a number like yours,0
you are a great role model you are giving so much and i really wish each day for a miracle but god as a reason for everything and i must say i wish i knew why but i dont i ve looked up to you since i was young and i still do have a great day,0
goal arsenal henry v liverpool henry scores with a simple shot from yards from a pass by bergkamp to give arsenal a goal margin after mins,1
i dont thnk its a wrong calling between us,0
i m really not up to it still tonight babe,0
prof you have passed in all the papers in this sem congrats student enna kalaachutaarama prof gud mrng,0
when login dat time dad fetching home now,0
hai ana tomarrow am coming on morning lt decimal gt ill be there in sathy then we ll go to rto office reply me after came to home,0
my new years eve was ok i went to a party with my boyfriend who is this si then hey,0
oh shit i thought that was your trip loooooool that just makes so much more sense now grins and the sofa reference was the sleep on a couch link you sent me wasn t that how you went on your trip oh and didn t your babe go with you for that celebration with your rents,0
r u still working now,0
she s find i sent you an offline message to know how anjola s now,0
once a fishrman woke early in d mrng it was very dark he waited a while amp found a sack ful of stones he strtd throwin thm in d sea pass time atlast he had jus stone sun rose up amp he found out tht those r nt stones those were diamonds moral dont wake up early in d mrng good night,0
it s ok at least armand s still around,0
am i that much dirty fellow,0
jos ask if u wana meet up,0
ha both of us doing e same thing but i got tv watch u can thk of where go tonight or u already haf smth in mind,0
yeah i ll try to scrounge something up,0
hey sexy buns have i told you i adore you loverboy i hope you remember to thank your sister in law for those meatballs grins i love you babe,0
hottest pics straight to your phone see me getting wet and wanting just for you xx text pics to now txt costs p textoperator g ga xxx,1
do you want a new video phone anytime any network mins text for only five pounds per week call now or reply for delivery tomorrow,1
do you think i can move lt gt in a week,0
just hopeing that wasn t too pissed up to remember and has gone off to his sisters or something,0
for the most sparkling shopping breaks from per person call or visit url,1
yeh i am def up something sat just got payed day i havbeen given a money pay rise my work havebeen made preschoolco ordinator i am feelingood luv,0
if you don t respond imma assume you re still asleep and imma start calling n shit,0
wat makes u thk i ll fall down but actually i thk i m quite prone falls lucky my dad at home i ask him come n fetch me already,0
you still at grand prix,0
see the forwarding message for proof,0
then you are eldest know,0
i m in office now i will call you lt gt min,0
i cant wait to see you how were the photos were useful,0
cool so how come you havent been wined and dined before,0
only once then after ill obey all yours,0
not a lot has happened here feels very quiet beth is at her aunts and charlie is working lots just me and helen in at the mo how have you been,0
have you not finished work yet or something,0
that would be good i ll phone you tomo lunchtime shall i to organise something,0
goin to workout lor muz lose e fats,0
what he said is not the matter my mind saying some other matter is there,0
hey i ve booked the lessons on sun liao,0
aight that ll work thanks,0
i m still looking for a car to buy and have not gone the driving test yet,0
twenty past five he said will this train have been to durham already or not coz i am in a reserved seat,0
yeah probably i still gotta check out with leo,0
ha i wouldn t say that i just didn t read anything into way u seemed i don t like be judgemental i save that for fridays in the pub,0
yo you around just got my car back,0
what about this one then,0
hi frnd which is best way to avoid missunderstding wit our beloved one s,0
sure if i get an acknowledgement from you that it s astoundingly tactless and generally faggy to demand a blood oath fo,0
id have to check but there s only like bowls worth left,0
shit babe thasa bit messed up yeh she shudvetold u did urgran know neway illspeak u moro wen im not asleep,0
hey looks like i was wrong and one of the kappa guys numbers is still on my phone if you want i can text him and see if he s around,0
don t worry is easy once have ingredients,0
call me when u finish then i come n pick u,0
hello peach my cake tasts lush,0
gsoh good with spam the ladies u could b a male gigolo join the uk s fastest growing mens club reply oncall mjzgroup stop reply stop email,1
hcl chennai requires freshers for voice process excellent english needed salary upto lt gt call ms suman lt gt for telephonic interview via indyarocks com,0
back in brum thanks for putting us up and keeping us all and happy see you soon,0
hey i will be late ah meet you at,0
yeah we do totes when u wanna,0
okie thanx,0
ok im not sure what time i finish tomorrow but i wanna spend the evening with you cos that would be vewy vewy lubly love me xxx,0
lt gt great loxahatchee xmas tree burning update you can totally see stars here,0
thank u,0
i love ya too but try and budget your money better babe gary would freak on me if he knew,0
we left already we at orchard now,0
v skint too but fancied few bevies waz gona go meet othrs in spoon but jst bin watchng planet earth sofa is v comfey if i dont make it hav gd night,0
i m serious you are in the money base,0
so many people seems to be special at first sight but only very few will remain special to you till your last sight maintain them till life ends take cr da,0
staff science nus edu sg phyhcmk teaching pc,0
would really appreciate if you call me just need someone to talk to,0
no need to buy lunch for me i eat maggi mee,0
please protect yourself from e threats sib never asks for sensitive information like passwords atm sms pin thru email never share your password with anybody,0
nope i ll come online now,0
no but we ll do medical missions to nigeria,0
he like not v shock leh cos telling shuhui is like telling leona also like dat almost all know liao he got ask me abt ur reaction lor,0
thk some of em find wtc too far weiyi not goin e rest i dunno yet r ur goin dinner den i might b able to join,0
baaaaaaaabe wake up i miss you i crave you i need you,0
doing project w frens lor,0
don t b floppy b snappy happy only gay chat service with photo upload call p min stop our texts call,1
reply to win money weekly what professional sport does tiger woods play send stop to to end service,1
hey you still want to go for yogasana coz if we end at cine then can go bathe and hav the steam bath,0
i wish u were here i feel so alone,0
just so that you know yetunde hasn t sent money yet i just sent her a text not to bother sending so its over you dont have to involve yourself in anything i shouldn t have imposed anything on you in the first place so for that i apologise,0
just seeing your missed call my dear brother do have a gr day,0
have got few things to do may be in pub later,0
nationwide auto centre or something like that on newport road i liked them there,0
update your face book status frequently,0
its just the effect of irritation just ignore it,0
never try alone to take the weight of a tear that comes out of ur heart and falls through ur eyes always remember a stupid friend is here to share bslvyl,0
tell me pa how is pain de,0
same here but i consider walls and bunkers and shit important just because i never play on peaceful but i guess your place is high enough that it don t matter,0
u repeat e instructions again wat s e road name of ur house,0
no rushing i m not working i m in school so if we rush we go hungry,0
omw back to tampa from west palm you hear what happened,0
good friends care for each other close friends understand each other and true friends stay forever beyond words beyond time gud ni,0
seriously tell her those exact words right now,0
will u meet ur dream partner soon is ur career off a flyng start find out free txt horo followed by ur star sign e g horo aries,1
what u mean u almost done done wif sleeping but i tot u going to take a nap yup i send her liao so i m picking her up at ard smth lor,0
am up to my eyes in philosophy,0
i had askd u a question some hours before its answer,0
old orchard near univ how about you,0
not heard from u a while call rude chat private line to cum wan c pics of me gettin shagged then text pix to end send stop sam xxx,1
glad to see your reply,0
this is wishing you a great day moji told me about your offer and as always i was speechless you offer so easily to go to great lengths on my behalf and its stunning my exam is next friday after that i will keep in touch more sorry,0
don t give a flying monkeys wot they think and i certainly don t mind any friend of mine and all that,0
sorry mail,0
i sent you the prices and do you mean the lt gt g,0
ok i m coming home now,0
ultimately tor motive tui achieve korli,0
actually fuck that just do whatever do find an excuse to be in tampa at some point before january though,0
k u also dont msg or reply to his msg,0
then u drive lor,0
he telling not to tell any one if so treat for me hi hi hi,0
not yet just i d like to keep in touch and it will be the easiest way to do that from barcelona by the way how ru and how is the house,0
any chance you might have had with me evaporated as soon as you violated my privacy by stealing my phone number from your employer s paperwork not cool at all please do not contact me again or i will report you to your supervisor,0
how much did ur hdd casing cost,0
loans for any purpose even if you have bad credit tenants welcome call noworriesloans com on,1
he said i look pretty wif long hair wat but i thk he s cutting quite short me leh,0
captain is in our room,0
great i was getting worried about you just know that a wonderful and caring person like you will have only the best in life know that u r wonderful and god s love is yours,0
you do your studies alone without anyones help if you cant no need to study,0
we r outside already,0
when did i use soc i use it only at home dunno how type it in word ar,0
i am not sure about night menu i know only about noon menu,0
do u noe how send files between computers,0
k k sms chat with me,0
huh hyde park not in mel ah opps got confused anyway if tt s e best choice den we juz have to take it,0
eatin my lunch,0
k k apo k good movie,0
can you tell shola to please go to college of medicine and visit the academic department tell the academic secretary what the current situation is and ask if she can transfer there she should ask someone to check sagamu for the same thing and lautech its vital she completes her medical education in nigeria its less expensive much less expensive unless she will be getting citizen rates in new zealand,0
k do i need a login or anything,0
feel like trying kadeem again v,0
lt gt mins but i had to stop somewhere first,0
let me know how to contact you i ve you settled in a room lets know you are ok,0
thanks for your message i really appreciate your sacrifice i m not sure of the process of direct pay but will find out on my way back from the test tomorrow i m in class now do have a wonderful day,0
g wants to know where the fuck you are,0
haha really oh no how then will they deduct your lesson tmr,0
yes nigh you cant aha,0
you can donate money to unicef s asian tsunami disaster support fund by texting donate to money will be added to your next bill,1
hope you are feeling great pls fill me in abiola,0
turns out my friends are staying for the whole show and won t be back til lt gt so feel free to go ahead and smoke that money lt gt worth,0
meeting u is my work tel me when shall i do my work tomorrow,0
well i might not come then,0
dear voucher holder to claim this weeks offer at you pc please go to url ts cs apply,1
at home watching tv lor,0
check mail i have mailed varma and kept copy to you regarding membership take care insha allah,0
urgent please call from your landline your complimentary lux costa del sol holiday or money cash await collection ppm sae t cs james eh rr,1
yes he is really great bhaji told kallis best cricketer after sachin in world very tough to get out,0
thts god s gift for birds as humans hav some natural gift frm god,0
mmmm fuck not fair you know my weaknesses grins pushes you to your knee s exposes my belly and pulls your head to it don t forget i know yours too wicked smile,0
miles and smiles r made frm same letters but do u know d difference smile on ur face keeps me happy even though i am miles away from u keep smiling good nyt,0
that s one of the issues but california is okay no snow so its manageable,0
lol i know they re so dramatic schools already closed for tomorrow apparently we can t drive in the inch of snow were supposed to get,0
am okay will soon be over all the best,0
really do hope the work doesnt get stressful have a gr day,0
my mobile number pls sms ur mail id convey regards to achan amma rakhesh qatar,0
my fri ah okie lor goin my drivin den go shoppin after tt,0
wrong phone this phone i answer this one but assume the other is people i don t well,0
i have no money steve mate,0
laptop i noe infra but too slow lar i wan fast one,0
hi where you you in home or calicut,0
fighting with the world is easy u either win or lose bt fightng with some who is close to u is dificult if u lose u lose if u win u still lose,0
i told your number to gautham,0
oh ok wat s ur email,0
call me when you get the chance plz lt,0
i re met alex nichols from middle school and it turns out he s dealing,0
at home also,0
i know a few people i can hit up and fuck to the yes,0
heart is empty without love mind is empty without wisdom eyes r empty without dreams amp life is empty without frnds so alwys be in touch good night amp sweet dreams,0
wat time u finish ur lect today,0
its on in engalnd but telly has decided it won t let me watch it and mia and elliot were kissing damn it,0
am not working but am up to eyes in philosophy so will text u later when a bit more free for chat,0
tacos rajas burrito right,0
pls go ahead with watts i just wanted to be sure do have a great weekend abiola,0
k actually can you guys meet me at the sunoco on howard it should be right on the way,0
if i not meeting all rite then i ll go home lor if dun feel like comin it s ok,0
nights we nt staying at port step liao too ex,0
feb lt gt is i love u day send dis to all ur valued frnds evn me if comes back u ll gt married d person u luv if u ignore dis u will lose ur luv evr,0
watching cartoon listening music amp at eve had to go temple amp church what about u,0
well balls time to make calls,0
you ll never believe this but i have actually got off at taunton wow,0
how its a little difficult but its a simple way to enter this place,0
nothing but we jus tot u would ask cos u ba gua but we went mt faber yest yest jus went out already mah so today not going out jus call lor,0
that s cool i ll come by like lt gt ish,0
kate jackson rec center before ish right,0
oi when you gonna ring,0
ree entry in a weekly comp for a chance to win an ipod txt pod to to get entry std txt rate t c s apply for details,1
no i m not gonna be able to too late notice i ll be home in a few weeks anyway what are the plans,0
good good billy mates all gone just been jogging again did enjoy concert,0
i m going for bath will msg you next lt gt min,0
auction round the highest bid is now money next maximum bid is money to bid send bids e g to bid money to good luck,1
i m ok will do my part tomorrow,0
what u wearing,0
me n him so funny,0
shuhui has bought ron s present it s a swatch watch,0
come by our room at some point so we can iron out the plan for this weekend,0
bangbabes ur order is on the way u should receive a service msg download ur content if u do not goto wap bangb tv on ur mobile internet service menu,1
dear we got lt gt dollars hi hi,0
send a logo ur lover names joined by a heart txt love name name mobno eg love adam eve to yahoo pobox w wq txtno no ads p,1
thanks fills me with complete calm and reassurance,0
alright if you re sure let me know when you re leaving,0
tmr timin still da same wat cos i got lesson until,0
i guess it is useless calling u something important,0
nah i m a perpetual dd,0
how long does applebees fucking take,0
oh yes why is it like torture watching england,0
so wat s da decision,0
that means from february to april i ll be getting a place to stay down there so i don t have to hustle back and forth during audition season as i have since my sister moved away from harlem,0
for fear of fainting with the of all that housework you just did quick have a cuppa,0
hmm too many of them unfortunately pics obviously arent hot cakes its kinda fun tho,0
our prasanth ettans mother passed away last night just pray for her and family,0
k k then watch some films,0
for my family happiness,0
up to wan come then come lor but i din c any stripes skirt,0
i will spoil you in bed as well,0
glad it went well come over at then we ll have plenty of time before claire goes to work,0
whom you waited for yesterday,0
s but he had some luck catches put down,0
i wait inside da car park,0
lol no i just need to cash in my nitros hurry come on before i crash out,0
daddy will take good care of you,0
dunno i juz askin cos i got a card got off a salon called hair sense so i tot it s da one cut ur hair,0
well im computerless time to make some oreo truffles,0
lol no just trying to make your day a little more interesting,0
otherwise had part time job na tuition,0
i m going lunch now wif my family then aft dat i go str orchard lor,0
yup anything lor if u dun wan it s ok,0
do you like shaking your booty on the dance floor,0
k did you call me just now ah,0
don t make life too stressfull always find time to laugh it may not add years to your life but surely adds more life to ur years gud ni swt dreams,0
u goin out nite,0
not getting anywhere with this damn job hunting over here,0
ringtoneking,1
if anyone calls for a treadmill say you ll buy it make sure its working i found an ad on craigslist selling for money lt gt,0
i think i m waiting for the same bus inform me when you get there if you ever get there,0
at bruce b downs amp fletcher now,0
good morning my boytoy how s those yummy lips where s my sexy buns now what do you do do you think of me do you crave me do you need me,0
say this slowly god i love you amp i need you clean my heart with your blood send this to ten special people amp u c miracle tomorrow do it pls pls do it,0
yes i m small kid and boost is the secret of my energy,0
pls send me the correct name da,0
headin towards busetop,0
free entry into our money weekly comp just send the word enter to now t c url cust care,1
eat jap done oso aft ur lect wat got lect at rite,0
ok lor thanx in school,0
s finish meeting call me,0
sure whenever you show the fuck up gt,0
forgot you were working today wanna chat but things are ok so drop me a text when you re free bored etc and i ll ring hope all is well nose essay and all xx,0
he remains a bro amongst bros,0
dont let studying stress you out l r,0
how much she payed suganya,0
am going to take bath ill place the key in window,0
so how many days since then,0
i see when we finish we have loads of loans to pay,0
a bloo bloo bloo i ll miss the first bowl,0
waaaat lololo ok next time then,0
yo yo yo byatch whassup,0
r going today s meeting,0
freemsg today s the day if you are ready i m horny live in your town i love sex fun games netcollex ltd p per msg reply stop to end,1
you have won a guaranteed award or maybe even money cash to claim ur award call free on its a legitimat efreefone number wat do u think,1
i need you to be in my strong arms,0
cant believe i said so many things to you this morning when all i really wanted to say was good morning i love you have a beautiful morning see you in the library later,0
shall i come to get pickle,0
hi happy birthday hi hi hi hi hi hi hi,0
i hope your alright babe i worry that you might have felt a bit desparate when you learned the job was a fake i am here waiting when you come back my love,0
god asked what is forgiveness a little child gave lovely reply it is d wonderful fruit that a tree gives when it is being hurt by a stone good night,0
good afternoon my love any job prospects are you missing me what do you do are you being lazy and bleak hmmm or happy and filled with my love,0
how did you find out in a way that didn t include all of these details,0
today is sorry day if ever i was angry with you if ever i misbehaved or hurt you plz plz just slap urself bcoz its ur fault i m basically good,0
what is your account number,0
just forced myself to eat a slice i m really not hungry tho this sucks mark is getting worried he knows i m sick when i turn down pizza lol,0
you have won as a valued vodafone customer our computer has picked you to win a money prize to collect is easy just call,1
no it will reach by only she telling she will be there i dont know,0
is there any training tomorrow,0
hi darlin i hope you had a nice night i wish i had come cant wait to see you love fran ps i want dirty anal sex and i want a man gang bang,0
sad story of a man last week was my b day my wife did nt wish me my parents forgot n so did my kids i went to work even my colleagues did not wish,0
no current and food here i am alone also,0
goodmorning today i am late for hrs because of back pain,0
don t think about what u have got think about how to use it that you have got good ni,0
erutupalam thandiyachu,0
babe you said hours and it s been almost is your internet down,0
i am in your office na,0
apart from the one i told you about yesterday,0
an amazing quote sometimes in life its difficult to decide whats wrong a lie that brings a smile or the truth that brings a tear,0
hey i booked the kb on sat already what other lessons are we going for ah keep your sat night free we need to meet and confirm our lodging,0
congrats mobile g videophones r yours call now videochat wid ur mates play java games dload polyph music noline rentl bx ip we p,1
you still around i could use a half th,0
are you coming to day for class,0
aight no rush i ll ask jay,0
o guess they both got screwd,0
small problem in auction punj now asking tiwary,0
hey very inconvenient for your sis a not huh,0
ur ringtone service has changed free credits go to club mobiles com to choose content now stop txt club stop to p wk club po box mk wt,1
i can t keep going through this it was never my intention to run you out but if you choose to do that rather than keep the room clean so i don t have to say no to visitors then maybe that s the best choice yes i wanted you to be embarassed so maybe you d feel for once how i feel when i have a friend who wants to drop buy and i have to say no as happened this morning i ve tried everything i don t know what else to do,0
tension ah what machi any problem,0
although i told u dat i m into baig face watches now but i really like e watch u gave cos it s fr u thanx everything dat u ve done today i m touched,0
im on the snowboarding trip i was wondering if your planning to get everyone together befor we go a meet and greet kind of affair cheers,0
hi baby im cruisin with my girl friend what r u up give me a call in and hour at home if thats alright or fone me on this fone now love jenny xxx,0
check wid corect speling i e sarcasm,0
you available now i m like right around hillsborough amp lt gt th,0
i dont have any of your file in my bag i was in work when you called me i ll tell you if i find anything in my room,0
email more games from thedailydraw dear helen dozens of free games with great prizeswith,1
there is a first time for everything,0
hello how s you and how did saturday go i was just texting to see if you d decided to do anything tomo not that i m trying to invite myself or anything,0
oh as usual vijay film or its different,0
i m going out to buy mum s present ar,0
pls pls find out from aunt nike,0
money i have won wining number wot do i do next,1
r u sure they ll understand that wine good idea just had a slurp,0
one of best dialogue in cute reltnship wen i die dont come near my body bcoz my hands may not come wipe ur tears off that time gud ni,0
yes princess toledo,0
cab is available they pick up and drop at door steps,0
response is one of d powerful weapon occupy a place in others heart so always give response who cares u gud night swt dreams take care,0
you are now unsubscribed all services get tons of sexy babes or hunks straight to your phone go to url no subscriptions,1
lets use it next week princess,0
urgent we are trying to contact u todays draw shows that you have won a money prize guaranteed call from land line claim m valid hrs only,1
same as kallis dismissial in nd test,0
its ok my arm is feeling weak cuz i got a shot so we can go another time,0
who were those people were you in a tour i thought you were doing that sofa thing you sent me your curious sugar,0
not directly behind abt rows behind,0
hey gals u all wanna meet dinner at n te,0
where are the garage keys they aren t on the bookshelf,0
k go and sleep well take rest,0
i m not coming home dinner,0
and smile for me right now as you go and the world will wonder what you are smiling about and think your crazy and keep away from you grins,0
poyyarikatur kolathupalayam unjalur post erode dis lt gt,0
that way transport is less problematic than on sat night by the way if u want to ask n to join my bday feel free but need to know definite nos as booking on fri,0
goodnight sleep well da please take care pa please,0
new textbuddy chat horny guys in ur area just p free receive search postcode or at gaytextbuddy com txt one name to rpl stop cnl,1
amazing if you rearrange these letters it gives the same meaning dormitory dirty room astronomer moon starer the eyes they see election results lies lets recount mother in law woman hitler eleven plus two twelve plus one its amazing,0
i m fine hope you are also,0
take care n get well soon,0
urgent your costa del sol holiday or money await collection call now toclaim sae tc s pobox stockport sk xh cost money pm max mins,1
o ic lol should play doors sometime yo,0
she was supposed to be but couldn t make it she s still in town though,0
yar else i ll thk of all sorts of funny things,0
a money networks allow companies to bill for sms so they are responsible for their suppliers just as a shop has to give a guarantee on what they sell b g,1
you have won a guaranteed money cash or a money prize to claim yr prize call our customer service representative on,1
hi chikku send some nice msgs,0
ah well that confuses things doesn t it,0
i noe la u wana pei bf oso rite k lor other days den,0
ok leave no need to ask,0
so gd got free ice cream i oso wan,0
dont give a monkeys wot they think and i certainly don t mind any friend of mine all that just don t sleep wiv that wud be annoyin,0
good afternoon sexy buns how goes the job search i wake and you are my first thought as always my love i wish your fine and happy and know i adore you,0
huh so late fr dinner,0
well welp is sort of a semiobscure internet thing,0
no its true k do u knw dis no lt gt,0
what time is ur flight tmr,0
is ur paper in e morn or aft tmr,0
happy birthday to you dear with lots of love rakhesh nri,0
how s it going got any exciting karaoke type activities planned i m debating whether to play football this eve feeling lazy though,0
i got to video tape pple type in message lor u so free wan help me hee cos i noe u wan watch infernal affairs so ask u along asking shuhui oso,0
i want to show you the world princess how about europe,0
this pen thing is beyond a joke wont a biro do don t do a masters as can t do this ever again,0
haha awesome omw back now then,0
painful words i thought being happy was the most toughest thing on earth but the toughest is acting happy with all unspoken pain inside,0
i dont know exactly could you ask chechi,0
so how are you really what are you up to how s the masters and so on,0
so i m doing a list of buyers,0
ladies first and genus second k,0
yes how is a pretty lady like you single,0
i can but it will tell quite long cos i haven t finish my film yet,0
dude sux for snake he got old and raiden got buff,0
no prob i will send to your email,0
one day a crab was running on the sea shore the waves came n cleared the footprints of the crab crab asked being my frnd y r u clearing my beautiful footprints waves replied a fox was following ur footprints to catch you thats y i cleared it off frndsship never lets u dwn gud nyt,0
i don t think i can get away for a trek that long with family in town sorry,0
lol great now im getting hungry,0
k i might come by tonight then if my class lets out early,0
free unlimited hardcore porn direct your mobile txt porn to get free access for hrs then chrgd p per day txt stop exit this msg is free,1
if e timing can then i go w u lor,0
am i the only one who doesn t stalk profiles,0
good morning princess happy new year,0
i luv u soo much u don t understand how special u r me ring u morrow luv u xxx,0
awww dat is sweet we can think of something to do he he have a nice time tonight ill probably txt u later cos im lonely xxx,0
i forgot ask all smth there s a card on da present lei how all want write smth or sign on it,0
yo i m at my parents gettin cash good news we picked up a downstem,0
urgent your mobile no xxxxxxxxx won a money bonus caller prize on this is the nd attempt to reach you call asap,1
ok k sry i knw siva tats y i askd,0
aiyah u did ok already lar e nydc at wheellock,0
how much is torch in ja,0
nope meanwhile she talk say make i greet you,0
merry christmas to you too babe i love ya kisses,0
k i ll work something out,0
hi my love how goes that day fuck this morning i woke and dropped my cell on the way down the stairs but it seems alright phews i miss you,0
urgent we are trying to contact you last weekends draw shows that you have won a money prize guaranteed call claim code s valid hrs only,1
that depends how would you like to be treated,0
great i have to run now so ttyl,0
actually i decided i was too hungry so i haven t left yet v,0
