clean_message,label_encoded
told dr appt next week think gon na die told check nothing worried listen,0
important customer service announcement call freephone,1
hey going quit soon xuhui working till end month,0
hungry buy food good lei mum yun dun wan juz buy little bit,0
ok tell stay yeah tough optimistic thing improve month,0
reason spoken year anyways great week best exam,0
pathaya enketa maraikara pa,0
enjoy shower possessiveness poured ur loved one bcoz world lie golden gift loved truly,0
well great weekend,0
aiyah ok wat long got improve already wat,0
surfing online store offer want buy thing,0
home doc gave pain med say everything fine,0
smith waste da wan na gayle,0
ok ya,0
nite,0
well like actually called someone punto woulda worse,0
take small dose tablet fever,0
nt goin got somethin unless meetin dinner lor haha wonder go ti time,0
send text skype later,0
lt gt fast approaching wish happy new year happy sankranti happy republic day happy valentine day happy shivratri happy ugadi happy fool day happy may day happy independence day happy friendship mother father teacher childrens day amp happy birthday happy ganesh festival happy dasara happy diwali happy christmas lt gt good morning afternoon evening night rememberi first wishing raj,0
xmas story peace xmas msg love xmas miracle jesus hav blessed month ahead amp wish merry xmas,0
yes glad made,0
ok take ur time enjoy ur dinner,0
da intro cover energy trend pro con brief description nuclear fusion oso brief history iter jet got abt half page,0
gettin bit arty collage mo well tryin ne way got roast min lovely shall enjoy,0
sorry missed babe late slept hope enjoy driving lesson boytoy miss teasing kiss,0
talk others probably come early tomorrow,0
big brother really scraped barrel shower social misfit,0
cant come search job,0
thing change sentence want concentrate educational career im leaving,0
talking thats de wont,0
haha kidding papa need drug,0
sir send group mail check,0
find sitter kaitlyn sick slept day yesterday,0
really tot ur paper ended long ago wat copied jus got use happy lar still haf study,0
spending new year brother family let plan meet next week ready spoiled,0
guessin gon na,0
lmao fish memory need,0
hi msg office,0
faith make thing possible hope make thing work love make thing beautiful may three christmas merry christmas,0
nvm going wear sport shoe anyway going late leh,0
hi asked waheeda fathima leave,0
day say cut ur hair paragon called hair sense noe much hair cut,0
jus came back fr lunch wif si leh,0
nice sheffield tom air opinion category used measure ethnicity next census busy transcribing,0
got xmas radio time get,0
sac need carry,0
dont think turn like randomlly within min opening,0
also fuck family going rhode island wherever fuck leaving alone week new bong gt,0
eh remember spell name yes naughty make wet,0
today voda number ending selected receive award hava match please call quoting claim code standard rate app,1
raviyog peripheral bhayandar east,0
bishan lei tot say lavender,0
check nuerologist,0
moby pub quiz win money high street prize know new duchess cornwall txt first name unsub stop money sp arrow,1
jus hope true missin co really missin done anything feel guilty yet,0
need th campus atm could pick hour two,0
remind hr,0
gon na get deus ex,0
princess like make love lt gt time per night hope thats problem,0
sex ur mobile free sexy pic jordan text babe every wk get sexy celeb pocketbabe co uk pic money wk,1
ill soon,0
sorry call later meeting,0
fantasy football back tv go sky gamestar sky active play money dream team scoring start saturday register sky opt,1
trip ok quite tiring lor uni start today ok co taking module jus concentrating final yr project,0
hi darlin ive got back really nice night thanks much lift see tomorrow xxx,0
aah cuddle would lush need lot tea soup kind fumbling,0
going film day da pm sorry da,0
cashbin co uk get lot cash weekend url dear welcome weekend got biggest best ever cash give away,1
sense foot penis,0
ur lecture,0
something ate,0
please send aunty number,0
yes fine,0
uncle abbey happy new year abiola,0
dear ok,0
yo im right yo work,0
many thing antibiotic used chest abdomen gynae infection even bone infection,0
said text one time,0
unique enough find th august url,1
great diddy neighbor come toothpaste every morning,0
alright omw got ta change order half th,0
winner specially selected receive money cash holiday flight inc speak live operator claim,1
come,0
lunch alone bored,0
room number wan na make sure knocking right door,0
msg jus said thanks gift,0
getting worried derek taylor already assumed worst,0
dear cherthala case coming cochin pls call bfore start shall also reach accordingly tell day coming tmorow engaged an holiday,0
drop tank,0
put sign choose number pin show right,0
dear shall mail tonite busy street shall update tonite thing looking ok varunnathu edukkukayee raksha ollu good one real sense,0
nosy guess idk reacting freaked,0
sorry brah finished last exam,0
life nothing wen get everything life everything wen miss something real value people wil realized absence gud mrng,0
need stop going bed make fucking dealing,0
happy new year dear brother really miss got number decided send text wishing happiness abiola,0
thk wat eat tonight,0
probably earlier station think,0
ahhhh woken bad dream tho dont like right didnt know anything comedy night guess im,0
love want flood pretty pussy cum,0
free text message valid december,1
ok thats cool either raglan rd edward rd behind cricket ground gim ring ur closeby see tuesday,0
fair enough anything going,0
outbid simonwatson shinco dvd plyr bid visit sm ac smsrewards end bid notification reply end,1
promise though even gotten dinner yet,0
hmv bonus special pound genuine hmv voucher answer easy question play send hmv info url,1
open rebtel firefox load put plus sign user name place show two number lower number number pick number pin display okay,0
yo guess dropped,0
wud never mind dont miss dont need wil really hurt wen need amp dont tell take care,0
send resume,0
sorry dude dont know forgot even dan reminded sorry hope guy fun,0
rt king pro video club need help email call must club credit redeemable url enjoy,1
moji love word rich day,0
oh outside player allowed play know,0
sam eachother meet go house,0
another month need chocolate weed alcohol,0
someone know asked dating service contact cant guess call revealed po box wu,1
oh gei happend tron maybe ill dl,0
hmmm thought said hour slave late punish,0
anything lor,0
ok gentleman treat dignity respect,0
received understood acted upon,0
oh kay sat right,0
feel like dick keep sleeping text facebook message sup town,0
pls wont belive god jesus,0
great new offer double min double txt best orange tariff get latest camera phone free call mobileupd free stoptxt c,1
abeg make profit start using get sponsor next event,0
daddy shu shu looking wan tell singapore wat,0
oops shower called hey parking garage collapsed university hospital see crazy stuff like happen,0
sorry call later,0
ryder unsold gibbs,0
know grumpy old people mom like better lying always one play joke,0
dad get back,0
lol real told dad cancer,0
oooh got plenty,0
sorry flaked last night shit seriously goin roommate tonight,0
addie amp art get home,0
fine remember,0
sitting mu waiting everyone get suite take shower,0
yup shd haf ard page add figure got many page,0
excellent ready moan scream ecstasy,0
get class bsn like lt gt minute know advising,0
alright set text man,0
coming home class right need work shower,0
ok lor early still project meeting,0
hi decide wot get bday ill prob jus get voucher frm virgin sumfing,0
lovely night wake see message hope smile knowing great morning,0
home ready,0
oz guy kinda flaky one friend interested picking money lt gt worth tonight possible,0
yupz oredi booked slot weekend liao,0
must sit around wait summer day celebrate magical sight world dressed white oooooh let snow,0
creep,0
get ready put excellent sub face,0
sir receive account another hr time sorry delay,0
men like shorter lady gaze eye,0
love know feel make belly warm wish love shall meet dream ahmad adoring kiss,0
waiting car dat bored wat co wait outside got nothing home stuff watch tv wat,0
ditto worry saying anything anymore like said last night whatever want peace,0
ola would get back maybe today told direct link u getting car bid online arrange shipping get cut partnership invest money shipping take care rest wud self reliant soon dnt worry,0
anything lor decide,0
left dessert wan go suntec look,0
join lt gt bus,0
even friend priest call,0
leave,0
cool text way,0
mean still think teju,0
sweet heart,0
customer place wil cal sir,0
hope much fun without see tomorrow love jess,0
fucking chickened messaged would late woould buzz hear word,0
gud mrng dear nice day,0
greatest test courage earth bear defeat without losing heart gn tc,0
surly ill give coming review,0
come tomorrow di,0
yes last practice,0
know result,0
oh half hour much longer syria canada eh wow must get much work done day u extra time grin,0
came look flat seems ok away alot wiv work got woman coming,0
continent,0
wondering would okay call uncle john let know thing nigeria lt gt dollar year sent know strain plan pay back every dime give every dime expect anything practical something like,0
ok may free gym,0
din tell jus,0
orange customer may claim free camera phone upgrade loyalty call offer end thmarch apply opt availa,1
love someone dont make love much love much dont want loved anyone except gud nit,0
mmmmm sooooo good wake word morning love mmmm fuck love lion devouring kiss across sea,0
watching lotr si dis aft wan meet dinner nite,0
company good environment terrific food really nice,0
haha sound crazy dunno tahan anot,0
none happening til get though,0
thanx puttin da fone,0
lunch online,0
freemsg replied text randy sexy female live local luv hear netcollex ltd per msg reply stop end,1
thanks honey great day,0
urgent please call landline abta complimentary tenerife holiday cash await collection sae c box cw wx ppm,1
change window logoff sound,0
sorry missed call please call back,0
thanx today cer nice catch ave find time often oh well take care soon,0
thank winner notified sm good luck future marketing reply stop customer service,1
saw message da,0
yes innocent fun,0
honeymoon outfit,0
sorry pa dont knw ru pa,0
reminder get pound free call credit detail great offer pls reply text valid name house postcode,1
sorry sir call tomorrow senthil hsbc,0
good going,0
well lot thing happening lindsay new year sigh bar ptbo blue heron something going,0
mean left early check co working,0
nothing much chillin home super bowl plan,0
oh unintentionally bad timing great finger train play along give fifteen min warning,0
keeping away like,0
class lt gt reunion,0
tf,1
aight chillin friend room text way,0
well slightly disastrous class pm fav darling hope day ok coffee wld good stay late tomorrow time place always,0
accidentally deleted message resend please,0
welcome uk mobile date msg free giving free calling future mg billed daily cancel send go stop,1
fuck cedar key fuck come anyway tho,0
coming funeral home,0
omg want scream weighed lost weight woohoo,0
post class,0
esplanade mind giving lift co got car today,0
dear invited xchat final attempt contact txt chat,1
watching live,0
thanks lot wish birthday thanks making birthday truly memorable,0
mobile club choose top quality item mobile cfca,1
oi ami parchi na kicchu kaaj korte iccha korche na phone ta tul na plz plz,0
finished missing plenty,0
da vijay going talk jaya tv,0
sorry chikku cell got problem thts nt able reply msg,0
playng door game gt racing phone lol,0
lol alright thinkin haha,0
cme want go ho morow wil cme got dear didnt say time,0
usually body take care buy making sure doesnt progress pls continue talk saturday,0
rock yr chik get filthy film xxx pic yr phone rply filth saristar ltd yt per day stop cancel,1
heard anything answering text guessing flaked said jb fantastic,0
india going draw series many year south african soil,0
hello call wen finish wrk fancy meetin wiv tonite need break dabooks hr last nite today wrk,0
sir need axis bank account bank address,0
sick needy want pout stomp foot pout stomp foot want slave want,0
oh yeah clearly fault,0
mths half price orange line rental latest camera phone free phone mths call mobilesdirect free update stoptxt c,1
may call later pls,0
still work going small house,0
raji pls favour pls convey birthday wish nimya pls today birthday,0
hamster dead hey tmr meet pm orchard mrt,0
santa calling would little one like call santa xmas eve call book time call ppm last min url,1
way home long dry spell season would,0
time month mid time,0
goodmorning today late lt decimal gt min,0
comingdown later,0
guy get used dumb realize,0
mah pick tomorrow,0
cheer tex mecause werebored yeah okden hunny uin wk sat sound likeyour havin gr fun keep updat countinlots loveme xxxxx,0
try making another butt,0
text carlos let know hang,0
hi hun im comin nite tell every im sorry hope ava goodtime oli rang melnite ifink mite sorted il explain everythin mon r,0
kind took garage centre part exhaust need replacing part ordered taking fixed tomo morning,0
thanks loving rock,0
gentle princess make sweet gentle love,0
ok prob take ur time,0
dont know jabo abi,0
well uv cause mutation sunscreen like essential thesedays,0
thought see,0
kothi print marandratha,0
dont worry day big lambu ji vl come til enjoy batchlor party,0
pete please ring meive hardly gotany credit,0
like hotel dusk game think solve puzzle area thing,0
pls speak wont ask anything friendship,0
total disappointment texted craziest shit got,0
ur chance win money cash every wk txt play url custcare wk,1
sent score sophas secondary application school think thinking applying research cost also contact joke ogunrinde school one less expensive one,0
derp worse dude always want party dude file complaint three drug abuser life,0
true lov care wil nevr go unrecognized though somone often make mistake valuing definitly undrstnd start missing,0
work week,0
hello hello hi lou sorry took long reply left mobile friend lancaster got bak neway im sorry make ur day hun,0
natalie inviting friend reply yes see url stop send stop frnd,1
challenge know,0
also track lighter find,0
cool breeze bright sun fresh flower twittering bird waiting wish goodmorning amp nice day,0
miss call miss call khelate kintu opponenter miss call dhorte lage thats rule one great phone receiving quality win,0
nice day impressively sensible went home early feel fine boring remember,0
best line said love wait till day forget day realize forget gn,0
kallis home ground amla home town durban,0
ok gon na head usf like fifteen minute,0
daddy bb,0
back work morro half term nite sexy passion go back chat luv dena call money minmobsmorelkpobox hp fl,1
lem know swing pick free basically time semester,0
decided yet eh,0
famous quote develop ability listen anything unconditionally without losing temper self confidence mean married,0
teach apps da come college,0
need lar go engin co si art today,0
urgent mobile money bonus caller prize nd attempt reach call asap box qp ppm,1
good stuff,0
splashmobile choose gr tone wk subscrition service weekly tone costing one credit kick back enjoy,1
haiyoh maybe hamster jealous million,0
happened yo date,0
sure thing big man hockey election go longer hour though,0
thanks subscription ringtone uk mobile charged money month please confirm replying yes reply charged,1
movie juz last minute decision mah juz watch lar tot interested,0
actual exam harder nbme,0
way rencontre meet mountain dont,0
package program well,0
still attending da talk,0
thanx lot ur help,0
hi ya babe goten bout scammer getting smart though regular vodafone respond get prem rate msg subscription no used also beware,1
asked mobile chatlines inclu free min india cust servs sed yes er got mega bill dont giv shit bailiff due day money want money,1
hey time driving fri go evaluation fri,0
bring tat cd forget,0
money get ok,0
sm auction brand new nokia auction today auction free join take part txt nokia,1
beautiful tomorrow never come come already today hunt beautiful tomorrow waste wonderful today goodmorning,0
unique user id removal send stop customer service,1
account credited free text message activate txt word credit c url,1
hey gave photo registered driving ah tmr wan na meet yck,0
put stuff road keep getting slippery,0
anyway think secure anything lem know want drive south chill,0
nutter cutter ctter cttergg cttargg ctargg ctagg ie,0
draw va dont think,0
anything lor go go lor,0
hey come online use msn,0
er yeah sorry tell pub cafe sit come wen,0
hello going village pub either come accordingly ok,0
haha good hear officially paid market th,0
seen facebook huh lol,0
cool time think get,0
dun wan dun like already ah wat still eating,0
life alle mone eppolum oru pole allalo,0
coming back thursday yay gon na ok get money cheer oh yeah everything alright hows school call work,0
guy getting back said thinking staying mcr,0
ha must walk everywhere take tram cousin said walk vic market hotel,0
reached already,0
ok lor town lei,0
wow think common take back ur freak unless chop,0
going wipro interview today,0
wait know wesley town bet hella drug,0
jus finish watching tv,0
slept time,0
pa selected,0
ok problem frm wats matter,0
know know send chat let find msg rcvd hg suite land row hl ldn year,1
havent add yet right,0
hey fancy meetin cha hav lil beverage txt ring meet quite tired got pist love pete,0
lol ok ill try send warned sprint dead slow prolly get tomorrow,0
dont make ne plan nxt wknd coz want u come ok,0
sir waiting call,0
aiyo always ex one dunno abt mei reply first time reply fast lucky workin huh got bao ur sugardad ah gee,0
chennai velachery,0
want get laid tonight want real dogging location sent direct ur mob join uk largest dogging network bt txting gravel nt ec msg,1
helloooo wake sweet morning welcome enjoy day full joy gud mrng,0
anyway going shopping co si done yet dun disturb liao,0
motivate behind every darkness shining light waiting find behind every best friend always trust love bslvyl,0
know raping dude poker,0
moon come color dream star make musical sm give warm peaceful sleep good night,0
make squeezed lt gt buck dad,0
glad following dream,0
safe trip nigeria wish happiness soon company share moment,0
ur cash balance currently pound maximize ur cash send go meg cc hg suite land row hl,1
know serving mean,0
private account statement,1
dance river,0
hi babe likely bed im sorry tonight really wan na see tomorrow call love xxx,0
gon na ring weekend wot,0
allo braved bus taken train triumphed mean ham jolly good rest week,0
sure checking happening around area,0
ok,0
hi mom might back later lt gt,0
lol ok forgiven,0
good evening sir hope nice day wanted bring notice late paying rent past month pay money lt gt charge felt would inconsiderate nag something give great cost didnt speak however recession wont able pay charge month hence askin well ahead month end please help thank everything,0
head min see,0
sim subscriber selected receive bonus get delivered door txt word ok claim msg exp apr,1
speaking cash yet,0
important information orange user xxxxxxx today lucky day find log onto url fantastic surprise awaiting,1
probably lt gt,0
hate call didnt accept even single call mine even messaged,0
pls clarify back open return ticket preponed go back kerala,0
st andre virgil cream,0
get official england poly ringtone colour flag yer mobile tonight game text tone flag optout txt eng stop box wx money,1
want funk ur fone weekly new tone reply tone text url original best tone gbp network operator rate apply,1
got home babe still awake,0
umma say anything,0
hoping would send message rent due dont enough reserve completely gone loan need hoping could balance lt gt way could get till mid march hope pay back,0
filthy story girl waiting,1
man carlos definitely coming mu tonight excuse,0
thought praps meant another one goodo look tomorrow,0
finished work yet,0
oh come tomorrow,0
friend stay fb chat,0
hey gorgeous man work mobile number good one babe squishy mwahs,0
haf eaten wat time wan come,0
squeeeeeze christmas hug lik frndshp den hug back get cute luvd lucky none people hate,0
winner specially selected receive money holiday flight inc speak live operator claim min,1
thanks honey still heard anything leave bit longer crowd try later great advice thanks hope cardiff still,0
yeah basically time next week get away mom amp get,0
master buy bb co sale bf,0
none nowhere ikno doesdiscount shitinnit,0
friend use call,0
need go get,0
ringtone club get uk single chart mobile week choose top quality ringtone message free charge,1
sorry im getting feel really bad totally rejected kinda thing,0
lara said loan lt gt,0
hi darlin im way london smashed another driver big dent im really missing xxx,0
real getting yo need ticket one jacket done already used multis,0
made appointment,0
said gon na snow start around pm tonite predicting inch accumulation,0
stop old man get build snowman snow angel snowball fight,0
think go honesty road call bank tomorrow tough decision make u great people,0
congratulation ore mo owo wa enjoy wish many happy moment fro wherever go,0
yes texted pshew missing much,0
siva hostel aha,0
oh got job whats,0
blank blank wat blank lol,0
super msg da nalla timing,0
ha ha ha good joke girl situation seeker,0
plan manage,0
dear reache room,0
de asking like,0
also sorta blown couple time recently id rather text blue looking weed,0
xclusive clubsaisai morow soiree speciale zouk nichols paris free rose lady info,1
ok finish,0
guy go see movie side,0
doc appointment next week tired shoving stuff ugh normal body,0
gram usually run like lt gt half eighth smarter though get almost whole second gram lt gt,0
wana plan trip sometme,0
anytime lor,0
call tell call claim money prize enter ur mobile personal detail prompt careful,1
im gonnamissu much would say il send postcard buttheres aboutas much chance merememberin asthere ofsi breakin contract luv yaxx,0
tmr brin lar aiya later come lar mayb neva set properly got da help sheet wif,0
come lt pas lar,0
give u back id proof lt gt r wont allow work come home within day,0
goodmorning sleeping ga,0
hurting meaningful line ever compromised everything love end love compromised everything gud mornin,0
jay say double faggot,0
id onluy matter getting offcampus,0
love as enjoy doggy style,0
thank meet monday,0
ugh hopefully asus ppl dont randomly reformat,0
nd time tried contact pound prize claim easy call per min bt national rate,1
several sir,0
wot wed nite til,0
get free mobile video player free movie collect text go free extra film ordered apply yr,1
good evening,0
working ringing thing whole houseful screaming brat pulling hair loving,0
mm umma ask vava also come tell play later together,0
wanted wish happy new year wanted talk legal advice gary split person make trip ptbo hope everything good babe love ya,0
hi babe jordan im home abroad lonely text back wan na chat xxsp visionsms com text stop stopcost,1
sent wife text buy tell relax go get wkend,0
text way,0
book lesson msg call work sth going get spec membership px,0
sorry call later meeting sir,0
luton ring ur around,0
ok lar joking wif oni,0
sweet well princess please tell like dislike bed,0
ok thanx,0
hiya probably coming home weekend next,0
hear new divorce barbie come ken stuff,1
bothering trust answer pls,0
ya well fine bbd pooja full pimple even become quite black ur rite cold wearing sweatter,0
poking man everyday teach canada abi saying hi,0
good study well,0
lt gt mca conform,0
forwarded free entry money weekly comp send word enter url,1
next amazing xxx picsfree video sent enjoy one vid enough day text back keyword picsfree get next video,1
ever easier,0
also remember bead come ever,0
chance reality fantasy show call per min ntt ltd po box croydon cr wb national rate call,1
winner valued network customer hvae selected receive money reward collect call valid hour acl pm,1
new mobile must go txt nokia collect today money url optout gbp mtmsg txtauction,1
hellogorgeous hows fone charge lst nitw wen texd hopeu ad nice wkend im sure lookin ward mrw luv jaz,0
gent trying contact last weekend draw show money prize guaranteed call claim code valid hr ppm,1
time wrkin,0
mmm fuck merry christmas,0
valentine game send dis msg ur friend answer someone really love ques colour suit best,0
hey still gym,0
sitting ard nothing lor leh busy work,0
started searching get job day great potential talent,0
height confidence aeronautics professor wer calld amp wer askd sit aeroplane aftr sat wer told dat plane w made student dey hurried plane bt didnt move said made student wont even start datz confidence,0
god created gap btwn ur finger dat sum vry special fill gap holding ur hand plz dont ask created much gap leg,0
leaving qatar tonite search opportunity went fast pls add ur prayer dear rakhesh,0
supposed wake gt,0
darling sister school resuming minimum wait period reapply take care,0
campus library,0
well gon na finish bath good fine night,0
yes mum lookin strong,0
yet ya sapna aunty manege day hogidhe chinnu full weak swalpa black agidhane,0
goodmorning grandfather expired leave today,0
thanks understanding trying tell sura,0
ya nice ready thursday,0
point hangin mr right makin happy,0
get door,0
howz pain hope fine,0
mean website yes,0
sound good finger make difficult type,0
cash prize claim call rstm sw s ppm,1
okie wan meet bishan co bishan driving today,0
good time nice something bit different weekend change see ya soon,0
lt gt pple marry lover becz hav gud undrstndng dat avoids problem sent dis wil get gud news friday person like tomorrow best day life dont break chain break suffer send lt gt frnds lt gt min whn read,0
always brainy one,0
si catching show afternoon watching wan watch today tmr lor,0
thank god bed,0
best msg hard person know one step foward make fall love amp one step back ruin ur friendship good night,0
staff placement training amrita college,0
midnight earliest,0
yo howz girl never rang india,0
way,0
reckon need arrange transport thanks,0
thanx lot,0
call,0
rounder required,0
booked ticket pongal,0
yes baby need stretch open pussy,0
da many page want,0
please leave topic sorry telling,0
swhrt dey hope ur ok tot day love miss take care,0
yes please swimming,0
bring got,0
discussed mother ah,0
think chennai well settled,0
really good dhanush rock,0
call plz number show coveragd area urgnt call vasai amp reach clock call plz,0
dont show far put new picture facebook,0
romantic,0
head straight,0
wife knew time murder exactly,0
nothing spl wat abt whr ru,0
cool text,0
argh spotty anyway thing remember research province sterling problem free place looked,0
aight let know gon na around usf,0
horrible gal knew dat going wif yest still come ask,0
hey boy want hot xxx pic sent direct ur phone txt porn hr free per day stop text stopbcm sf wc xx,1
said dun haf passport smth like dat juz send email account,0
well boy glad wasted night applebees nothing,0
really dun bluff leh sleep early nite,0
happy new year melody,0
go home liao ask dad pick,0
wont wat wit guy,0
see shadow get early spring yay,0
free st week nokia tone ur mob every week txt nokia get txting tell ur mate zed pobox wq norm tone,1
somebody go andros steal ice,0
really sorry able friday hope find alternative hope yr term going ok,0
guess could good excuse lol,0
pay first lar da stock comin,0
good night going sleep,0
oh getting even,0
alright see bit,0
bookedthe hut also time way,0
ok thanx gd nite,0
evening good somewhat event laden fill worry head ok throat wrecked see six,0
pls help tell ashley cant find number oh,0
dog must always wait till end day word run time cell already,0
half year missed friendship,0
message food,0
dai lt gt naal eruku,0
thx well month,0
ah see lingo let know wot earth finished making,0
know someone know fancy call find pobox l hb,1
bishan lar nearer need buy early co buy got ta park car,0
like italian food,0
definitely need module humanity dis sem izzit wan take module st,0
call tell infront call,0
fine absolutly fine,0
home always chat,0
staying town,0
please text anymore nothing else say,0
ok set let noe detail later,0
site simulate test give tough question test readiness,0
know stubborn even want go hospital kept telling mark weak sucker hospital weak sucker,0
come home one last time wont anything trust,0
nope going sch fri quite early lor co mys si got paper da morn,0
haha get used driving usf man know lot stoner,0
yes posted couple pic fb still snow outside waking,0
alrite hunny wot nite didnt end goin town jus da pub instead jus chillin da mo bedroom love jen xxx,0
serious like proper tongued,0
pub,0
ask darren go pick lor oso sian tmr haf meet lect,0
somewhere beneath pale moon light someone think dream come true goodnite amp sweet dream,0
da car park,0
boy made fun today ok problem sent one message fun,0
eat shit wait ur monkey face bitch asshole,0
hi hope ok said would text seen let gently please,0
make girl happy difficult make girl happy need friend companion lover chef lt gt good listener lt gt organizer lt gt good boyfriend lt gt clean lt gt sympathetic lt gt athletic lt gt warm lt gt courageous lt gt determined lt gt true lt gt dependable lt gt intelligent lt gt psychologist lt gt pest exterminator lt gt psychiatrist lt gt healer lt gt stylist lt gt driver aaniye pudunga venaam,0
stop wondering wow ever going stop tm ing tm whenever want mine laugh,0
reading text sent meant joke read light,0
come guoyang go tell told,0
guess want alone time could show watch,0
adult content video shortly,1
sorry pain ok meet another night spent late afternoon casualty mean done stuff moro includes time sheet sorry,0
home come within min,0
smoking people use wylie smoke much justify ruining shit,0
inside office still filling form know leave,0
spend day waiting ideal path appear front u forget path made walking waiting goodnight,0
mum hope great day hoping text meet well full life great day abiola,0
change fb jaykwon thuglyfe falconerf,0
hank lotsly,0
sad puppy noise,0
course math one day one chapter one month finish,0
honeybee said sweetest world god laughed amp said wait havnt met person reading msg moral even god crack joke gm gn ge gn,0
oh way food fridge want go meal tonight,0
thanx,0
really need shit tomorrow know awake like,0
really pig leh sleep much dad wake smth eat lunch today,0
stop however suggest stay someone able give or every stool,0
rather prominent bite mark right cheek,0
going,0
already sabarish asked go,0
seeing,0
thinking lifting one,0
normally use drink water daily,0
excellent spent lt gt year air force iraq afghanistan stable honest like traveling,0
missing pray inshah allah,0
hot live fantasy call per min ntt ltd po box croydon cr wb,1
gobi art college,0
tot group mate lucky havent reply wat time need leave,0
dear got train seat mine lower seat,0
hoping enjoyed game yesterday sorry touch pls know fondly bein thot great week abiola,0
apparently bffs carly quick,0
thesmszone com let send free anonymous masked message im sending message see potential abuse,1
hi wkend ok journey terrible wk good huge back log marking,0
saying explicitly told nora know someone probably gon na bother,0
thanx birthday already,0
nt driving even many reason called bbd thts chikku hw abt dvg cold heard tht vinobanagar violence hw condition hw ru problem,0
update xmas offer latest motorola sonyericsson nokia free bluetooth double min txt orange call mobileupd call optout,1
yes said,0
yup still coffee wif frens fren drove give lift,0
took mr owl lick,0
think asking gym excuse lazy people jog,0
call see facebook huh,0
nope waiting sch daddy,0
drive read need write,0
lol grr mom taking forever prescription pharmacy like minute away ugh,0
going sao mu today done,0
knew slept late yest wake late,0
selected stay top british hotel nothing holiday worth money claim call london bx sw s,1
hey whats plan sat,0
okey dokey swashbuckling stuff oh,0
slave want take picture today bright light cell phone bright light,0
try get lost fact tee hee,0
work timing,0
beautiful truth gravity read carefully heart feel light someone feel heavy someone leaf goodmorning,0
write wat,0
sorry lot friend friend stuff talk actual guy want buy,0
urgent nd attempt contact money prize yesterday still awaiting collection claim call,1
nah man car meant crammed full people,0
free ringtone reply real poly eg real pushbutton dontcha babygoodbye golddigger webeburnin st tone free join money wk,1
correct work today,0
weather,0
probably around mu lot,0
yo carlos friend already asking working weekend,0
spare power supply,0
meeting da call,0
black shirt blue jean thk,0
see swing bit got thing take care firsg,0
say dying man feel sad go wanted know would probably gone late night,0
say fantastic chance anything need bigger life lift losing live think would first person die,0
wait till bus pick,0
come pick ar,0
url monthlysubscription msg max month csc web age stop txt stop,1
come mahal bus stop lt decimal gt,0
oops got bit,0
alright good night,0
ur cash balance currently pound maximize ur cash send go msg cc hg suite land row hl,1
yep derek house see sunday lt,0
premium phone service call,1
ur balance money ur next question sang uptown girl answer txt ur answer good luck,1
aww first time said missed without asking missed first love,0
management puzzeles,0
actually waiting week start putting ad,0
watching tv lor,0
kallis ready bat nd inning,0
konw waht rael friendship im gving yuo exmpel jsut ese tihs msg evrey splleing tihs msg wrnog bt sitll yuo raed wihtuot ayn mitsake goodnight amp nice sleep sweet dream,0
boy best get yo as quick,0
go phone gon na die stay,0
cool text head,0
tell dear happen talking like alian,0
eaten day sitting staring juicy pizza eat med ruining life,0
try neva mate,0
gon na pick money burger way home even move pain killing,0
yun ah wkg btw go nu sc wana specialise wad,0
way tirupur,0
sorry unsubscribe yet mob offer package min term week pls resubmit request expiry reply themob help info,1
awesome think get th usf time tonight,0
one day training,0
ok ill tell company,0
dad gon na call get work ask crazy question,0
always yahoo messenger send message get may send mobile mode sha get reply,0
free entry weekly comp chance win ipod txt pod get entry std txt rate apply detail,1
yup ok go home look timing msg xuhui going learn nd may lesson,0
nice pub near frankie benny near warner cinema,0
going esplanade fr home,0
shall bring u bottle wine keep u amused joking bring one anyway,0
dear going rubber place,0
want go perumbavoor,0
called said choose future,0
sleeping nt feeling well,0
good morning princess,0
collecting ur laptop going configure da setting izzit,0
feel mr real valentine yo valentine even tho hardly play,0
much th fifty,0
ok good making money,0
dint come u,0
please tell car key purse,0
hope enjoyed new content text stop unsubscribe help provided tone co uk,1
den weekday got special price haiz cant eat liao cut nail oso muz wait finish drivin wat lunch still muz eat wat,0
go write msg put dictionary mode cover screen hand press lt gt gently remove ur hand interesting,0
chikku nt yet ya free,0
go normal pilate intro,0
girl many local virgin ready fil ur every sexual need fil text cute money,1
used hope agent drop since booked thing year whole boston nyc experiment,0
ok ill send lt decimal gt ok,0
ok come pick engin,0
might ax well im,0
lol would despite cramp like girl,0
wake already thanx tau sar piah quite nice,0
oh god taken teeth paining,0
try decided head,0
took hooch walk toaday fell splat grazed knee everything stayed home see tomorrow,0
together thinkin,0
pizza want,0
dear mood cant drive brother drive,0
living simple loving also simple laughing simple winning tooo simple simple difficult gud nte,0
free sat rite wan watch infernal affair wif darren mayb xy,0
tell headache want use hour sick time,0
stop calling everyone saying might cancer throat hurt talk answering everyones call get one call babysitting monday,0
sorry battery died yeah,0
said problem let know,0
mobile month entitled update latest colour mobile camera free call mobile update co free,1
notice like looking shit mirror youre turning right freak,0
yo call get chance friend mine wanted ask big order,0
want mapquest something look usf dogwood drive tiny street parking lot,0
hi good mornin thanku wish,0
sorry took long omw,0
oh yeah diet flew window,0
xmas new year eve ticket sale club day till pm thurs fri sat night week selling fast,1
yup already thanx printing handing,0
sea lay rock rock envelope envelope paper paper word,0
increase chance winning,0
tell reached,0
length top shorter got fringe thk going liao lazy dun wan distract also,0
road cant txt,0
wait till end march el nino get oh,0
okies go yan jiu skip ard oso go cine den go mrt one blah blah blah,0
yeah thinking,0
blanket sufficient thx,0
done mean,0
yo chad gymnastics class wan na take site say christian class full,0
didnt holla,0
oh fine tonight,0
ok knackered came home went sleep good full time work lark,0
im wondering right,0
think still car,0
sent like,0
sound like manky scouse boy steve like travelling da bus home wot inmind recreation dis eve,0
hey hun onbus goin meet want go meal donyt feel like cuz get last bus home he sweet latelyxxx,0
get phone wan na chat set meet call cum moro luv jane xx call money minmoremobsemspobox po wa,1
someonone know trying contact via dating service find could call mobile landline box sk ch,1
monday next week give full gist,0
tirupur da started office call,0
short cute good person dont try prove gud noon,0
told tell stupid hear wont tell anything dad called brother spoken,0
ft good combination,0
part initiate understand,0
sure yet still trying get hold,0
hello wats talk email address,0
ask meeting da ge tmr nite,0
love come took long leave zaher got word ym happy see sad left miss,0
ok way railway,0
apps class varaya elaya,0
long fuckin showr,0
haha yup hopefully lose kg mon hip hop go orchard weigh,0
know thing wrong everyso often panicks start goin bout bein good enough,0
bought one ringtone getting text costing pound offering tone etc,1
nope going home go pump petrol lor like going rain soon,0
yo around friend mine lookin pick later tonight,0
get chicken broth want ramen unless know,0
new year plan,0
awesome plan get time like lt gt text detail wee bit,0
buzz hey love think hope day go well sleep miss babe long moment together loving smile,0
urgent mobile number awarded money prize guaranteed call land line claim valid hr,1
ball moving lot spin last difficult bat,0
alright thanks advice enjoy night try get sleep,0
ok lor wat time finish,0
hey mr whats name bill brison book one language word,0
haf found feel stupid da cam working,0
take exam march,0
oh fuck sake like tallahassee,0
jay snickering tell totally fucking chord speak,0
kit strip billed netcollex ltd po box ig oja,1
arun transfr amt,0
well babe swollen gland throat end,0
course guess god got hold right,0
studying sch going home anyway going sch later,0
who class,0
guess first time created web page url read wrote waiting opinion want friend,1
planned yet going join company jan know happen,0
sorry vikky watching olave mandara movie kano trishul theatre wit frnds,0
cthen thk shd enuff still got conclusion content pg reference da content pg cover pg,0
urgent nd attempt contact money prize yesterday still awaiting collection claim call acl pm,1
guaranteed money cash money prize claim yr prize call customer service representative pm cost,1
course tease know simply must see grin keep posted prey loving smile devouring kiss,0
stupid auto correct phone,0
picked receipt something earlier,0
never blame day ur life good day give happiness bad day give experience essential life god blessing good morning,0
want new nokia colour phone delivered tomorrow free minute mobile free text free camcorder reply call,1
looking,0
girl stay bed girl need recovery time id rather pas fun cooped bed,0
escape theatre going watch kavalan minute,0
wan na gym,0
pick,0
nope watching tv home going bored,0
playin space poker,0
dont know come ask question like dont mistake,0
ah poop look like ill prob send laptop get fixed cuz gpu problem,0
told hr want posting chennai working,0
yes good crickiting mind,0
ask next sat make ok lor,0
ya taking ure practical lesson start june,0
wamma get laid want real doggin location sent direct mobile join uk largest dogging network txt dog nyt ec lp money msg,1
new textbuddy chat horny guy ur area free receive search postcode gaytextbuddy com txt one name,1
yar lor actually quite fast co da ge slow wat haha,0
ya one slow poo,0
becoz lt gt jan whn al post ofice holiday cn go fr post ofice got duffer,0
yup ok thanx,0
hello love go day wish well fine babe hope find job prospect miss boytoy teasing kiss,0
likely called mittelschmertz google dont paracetamol dont worry go,0
would like see xxx pic hot nearly banned uk,1
orange brings ringtones time chart hero free hit week go ringtones pic wap stop receiving tip reply stop,1
pls pls drink plenty plenty water,0
lil fever fine,0
ok sweet dream,0
wanted ask wait finish lect co lect finish hour anyway,0
send lt gt min,0
ok bag,0
photoshop make computer shut,0
ok lor msg call,0
jus finish lunch way home lor tot dun wan stay sch today,0
aight see bit,0
today song dedicated day song dedicate send ur valuable frnds first rply,0
marrow coming class,0
money price claim call,1
ha know either clever simple thing pear day perfect christmas,0
going join tomorrow,0
juz remembered got ta bathe dog today,0
download clear movie dvd copy,0
always putting business put picture as facebook one open people ever met would think picture room would hurt make feel violated,0
lol know awesome phone could click delete right want,0
sunshine quiz win super sony dvd recorder canname capital australia text mquiz,1
hanging brother family,0
yeah probs last night obviously catching speak soon,0
want tel one thing mistake message sent,0
sorry grocer,0
especially since talk boston personal statement lol woulda changed realized said nyc say boston,0
world happiest frnds never character dey best understanding difference,0
contacted dating service someone know find call land line pobox tg,1
everything weather keep extra warm cold nothing serious pls lot vitamin,0
much blackberry bold nigeria,0
know called,0
remain unconvinced elaborate test willpower,0
sm ac blind date rodds aberdeen united kingdom check url sm ac icmb cktz blind date send hide,1
dude fake frnds got money thts reffering member wit mail link vl credited lt gt r il getiing lt gt r draw acc wen lt gt r,0
dear take care reaching home love lot,0
dun need pick ur gf,0
hen night going swing,0
take something pain move however side next hr see doctor,0
course make stink,0
thank princess want see nice juicy booty,0
sleeping going take haha got spy wat online checking replying mail lor,0
want finally lunch today,0
pls give food preferably pap slowly load sugar take hour give water slowly,0
student solved cat question xam lt gt lt gt lt gt tell answer brilliant thing got answr,0
congratulation claim vip row ticket blu concert november blu gift guaranteed call claim t c url cost money max,1
already back home probably,0
please give u connection today lt decimal gt refund bill,0
making easy pay back lt gt yr say pay back earlier get,0
freemsg claim ur sm message text ok use web mobile ur mate etc join txt com wk box la wu remove txtx stop,1
sun cant come earth send luv ray cloud cant come river send luv rain cant come meet send care msg gud evng,0
hello thanx taking call got job start monday,0
kindly send one flat lt decimal gt today,0
new local date area lot new people registered area reply date start url reply,1
call meet,0
pls accept one day begging change number,0
know taj mahal symbol love lesser known fact mumtaz shahjahan th wife wife shahjahan killed mumtaz husband marry mumtaz died lt gt th delivery married mumtaz sister question arises hell love great hari,0
wake long ago already dunno thing,0
call senthil hsbc,0
different style,0
sound like many talent would like go dinner date next week,0
ya even cooky jelly,0
got lousy sleep kept waking every hour see cat wanted come worry cold,0
want explicit sex sec ring cost min,1
yo way could pick something tonight,0
going write ccna exam week,0
yes watching footie worried going blow phil neville,0
yup next stop,0
urgent mobile number awarded ukp prize guaranteed call landline claim valid hr ppm,1
urgent please call landline money cash holiday await collection c sae po box xy,1
ok problem yup going sch rem correctly,0
private account statement show un redeemed point call identifier code expires,1
real tho suck even cook whole electricity hungry,0
lol oh babe wont sliding place midnight thanks invite,0
subscribed best mobile content service uk money per day send stop helpline,1
yup elaborating safety aspect issue,0
ok lor anyway thk cant get ticket co like quite late already wan go look ur frens darren wif,0
might accidant tookplace somewhere ghodbandar rd traffic move slovely plz slip amp worry,0
might want pull case plan spending much confidence derek taylor money management,0
dunno co late reach inside already ate spageddies lor gal laughing lor,0
wat dear sleeping ah,0
natalja inviting friend reply yes see url stop send stop frnd,1
dude teresa hope okay didnt hear people called received package since dec lt gt thot ld like know fantastic year best reading plus really really bam first aid usmle work done,0
bad girl lady,0
alright took morphine back yo,0
late love mum,0
erm thought contract ran th october,0
sorry da thangam sorry held prasad,0
princess kitty shaved natural,0
ok would lovely sure think wot want drinkin dancin eatin cinema wot,0
get lion england tone reply lionm mono lionp poly go url original best tone gbp network operator rate apply,1
get opinion something first,0
goodmorning today late hr,0
coming whatever want,0
reached home tired come tomorro,0
forget though love walk beside watching keeping heart warm,0
double min double txt price linerental latest orange bluetooth mobile call mobileupd latest offer call optout lf,1
lolnice went fish water,0
gon na ask lol think,0
hey tmr maybe meet yck,0
aiyar poor thing give support jia think,0
get gandhipuram walk cross cut road right side lt gt street road turn first right,0
sorry missed call let talk time,1
text way cup stop work bus,0
tell need investigate anywhere,0
time prob,0
boooo always work quit,0
take phone callon friday assume year,0
carlos took leave minute,0
good afternoon babe go day job prospect yet miss love sigh,0
idk sitting stop shop parking lot right bawling eye feel like failure everything nobody want feel like failing,0
oh yeah hav great time newquay send postcard look girl im gone know im talkin bout xx,0
hows pain dear smiling,0
wonder phone battery went dead tell love babe,0
new voicemail please call,1
awesome lem know whenever around,0
urgent important information user today lucky day find log onto url fantastic surprise awaiting,1
still playing gautham,0
god bless get good sleep dear pray,0
hows street end library walk,0
oic better quickly go bathe settle,0
cool last little getting time soon,0
misplaced number sending text old number wondering heard year best mcat got number atlanta friend,0
maybe could get book tomo return immediately something,0
meet lobby,0
tunde wishing great day abiola,0
probably want pick,0
want come online,0
date sunday,0
haf keep busy,0
usf guess might well take car,0
piss talking someone realise point read backwards,0
whats coming hill monster hope great day thing going fine busy though,0
crucify told earlier,0
want grasp pretty booty,0
want send virtual hug need one,0
ya ok vikky vl witin lt gt min il reply,0
also north carolina texas atm would go gre site pay test result sent,0
send ur birthdate month year tel ur life partner name method calculation reply must,0
person sm survey,0
sunny california weather cool,0
well available washob nobbing last night ask nickey platt instead,0
see christmassy,0
early,0
heard week,0
reach home call,0
meeting da ge nite tmr,0
hi juan im coming home fri hey course expect welcome party lot present ill phone get back load love nicky,0
sorry got late start way,0
bognor splendid time year,0
xy trying smth eat already havent,0
simple arithmetic percentage,0
going nothing great bye,0
aiyo bit pai seh noe scared dun rem die hee become better lookin oredi leh,0
wot wan na missy,0
look like wil getting headstart im leaving bout ish desperate company could head earlier goin meet rummer,0
alfie moon child need song ur mob tell ur txt tone charity nokias poly charity polys zed profit charity,1
please ask mummy call father,0
poor girl go one day lmao,0
co want thing,0
ok said got wisdom teeth hidden inside mayb need remove,0
yes da plm ur office,0
day kick euro kept date latest news result daily removed send get txt stop,1
lol boo hoping laugh,0
sorry mate phone didnt write love kate,0
ummma call check life begin qatar pls pray hard,0
dunno lei decide lor abt leona oops tot ben going msg,0
sorry went bed early nightnight,0
rofl true name,0
free polyphonic ringtone text super get free poly tone week sn pobox nr z subscription pw,1
yes tv always available work place,0
dnt wnt tlk wid,0
hoping get away langport still town tonight,0
pete phone still jenny college leanne,0
free camera phone linerental month cross ntwk min price txt bundle deal also avble call call optout mf,1
ill min look,0
ey calm downon theacusations itxt co iwana know wotu doin thew end haventcn age ring ur nething sat love xxx,0
good afternoon love go day woke early online waiting hmmm italian boy online see grin,0
wot bitch,0
im sorry bout last nite ur fault spouse pmt sumthin give think shldxxxx,0
world suffers lot violence bad people silence good people gud night,0
cool like swimming pool jacuzzi house,0
pls make note exposed also find school anyone else vomiting dog cat house let know later,0
always chat fact need money raise,0
yar lor keep raining non stop wan go elsewhere,0
ah well confuses thing doesnt thought friend maybe wrong thing already sort invited tho may come co money,0
ok later showing around want cld drink wld prefer spend money nosh mind nxt wk,0
say bold torch later one torch bold,0
de seeing online shop asked,0
yes princess want make happy,0
sorry earlier putting fire around talk actually life lol,0
nokia phone lovly,0
cal sir meeting,0
important customer service announcement premier call freephone,1
come around lt decimal gt pm vikky otside nw il come tht time,0
number,0
dear call,0
opposite side dropped,0
watching surya movie pm vijay movie pokkiri,0
lov line hurt truth mind wil tolerat bcs ur someone never comfort lie gud ni sweet dream,0
ur cash balance currently pound maximize ur cash send cash msg cc hg suite land row hl,1
jesus armand really trying tell everybody find,0
want snow freezing windy,0
also fine complete course,0
yo come carlos soon,0
meanwhile shit suite xavier decided give u lt gt second warning samantha coming playing jay guitar impress shit also think doug realizes live anymore,0
network operator service free visit biz,1
aight tomorrow around lt gt,0
sure take sick time,0
oh great disturb talk,0
treasure every moment spend together,0
feel always happy slowly becomes habit amp finally becomes part life follow happy morning amp happy day,0
please give pick tuesday evening ok,0
yalru lyfu astne chikku bt innu mundhe lyf ali halla ke bilo marriage program edhae lyf nt yet ovr chikku ali vargu lyfu meow meow,0
min go lunch,0
love decision feeling could decide love life would much simpler less magical,0
sunshine quiz wkly win top sony dvd player know country algarve txt ansr money sp tyrone,1
back amp packing car let know room,0
got look scrumptious daddy want eat night long,0
takin shower yeah leave done,0
yes saw message,0
dai da send resume id,0
dear reach,0
one registered subscriber enter draw gift voucher replying enter unsubscribe text stop,1
wish many many return day happy birthday vikky,0
guy,0
issue right ill fix tomorrow,0
gon na blake night might able get little early,0
aiyo lesson early still sleepin haha okie go home liao den confirm lor,0
driving raining get caught mrt station lor,0
want talk,0
much got cleaning,0
think far find check google map place dorm,0
got tallent wasting,0
wil lt gt minute got space,0
reaching another stop,0
dare ask luck sorting car,0
fyi usf swing room whenever,0
still tonight,0
hey bored thinking wat,0
lol right diet everyday cheat anyway meant fatty,0
wait come lt gt min,0
want new video handset anytime network min half price line rental camcorder reply call delivery tomorrow,1
admin building might slightly earlier call reaching,0
wylie update weed dealer carlos went freedom class lunsford,0
rose red red blood blood heart heart send ti ur friend including like get back poor relation need support frnd many luvs praying god marry try,0
gorgeous keep pix cumming thank,0
give kvb acc detail,0
great send account number,0
get brand new mobile phone agent mob plus load goody info text mat,1
im late tellmiss im way,0
though shd go fun bar town something sound ok,0
save stress person dorm account send account detail money sent,0
sure see come bit,0
forgotten might couple buck send tomorrow love ya,0
true easier,0
yes trust buy new stuff asap try,0
wow right mean guess gave boston men changed search location nyc something changed cuz signin page still say boston,0
want get laid tonight want real dogging location sent direct ur mob join uk largest dogging network txting moan nyt ec msg,1
download fring app,0
hello darling today would love chat dont tell look like sexy,1
good need drug,0
jason say cool pick place like hour,0
kinda first one get twelve aah speak tomo,0
gr new service live sex video chat mob see sexiest dirtiest girl live ur phone detail text horny cancel send stop,1
ok need tell anything going sleep good night,0
que pas un buen tiempo something like,0
brother genius,0
co daddy arranging time wat time fetch mah,0
ooh got gon na start belly dancing moseley wed want join cafe,0
called dad oredi,0
would smoking help u work difficult time,0
nice talking please dont forget pix want see,0
shall book chez jules half eight ok,0
send naughty pix,0
im arestaurant eating squid wan na dosomething late,0
babe lost,0
know lt gt around,0
like dis sweater fr mango size already irritating,0
seriously spell name,0
remind get shall,0
boo babe enjoyin yourjob seemed gettin well hunny hope ure ok take care llspeak soonlots loveme xxxx,0
got lt gt,0
hiya sorry hav signal seen heard neither unusual put case get sort hug snogs,0
goodnight da thangam really miss dear,0
want see pretty pussy,0
registered sinco payee log icicibank com enter urn lt gt confirm beware fraud share disclose urn anyone,0
welcome please reply age gender begin,1
yup thk teacher said make face look longer darren ask cut short,0
dear angry busy dear,0
would great guild could meet bristol road somewhere get touch weekend plan take flight good week,0
got tv watch meh work today,0
get tomorrow send,0
oga left phone home saw ur message hope good great weekend,0
real baby want bring inner tigress,0
ron say fri leh said ding tai feng cant make reservation said wait lor,0
let ur heart ur compass ur mind ur map ur soul ur guide never loose world gnun sent via way sm com,0
want sent lt gt mesages today thats sorry hurt,0
important information orange user xxxxxx today ur lucky day find log onto url fantastic prizeawaiting,1
good working,0
thought put back box,0
mmmmmmm snuggle deep contented sigh whisper fucking love much barely stand,0
thanx sending home,0
guess spent last night phasing fourth dimension,0
well keep mind got enough gas one round trip barring sudden influx cash,0
yes sura sun tv lol,0
umma life vava umma love lot dear,0
currently scotland,0
jus finished avatar nigro,0
able sleep,0
bit ur smile hppnss drop ur tear sorrow part ur heart life heart like mine wil care forevr goodfriend,0
hey still online finished formatting,0
ok careful text drive,0
gr handle victoria island traffic plus album due,0
urgent please call landline money cash luxury canary island holiday await collection c sae award aq ppm,1
taking part mobile survey yesterday text use however wish get txts send txt url,1
gettin rdy ship comp,0
gon na way specific,0
ranjith cal drpd deeraj deepak min hold,0
call like lt gt time oh give u hypertension oh,0
get free call,0
arrived see couple day lt,0
thk lor dunno get ticket wat,0
home love still awake loving kiss,0
yesterday true true,0
thanks picking trash,0
ok let noe leave house,0
lot sickness thing going round take easy hope feel better soon lol,0
still game,0
got take take part wrc rally oz lucozade energy text rally le see pack lucozade co uk wrc itcould,1
got ur favorite oyster got favorite sashimi ok lar dun say already wait ur stomach start rumbling,0
mobile mths update free orange latest colour camera mobile unlimited weekend call call mobile upd freefone stoptxt,1
important prevent dehydration giving enough fluid,0
congratulation winner august money prize draw call prize code,1
use foreign stamp whatever send,0
hey forget mine possession property mmm childish smile,0
remember day,0
wan come dinner tonight,0
urgent call landline complimentary ibiza holiday cash await collection sae c po box sk wp ppm,1
place get room cheap,0
free msg get gnarl barkley crazy ringtone totally free reply go message right,1
belive come home,0
sorry able get see morning,0
depends individual lor hair dresser say pretty parent say look gong kaypoh also dunno wat collecting,0
new address apple pair malarky,0
kent vale lor wait ar,0
got hella gas money want go grand nature adventure galileo little bit,0
night worrying appt shame missed girl night quiz popcorn hair,0
lol would awesome payback,0
busy trying finish new year looking forward finally meeting,0
monthly amount terrible pay anything till month finishing school,0
aaooooright work,0
freemsg feelin kinda lnly hope like keep company jst got cam moby wan na pic txt reply date msg rcv hlp stop,1
urgent trying contact today draw show money prize guaranteed call land line claim po box pm,1
free message jamster get crazy frog sound poly text mad real text mad crazy sound gbp week apply,1
every day use sleep lt gt,0
ahhh work vaguely remember feel like lol,0
okay good problem thanx,0
shall get pouch,0
ard like dat,0
hi mandy sullivan calling hotmix fm chosen receive money easter prize draw please telephone claim prize transferred someone else,1
kaiez enjoy ur tuition gee thk second option sound beta go yan jiu den msg,0
claire havin borin time alone wan na cum nite chat hope luv claire xx call money minmoremobsemspobox po wa,1
mum going robinson already,0
nvm ok,0
ful song lyric,0
surely dont forgot come always touch,0
look back building coat want get sick hurry home wear coat gym,0
tagged friend seemed count friend,0
depends quality want type sent boye faded glory want ralphs maybe,0
sorry call later meeting thing related trade please call arul lt gt,0
hi shanil rakhesh thanks exchanged uncut diamond stuff leaving back excellent service dino prem,0
hi dear saw dear happy battery low,0
lol trust,0
please sen kind advice please come try,0
tall princess,0
send ur friend receive something ur voice speaking expression childish naughty sentiment rowdy ful attitude romantic shy attractive funny lt gt irritating lt gt lovable reply,0
dont pick call something important tell hrishi,0
better go sleep dun disturb liao wake msg lor,0
holding,0
want leave barely stay sane fighting constantly helping,0
someone smoke every time smoked last two week calling texting wanted smoke,0
oh send address,0
yup giving problem mayb jus leave,0
wait cornwall hope tonight bad well rock night shite anyway going kip good night speak soon,0
office around pm going hospital,0
great attracts brothas,0
velly good yes please,0
upgrdcentre orange customer may claim free camera phone upgrade loyalty call offer end th july apply opt available,1
fine simply sitting,0
lt gt going get,0
today offer claim ur money worth discount voucher text yes savamob member offer mobile c money sub unsub reply,1
new mobile must go txt nokia collect today money url optout gbp mtmsg,1
celebrate day else,0
dont knw pa drink milk,0
chinatown got porridge claypot rice yam cake fishhead beehoon either eat cheap den go cafe tok go nydc somethin,0
yeah open chat click friend list make list easy pie,0
hi baby ive got back work wanting see allday hope didnt piss phone today give call xxx,0
message brought gmw ltd connected,1
lol could starve lose pound end day,0
ok vl know got adsense approved,0
send yetty number pls,0
ok wahala remember friend need,0
normally hot mail com see,0
yes princess going make moan,0
driving training,0
always make thing bigger,0
tell drug dealer getting impatient,0
haha awesome might need take doin tonight,0
double min txts month free bluetooth orange available sony nokia motorola phone call mobileupd call optout dx,1
hey dont go watch men lunch haha,0
told returned order,0
stuff sell tell,0
text pas collect polyphonic ringtones normal gprs charge apply enjoy tone,1
case guess see campus lodge,0
wil reach,0
say like dat dun buy ericsson oso oredi lar,0
water logging desert geoenvironmental implication,0
hey mate spoke mag people deliver end month deliver th sept talk later,0
schedule next week town weekend,0
lot used one babe model help youi bring match,0
beauty life next second hide thousand secret wish every second wonderful ur life gud,0
dled imp,0
hmm ok stay like hour co eye really sore,0
much better thanks lol,0
yeah whatever lol,0
like,0
thats cool day,0
work please call,0
know wot people wear shirt jumper hat belt know cribbs,0
brother transfered lt gt lt gt pa,0
lol enjoy role playing much,0
think actually talk call bos morning went place last year told could go get car fixed cheaper kept telling today much hoped would come back always regretted getting number etc,0
hi want join sts later meeting five call class,0
dont understand message,0
mode men left,0
actually getting ready leave house,0
lyricalladie inviting friend reply yes see url stop send stop frnd,1
play computer aiyah tok lor,0
reassuring crazy world,0
dear denying word please,0
big chic common declare,0
wishing family merry ma happy new year advance,0
still havent collected dough pls let know go place sent get control number,0
came hostel going sleep plz call class hrishi,0
alright new goal,0
phone,0
make fuck sake,0
think wrong number,0
damn make tonight want wait til tomorrow,0
taka lor wat time wan come look u,0
free day finish mon thurs,0
yes started send request make pain came back back bed double coin factory got ta cash nitros,0
lol really need remember eat drinking appreciate keeping company night babe smile,0
sary need tim bollox hurt lot tol,0
neither sterm voice studying fine sure thing resolved tho anyway fab hols,0
well right gon na get check today steam sale pee text want come get,0
haf combine lor,0
private account statement fone show un redeemed point call identifier code expires,1
good morning love go sleep wish great day full feeling better opportunity last thought babe love kiss,0
good weekend,0
okay chasing dream good next,0
yup izzit still raining heavily co mrt outside,0
told everything stop dont let get dehydrated,0
wnevr wana fal luv vth book bed fals luv vth yen madodu nav pretsorginta nammanna pretsovru important alwa gud eveb,0
ya srsly better yi tho,0
romantic paris night flight money book next year call t c apply,1
tell friend plan valentine day lt url gt,0
free st week nokia tone ur mobile every week txt nokia get txting tell ur mate url pobox wq norm tone,1
plz note anyone calling mobile co amp asks type lt gt lt gt disconnect call coz iz attempt terrorist make use sim card itz confirmd nokia motorola verified cnn ibn,0
free st week nokia tone ur mob every week txt nokia get txting tell ur mate url pobox wq norm tone,1
urgent mobile awarded money bonus caller prize final attempt contact call,1
boltblue tone reply poly mono eg poly cha cha slide yeah slow jamz toxic come stop tone txt,1
hot live fantasy call per min ntt ltd po box croydon cr wb national rate call,1
yahoo boy bring perf legal,0
aight pick open tonight,0
searching good dual sim mobile pa,0
good morning pookie pie lol hope wake,0
message truro hospital ext phone phone side,0
yeah gang ready,0
dnt worry use ice piece cloth pack also take tablet,0
got lt gt way could pick,0
good sleep rhythm person establish rhythm body learn use want know,0
oh really make air talent,0
slept thinkthis time lt gt pm dangerous,0
love,0
gas station go,0
long beach lor expected dinner,0
hey something came last min think wun signing tmr hee,0
town important,0
ugh got outta class,0
trying figure suppose see couple different people week said get together set date,0
themob check newest selection content game tone gossip babe sport keep mobile fit funky text wap,1
hi wk ok hols yes bit run forgot hairdresser appointment four need get home shower beforehand cause prob,0
freemsg hey buffy love satisfy men home alone feeling randy reply pix qlynnbv help msg send stop stop txts,1
recpt ordered ringtone order processed,1
donno gene something,0
good baby,0
sm auction brand new nokia auction today auction free join take part txt nokia hg suite land row hl,1
ok tell half hr come need prepare,0
wish,0
latest still scrounge ammo want give new ak try,0
sm service inclusive text credit pls goto url login qxj unsubscribe stop extra charge help comuk cm ae,1
like talk pa able dont know,0
ooooooh forgot tell get yoville phone,0
depends going lor,0
already got flaky parent snot supposed child job support parent ride age anyway supposed support hurt unintentional hurt nonetheless,0
finish liao,0
come search tat vid finishd,0
yay better told girl either,0
ex wife able kid want kid one day,0
meet depends wan lor,0
pls need dat slowly vomit,0
said mind go bedroom minute ok sed sexy mood came minuts latr wid cake wife,0
free msg ringtone url widelive com index wml id ecef ff first true jul,1
yup need jus wait rain stop,0
yes thought thanks,0
meet lunch la,0
hard true much show amp express love someone much hurt leave get seperated ud evening,0
wats ur opinion abt abt character,0
taking derek amp taylor walmart back time done leave mouse desk text priscilla ready,0
suck got planned yo valentine yo valentine,0
outside island head towards hard rock run,0
send id password,0
hmm bit piece lol sigh,0
cud tell ppl im gona bit co bus hav gon past co full im still waitin pete,0
da stupid da always sending like believe message pandy mental,0
sir goodmorning free call,0
guess lt gt min,0
omg could snow tonite,0
ok way home hi hi,0
class early tomorrow thus trying smoke lt gt,0
missed havent much bit bored holiday want go bak college sad isnt xx,0
ill call evening ill idea,0
yup wun believe wat really neva msg sent shuhui,0
double min txts orange price linerental motorola sonyericsson tooth free nokia free call mobileupd optout hv,1
valentine game send dis msg ur friend answer someone really love ques colour suit best rply,0
home way,0
meet fren dun wan meet ah muz guy rite,0
watch lor saw swatch one thk quite ok ard need nd opinion leh,0
time week ryan,0
said right giggle saw would possibly first person die nvq think much could,0
mum repent,0
ok anybody asks abt tel,0
walked hour show care wont believe im serious,0
good morning dear shijutta great amp successful day,0
pls confirm time collect cheque,0
say happen,0
think waste rr,0
performed,0
bus leaf lt gt,0
talk sexy make new friend fall love world discreet text dating service text vip see could meet,1
dunno lei might eatin wif frens wan eat wait lar,0
plan,0
hit move,0
hey iouri gave number wylie ryan friend,0
probably eat today think gon na pop weekend miss,0
give treat,0
ever thought living good life perfect partner txt back name age join mobile community sm,1
mila age blonde new uk look sex uk guy like fun text mtalk pp txt st free money increment help,1
life never much fun great came made truly special forget enjoy one gbp sm,1
cramp stopped going back sleep,0
oh ok didnt know meant yep baby jontin,0
want explicit sex sec ring cost min gsex pobox wc xx,1
haha awesome couple time coming,0
hey missed tm last night phone charge smile meeting friend shortly,0
buying today need meh,0
yo game almost want go walmart soon,0
call done,0
tried contact response offer new nokia fone camcorder hit reply call delivery,1
anyways go gym whatever love smile hope ok good day babe miss much already,0
hey almost forgot happy day babe love ya,0
specialisation work slave labor look month sha co shakara beggar,0
wish thing different wonder able show much value pls continue brisk walk drug without askin please find thing laugh love dearly,0
stuck da middle da row da right hand side da lt,0
time tell friend around,0
aiyah sorry lor watch tv watch forgot check phone,0
im done studyn library,0
think two still need get cash def ready,0
yar lor noe used dat route,0
laid airtel line rest,0
dear good morning feeling dear,0
message text missing sender name missing number missing sent date missing missing lot thats everything missing sent via fullonsms com,0
wow never realized embarassed accomodations thought liked since best could always seemed happy cave sorry give sorry offered sorry room embarassing,0
sez hows de arab boy hope good give love evry love ya eshxxxxxxxxxxx,0
hmm well night night,0
esplanade lor else,0
wat make people dearer de happiness dat feel meet de pain feel miss dem,0
urgent call landline complementary tenerife holiday money cash await collection sae c po box wa px ppm sender hol offer,1
gon na let know co come bak holiday day coming get text number,0
ceri rebel sweet dreamz little buddy ya moro need bloke,0
hey free call,0
please ask macho price range want something new used plus interfued blackberry bold lt gt bb,0
sorry da thought calling lot time lil busy call noon,0
wait msg lt gt min,0
baaaaabe miss youuuuu go teach class,0
wn hurt prsn close fight wit dem coz somtimes dis fight save relation bt quiet leaf nothin relation gud eveb,0
hope know still mad,0
dare change ring,0
love set soul fire spark flame big rawring flame xoxo,0
hai priya right doctor said pa,0
ok lor reaching message,0
oooh bed ridden ey thinking,0
necessarily respectful,0
huh lei,0
congratulation ur awarded either money cd gift voucher free entry money weekly draw txt music tncs url win ppmx age,1
refused loan secured unsecured get credit call free text back help,1
got shitload diamond though,0
cool shall go see go tip anyway home got something drop later let go town tonight maybe mum take u,0
hi moved pub would great cud come,0
si si think ill go make oreo truffle,0
gran onlyfound afew day ago cusoon honi,0
never nothing,0
ok stay night xavier sleeping bag getting tired,0
take u shopping mark distract isaiah,0
freemsg month unlimited free call activate smartcall txt call subscriptn gbp wk unlimited call help stop txt stop landlineonly,1
answerin phone actually pretty reasonable hour sleepy,0
hello darlin ive finished college txt finish love kate xxx,0
dun drive go sch,0
change one next escalator,0
much cost approx per month,0
happen tonight,0
ok thk got wan come wat,0
alright bring see like lt gt min,0
yuou working getting pc mom find spot would work need,0
sorry call later lt gt min,0
message important information user today lucky day find log onto url fantastic surprise awaiting,1
happy baby alright take job hope fine send kiss make smile across sea kiss kiss,0
hello got st andrew boy long way cold keep posted,0
play one day last year know even though good team like india,0
nothing lor bit bored dun go home early sleep today,0
waiting call,0
trying weekend,0
smile pleasure smile pain smile trouble pours like rain smile sum hurt smile becoz someone still love see smiling,0
urgent week free membership money prize jackpot txt word claim url lccltd pobox ldnw rw,1
mystery solved opened email sent another batch sweetie,0
supposed meet discus abt trip thought xuhui told afternoon thought go lesson,0
also sir sent email log usc payment portal send another message explain thing back home great weekend,0
keep ten r shelf buy two egg,0
roommate also want dubsack another friend may also want plan bringing extra tell know sure,0
call time job today ok umma ask speed,0
great day beautiful one,0
dunno dat wat told ok lor,0
new car house parent new job hand,0
film ill call later,0
die want stuff,0
sister belongs family hope tomorrow pray fated shoranur train incident let hold hand together amp fuelled love amp concern prior grief amp pain pls join dis chain amp pas stop violence woman,0
da run activate full version da,0
lt gt ish minute minute ago wtf,0
necessarily expect done get back though headin,0
im realy soz imat mum nite moro,0
spoke uncle john today strongly feel need sacrifice keep going call beg listen dont make promise make clear thing easy need please let u work thing long keep expecting help creativity stifled pls keep happy promise part,0
yup fren lor meeting fren,0
whenevr ur sad whenevr ur gray remembr im listn watevr wan na say jus walk wid little amp promise bring back ur smile,0
see film,0
double eviction week spiral michael good riddance,0
done,0
forgot tell smth like number section clearer,0
watching tv lor nice one like lor,0
leave wif lar wan carry meh heavy da num familiar,0
dun believe thk told,0
sending home first ok lor ready yet,0
competition,0
got seventeen pound seven hundred ml hope ok,0
reply win money weekly fifa world cup held send stop end service,1
lay man let know missed thought great day send bimbo ugo number ill appreciate safe,0
urgent last weekend draw show money cash spanish holiday call claim rstm sw s ppm,1
replying boye changed phone number,0
pick drop car problem,0
look fuckin time fuck think,0
fine miss much,0
yes meet town co go gep home could text bus stop worry finished march ish,0
wot,0
sindu got job birla soft,0
hi missed call mumhas beendropping red wine theplace adress,0
good morning plz call sir,0
hi kate evening hope see tomorrow bit bloody babyjontet txt back xxx,0
stupid possible,0
ok din get ur msg,0
yo sorry shower sup,0
tmrw im finishing door,0
ok prob,0
ne thing interesting good birthday wrking nxt started uni today,0
like spoiled,0
height oh shit situation guy throw luv letter gal fall brother head who gay,0
paying attention,0
reply name address receive post week completely free accommodation various global location url ph,1
soon real thing princess make wet,0
yeah imagine would really gentle unlike doc treat patient like turkey,0
hello hun ru way im good date guy met walkabout far meet soon hows everyone else,0
liked new mobile,0
minimum walk mile day,0
call lt gt min thats ok,0
haha friend tyler literally asked could get dubsack,0
vikky come around lt time gt,0
joy father john john name joy father mandan,0
free entry wkly comp win fa cup final tkts st may text fa receive entry question std txt rate apply,1
show wot say could dust,0
anytime,0
know account detail ask mom send mom reach,0
ok take shopping get paid,0
ok da already planned wil pick,0
doubt could handle time per night case,0
freemsg awarded free mini digital camera reply snap collect prize quizclub opt stop wk sp rwm ph,1
alright hooked guy,0
got rumour going buy apartment chennai,0
sleeping bag blanket paper phone detail anything else,0
ic lotta childporn car,0
laugh really loud talk spontaneously dont care others feel probably dear amp best friend goodevening dear,0
age abj,0
buzzzz grin buzz as buzz chest buzz cock keep phone vibrator feel shake,0
got message ignoring yes shopping,0
bbq sat mine ish ur welcome come,0
buy blackberry bold torch buy new used let know plus saying buy lt gt wifi ipad saying lt gt,0
aight grab something eat text back mu,0
year many mile,0
great aunt anniversary party tarpon spring,0
hi spoke maneesha like know satisfied experience reply toll free yes,0
dear sir salam alaikkum pride pleasure meeting today tea shop pleased send contact number qatar rakhesh indian pls save number respectful regard,0
havent,0
hi petey noi ok wanted chat coz avent spoken long time hope ur doin alrite good nit j love ya,0
someone contacted dating service entered phone becausethey fancy find call landline pobox rg,1
urgent mobile number money bonus caller prize nd attempt reach call asap box qp ppm,1
haha yeah see sec,0
hey project started aha da,0
stupid say challenge god dont think write instead respond immed,0
dun believe wat,0
possession especially first offense,0
sort code acc bank natwest reply confirm sent right person,0
mostly sport type lyk footbl crckt,0
barred store life twat orange dungerees came asked wanted decking got first punch,0
way put skip right outside front house see house pull,0
want inside every night,0
sure trying make xavier smoke want smoke told smoke much,0
ay wana meet sat wkg sat,0
good afternoon boytoy feeling today better hope good boy obedient slave please queen,0
cha quiteamuzing scool babe probpop cu satthen hunny brekkie love jen xxx psxtra lrg portion please,0
free msg sorry service ordered could delivered sufficient credit please top receive service,1
getting touch folk waiting company txt back name age opt enjoy community sm,1
thank much selflessness love plenty,0
spook mob halloween collection logo pic message plus free eerie tone txt card spook zed per logo pic,1
dunno ask,0
alright make sure car back tonight,0
rgent nd attempt contact money call csbcm wc xx callcost ppm mobilesvary max money,1
so amount get pls,0
pls send comprehensive mail paying much,0
wait lor need feel bad lar,0
many time told stage use laugh listen aha,0
love brother time talk english grin say hey muhommad penny say hello across sea,0
yeah see,0
morning ok,0
mum ask buy food home,0
turn stereo love mi phone unknown album,0
dont search love let love find thats called falling love bcoz dont force fall know smeone hold bslvyl,0
urgent mobile number awarded money bonus caller prize call land line valid hr,1
posible dnt live lt gt century cm frwd thnk different,0
liked new house,0
hungry buy smth home,0
also thk fast xy suggest one dun wan ok going rain leh got gd,0
hi darlin im helen fone im gon na prince nite please come tb love kate,0
hi night ur lucky night uve invited xchat uk wildest chat txt chat msgrcvdhg suite land row hl ldn yr,1
ups day also shipping company take wks way usps take week get lag may bribe nipost get stuff,0
li hai bored da lecturer repeating last week stuff waste time,0
sorry meeting call later,0
university southern california,0
life spend someone lifetime may meaningless moment spent someone really love mean life,0
want xmas free text message new video phone half price line rental call free find,1
thats cool princess cover face hot sticky cum,0
cancel cheyyamo get money back,0
delhi chennai still silent,0
sun ah thk mayb dun anythin thk book lesson pilate orchard mrt noe hor,0
ur tonexs subscription renewed charged money choose polys month url billing msg,1
somewhere fredericksburg,0
buy pizza meat lover supreme get pick,0
gokila talking aha,0
vote wherever heart guide,0
whens radio show,0
thanks talk saturday dear cherish brother role model,0
hey mr going sea view couple gay mean game give bell ya finish,0
see thought,0
still working time also tried adding zero saving checking lt gt,0
really need kiss miss baby ur baby eva,0
funny fact nobody teach volcano erupt tsunami arise hurricane sway aroundn teach hw choose wife natural disaster happens,0
oh yes little weather kind coccooning home,0
want new video phone anytime network min half price line rental free text month reply call free delivery,1
objection bf coming,0
freezing home yet remember kiss mom morning love think missing yet,0
way make sure get train worc foregate street shrub hill fun night,0
urgent urgent free flight europe give away call th sept take friend free call claim ba nnfwfly ppm,1
sorry going home first daddy come fetch later,0
toshiba portege gd,0
add really care least get dude fuck hey money want,0
sent lanre fakeye eckankar detail mail box,0
please charge mobile get morning,0
hiya last night naughty bought clothes little ready shopping tho kind time wan na meet,0
orh tot say still dun believe,0
bugis oso near wat,0
tick tick tick babe,0
asked sen come chennai search job,0
den wat schedule lk sun,0
anything special,0
ok help ask working tmr,0
okmail dear dave final notice collect tenerife holiday cash award call landline tc sae box cw wx ppm,1
hi sorry missed call pls call back,0
ho ho big belly laugh see ya tomo,0
pls help tell sura expecting battery hont pls send message download movie thanks,0
text drop,0
car hour half going apeshit,0
went pay rent go bank authorise payment,0
need coz never go,0
yeah sure give couple minute track wallet,0
one interested may business plan,0
customer place call,0
good morning dear great amp successful day,0
cocksucker make feel better ipads worthless garbage novelty item feel bad even wanting one,0
audrie lousy autocorrect,0
understand loss gain work school,0
give something drink take vomit temp might drop unmits however let know,0
drug able eat,0
meeting darren,0
hmmm imagine come home rub foot make dinner help get ready date sure ready kind life,0
happen,0
hi mobile lt gt added contact list url great place send free sm people visit fullonsms com,0
please tell special stock talking,0
place ur point culture module already,0
done handed celebration full swing yet,0
leaving house,0
future planned tomorrow result today best present enjoy future,0
free ringtone text first poly text get true tone help st free tone money pw money nd txt stop,1
got person story,0
nothing ok anyway give treat,0
bot note oredi co juz rem got,0
thank wonderful,0
come wenever lik come also tel vikky come getting free time,0
guy close,0
reach office around lt decimal gt amp mobile problem cann get voice call asa free,0
mean fat head,0
know lacking particular dramastorm detail part worried,0
lord ring return king store reply lotr june chance win lotr soundtrack cd stdtxtrate reply stop end txts,1
wake since checked stuff saw true available space pls call embassy send mail,0
white fudge oreo store,0
oh yah never cancel leh haha,0
free text msg text ok credit account,1
win money cash prize prize worth money,1
po de need job aha,0
let pool money together buy bunch lotto ticket win get lt gt get lt gt deal,0
si lor juz watched italian job,0
hi think match,0
affidavit say lt gt twiggs st division courtroom lt gt lt time gt double check text tomorrow,0
think need going late school night especially one class one missed last wednesday probably failed test friday,0
yeah class,0
urgent trying contact last weekend draw show money prize guaranteed call claim code valid hour,1
hey babe going ever figure going new year,0
rat hey ever vote next theme,0
ard lor,0
mmm yummy babe nice jolt suzy,0
got got colour lor one colour quite light darker lor actually done styling hair,0
wat time going xin hostel,0
huh cant thk oredi many page,0
ok ur typical reply,0
lol yes friendship hanging thread cause buy stuff,0
ill call mrw ninish address icky american freek wont stop callin bad jen eh,0
dear voucher holder claim week offer pc go url t c apply stop text txt stop,1
really really broke oh amount small even lt gt,0
well know take care worry,0
hey sathya till dint meet even single time saw situation sathya,0
guy planning coming,0
checking,0
new deus ex game comin early next yr,0
sat right okay thanks,0
house maid murderer coz man murdered lt gt th january public holiday govt instituitions closed including post office understand,0
practising curtsey,0
guess worried must know way body repair quite sure worry take slow first test guide ovulation relax nothing said reason worry keep followin,0
dear call tmorrow pls accomodate,0
done handed know mega shop asda count celebration thats,0
complimentary star ibiza holiday money cash need urgent collection landline lose box sk wp ppm,1
hiya paying money account thanks got pleasant surprise checked balance get statement acc,0
accidentally brought em home box,0
people see msg think iam addicted msging wrong bcoz know iam addicted sweet friend bslvyl,0
buy newspaper already,0
sir hr trip bus last week another audition next wednesday think might drive time,0
number gon na massive pain as rather get involved possible,0
go tell friend sure want live smoke much spend hour begging come smoke,0
plan pongal,0
well desperate call armand,0
help swoop picking wherever ur bird meeting want,0
cutest girl world,0
carlos taking sweet time usual let know patty done want smoke tell haul as,0
shall ask one thing dont mistake,0
better still catch let ask sell lt gt,0
hear loud scream lt gt minute cause gyno shoving thing belong,0
common hearin wat ur day let ask something different smile today gud evng,0
eh ur laptop got stock lei say mon muz come take look got,0
call use ur min call cast min mob vary service provided aom gbp month aom box er stop age,1
right second got ta hit people first,0
found diff farm shop buy cheese way back call,0
email bank granite issue strong buy explosive pick member nasdaq symbol cdgt money per,1
ding ya break fassyole blacko londn,0
erm woodland avenue somewhere get parish magazine telephone number,0
final chance claim ur money worth discount voucher today text yes savamob member offer mobile c savamob pobox uz money sub,1
yeah got list joanna feeling really anti social,0
forwarded hi mailbox messaging sm alert message match please call back retrieve message match,1
ummmmmaah many many happy return day dear sweet heart happy birthday dear,0
thank way lost,0
hey cutie go wale kinda ok like hill shit still avent killed,0
goodmorning today late lt gt min,0
sppok ur mob halloween collection nokia logo pic message plus free eerie tone txt card spook,1
weird know one point,0
wan na get laid nite want real dogging location sent direct ur mobile join uk largest dogging network txt park nyt ec lp money msg,1
type stuff sing,0
ur awarded city break could win money summer shopping spree every wk txt store skilgme tscs winawk age money perwksub,1
number live,0
nokia plus free digital camera get win free auction take part send nokia pobox tcr,1
dear sleeping,0
sir hope day going smoothly really hoped wont bother bill settle month extra cash know challenging time also let know,0
havent still waitin usual come back sch oredi,0
voucher marsms log onto url discount credit opt reply stop customer care call,1
going ride bike,0
babe go day miss already love loving kiss hope everything go well,0
mon okie lor haha best cheap gd food la ex oso okie depends whether wana eat western chinese food den prefer,0
yeah able text ready meet,0
cold dont sad dear,0
havent lei next mon,0
thanks looking really appreciate,0
hows favourite person today workin hard sleep last nite nearly rang,0
nope since ayo travelled forgotten guy,0
know need get hotel got invitation apologise cali sweet come english bloke weddin,0
sorry man accidentally left phone silent last night check til got,0
six chance win cash pound txt csh send cost day day tsandcs apply reply hl info,1
saw guy doll last night patrick swayze great,0
hmm thinking lor,0
know wait check,0
felt conveying reason ese,0
oh placement ah,0
dogbreath sounding like jan al,0
sure neighbor didnt pick,0
polyphonic tone ur mob every week txt pt st tone free get txtin tell ur friend tone reply hl info,1
yes reg ciao,0
die accidentally deleted msg suppose put sim archive haiz sad,0
haha cant tmr forfeit haha,0
ah poor baby hope urfeeling bettersn luv probthat overdose work hey go careful spk sn lot lovejen xxx,0
run away frm walk slowly amp kill care enough stop,0
describe lucky actually awake noon,0
wait min stand bus stop,0
sm ac sptv new jersey devil detroit red wing play ice hockey correct incorrect end reply end sptv,1
call unable cal let meet bhaskar deep,0
could seen recognise face,0
ask say please message,0
pain come worse time,0
said bad dat gal know wat,0
look like found something smoke great job,0
reckon need town eightish walk carpark,0
say good sign well know track record reading woman,0
start sending blackberry torch nigeria find buyer like month tell dad buy bb anyone oh,0
urgent please call landline abta complimentary tenerife holiday money cash await collection sae c box cw wx ppm,1
got new year co yetunde said wanted surprise didnt see money returned mid january lt gt day return period ended,0
happy new year ur family may new year bring happiness stability tranquility ur vibrant colourful life,0
also andros ice etc etc,0
see half hour,0
think one saying clearly ok leave need ask go come,0
sorry delay yes master,0
havent got da topic yet rite,0
tick tick tick could die loneliness know pout stomp foot need,0
confirm eating esplanade,0
battery low babe,0
money winner guaranteed caller prize final attempt contact claim call ppmpobox bhamb xe,1
ela kano il download come wen ur free,0
flirting txt girl bloke ur name age eg girl zoe join get chatting,1
lousy run already come back half dead hee,0
good night dear sleepwell amp take care,0
think da wil,0
hope text meet smiling let text give reason smile beautiful day,0
free msg billed mobile number mistake shortcode please call charge refunded call free bt landline,1
haha better late ever way could swing,0
like personal sized,0
tired special,0
sore throat scratch talk,0
jus finish blowing hair finish dinner already,0
sunshine quiz wkly win top sony dvd player know country liverpool played mid week txt ansr money sp tyrone,1
babe got enough money pick bread milk give back get home,0
urgent trying contact last weekend draw show money prize guaranteed call claim code valid hr pm,1
call message missed call,0
attend ur driving lesson many time wk day,0
well give co said one nighters persevered found one cheap apologise advance somewhere sleep isnt,0
ello babe ok,0
mom want know,0
omg joanna freaking looked thru friend find photo asking stuff myspace even logged like year,0
attended nothing,0
cheer message zogtorius staring phone age deciding whether text,0
went ganesh dress shop,0
daily text favour time,0
nope thats fine might nap tho,0
seems like weird timing night want come smoke day shitstorm attributed always coming making everyone smoke,0
unfortunately found pick sister airport evening think going try go one th,0
dun wear jean lor,0
lol well quality aint bad aint complaining,0
head dey swell oh thanks making day,0
dont know ask brother nothing problem thing told,0
let know need anything else salad desert something many beer shall get,0
ringtone club gr new polys direct mobile every week,1
sign maturity start saying big thing actually start understanding small thing nice evening bslvyl,0
dear good morning,0
rct thnq adrian text rgds vatian,1
ugh long day exhausted want cuddle take nap,0
well going aunty,0
let go bill miller,0
simpson movie released july name band died start film green day blue day red day send,1
thats cool liked photo sexy,0
holy living christ taking long,0
still west coast haiz take forever come back,0
havent shopping lor juz arrive,0
yesterday cbe,0
urgent please call landline money cash luxury canary island holiday await collection c sae po box xy ppm,1
idk keep saying since moved keep butting head freedom v responsibility tired much shit deal barely keeping together get added,0
waqt se pehle naseeb se zyada kisi ko kuch nahi milta zindgi wo nahi jo hum sochte hai zindgi wo hai jo ham jeetey hai,0
problem talk later,0
detroit home snow enjoy,0
shop till drop either money cash money travel voucher call ntt po box cr bt fixedline cost ppm mobile vary,1
wewa iriver mb,0
yup ok,0
received mobile content enjoy,1
hi darlin kate doin somethin tonight im going pub called swan something parent one drink phone,0
hey glad better hear treated urself digi cam good pm fab new year coupla wks,0
doc prescribed morphine cause pain med enough waiting mom bring med kick fast gon na try later,0
said anything wrong sorry de,0
ever notice driving anyone going slower idiot everyone driving faster maniac,1
said would woke,0
shoot big load get ready,0
noe wat time place dat sell close,0
cool text ready,0
oh howda gud gud mathe en samachara chikku,0
hate turn fun shopping trip annoying day everything would look house,0
gon na say sorry would normal starting panic time sorry seeing tuesday,0
aiyar sorry lor forgot tell,0
detail want transfer acc enough,0
ok lor,0
good day,0
yup free,0
finally happened aftr decade beer cheaper petrol goverment expects u drink drive,0
hurry weed deficient like three day,0
seen back holby,0
yar lor wan go horse racing today mah eat earlier lor ate chicken rice,0
sound like plan cardiff still still cold sitting radiator,0
guess somebody know secretly fancy wan na find give u call landline datebox essexcm xn min,1
anything lor coming,0
mro coming gym machan goodnight,0
reached home bathe liao call,0
yup lunch buffet eat already,0
cps causing outage conserve energy,0
tell something thats okay,0
tomorrow going theatre come wherever call tell come tomorrow,0
hey pay salary de lt gt,0
hear,0
thk shd ok said plus minus leave line paragraph,0
please call customer service representative freephone pm guaranteed money cash money prize,1
wherre boytoy,0
gal boy walking park gal hold ur hand boy think would run away gal jst wana feel walking heaven prince gn,0
bored speed dating try speedchat txt speedchat like em txt swap get new chatter chat pobox wq msg rcd,1
hello boytoy made home constant thought love hope nice visit wait till come home kiss,0
maybe westshore hyde park village place near house,0
whats staff name taking class u,0
win newest harry potter order phoenix book reply harry answer question chance first among reader,1
trying find chinese food place around,0
cmon babe make horny turn txt fantasy babe im hot sticky need reply cost money cancel send stop,1
dont forget place many free request stchoice co uk wish information call,1
wat time wan meet later,0
gd luck ur exam,0
private account statement xxxxxx show un redeemed point call identifier code expires,1
wont anything de,0
slow using biola fne,0
gon na worry nothing give money use,0
think thanks see tomo,0
ever green quote ever told jerry cartoon person irritates always one love vry much fails express gud nyt,0
friend studying warwick planned go shopping concert tmw may canceled havn seen age yeah get together sometime,0
usual iam fine happy amp well,0
oh love soooo good hear omg missed much today sorry problem provider thank tming,0
sorry da thangam mistake,0
today system sh get ready well also deep well,0
ya knw vl giv ok thanks kano anyway enjoy wit ur family wit st salary,0
hi ard christmas enjoy merry ma,0
great escape fancy bridge need lager see tomo,0
cool tyler take gon na buy drop place later tonight total order quarter got enough,0
hi neva worry bout da truth coz truth lead ur heart least unique person like deserve sleep tight morning,0
gon na get rimac access,0
back bit long co accident divert via wadebridge brilliant weekend thanks speak soon lot love,0
say give call friend got money definitely buying end week,0
dear voucher holder next meal u use following link pc enjoy dining experience url,1
pa tell went bath,0
exam february wish great day,0
nokia tone ur mob every week txt nok st tone free get txtin tell ur friend tone reply hl info,1
sarcasm nt scarcasim,0
call send girl erotic ecstacy min stop text call nat rate,1
also came room,0
ok day making dinner tonite invited,0
cuz ibored wan na study,0
eat old airport road oredi got lot pple,0
call make sure dat woken,0
see requirement please,0
doesnt make sense take unless free need know wikipedia com,0
hey sat going intro pilate kickboxing,0
guaranteed money cash money prize claim yr prize call customer service representative pm,1
call alter ok,0
url widelive com index wml id ad first true ringtone,1
screaming mean shouting,0
pls full name joke school co fee university florida seem actually lt gt pls holla back,0
wonder co dun rem seeing silver car thk saw black one,0
reach ur home lt gt minute,0
tell make little spreadsheet track whose idea smoke determine smoke much entire month february come,0
hungry gay guy feeling hungry call min stop text call min,1
yar quite clever aft many guess lor got ask bring thk darren willing go aiya thk leona still attach wat,0
yetunde sorry moji seem busy able go shopping please find way get wanted u get please forgive reply free via yahoo messenger,0
good swimsuit allowed,0
got salt rub open wound like,0
know lab goggles went,0
nice nice working,0
secret admirer looking make contact find reveal think ur special call stopsms ppm,1
later guess needa mcat study,0
omg make wedding chapel frontierville get good stuff,0
knw dis lt gt,0
see posted facebook,0
battery mr adewale uncle aka egbon,0
say hi drugdealer,0
tkts euro cup final money cash collect call pobox ppm,1
watching tv got new job,0
jane babe goin wrk feel ill lst nite foned already cover chuck,0
normal,0
urgent nd attempt contact money call csbcm wc xx callcost ppmmobilesvary max money,1
need lar jus testing phone card dunno network gd thk waiting si finish bathing bathe dun disturb liao cleaning ur room,0
phony money award today voda number ending xxxx selected receive money award match please call quoting claim code standard rate app,1
make happy,0
taught ranjith sir called sm like becaus he verifying project prabu told today pa dont mistake,0
winner ave specially selected receive money cash holiday flight inc speak live operator claim min,1
tired slept well past night,0
mmm thats better got roast better drink good indian,0
convey regard,0
pls send address sir,0
wonderful okors great month cherish guy wish well day mojibiola,0
hey really pretty late want go lesson first join reaching tp mrt,0
yes appt,0
hey doc pls want get nice shirt hubby nice fiting one budget lt gt help pls load card abi hw keep posted luv mj,0
xy ur car picking,0
still pretty weak today bad day,0
good afternoon boytoy go walking day get police abstract still wake miss babe,0
smsservices yourinclusive text credit pls goto url login qxj unsubscribe stop extra charge help comuk cm ae,1
said kiss kiss sound effect gorgeous man kind person need smile brighten day,0
thk shld ya wana go lesson haha go one whole stretch,0
er mw im filled tuth aight,0
ill drink pa need sr model pls send mail id pa,0
msg mobile content order resent previous attempt failed due network error query email,1
valentine day special win money quiz take partner trip lifetime send go msg rcvd custcare,1
went ur hon lab one,0
tb persolvo chasing u since sept money definitely paying thanks information ignore kath manchester,1
see knew giving break time woul lead always wanting miss curfew gon na gibe til one midnight movie gon na get til need come home need getsleep anything need studdying ear training,0
ugh got ta drive back sd la butt sore,0
lol come idea,0
height recycling read twice people spend time earning money money spent spending time good morning keep smiling,0
ok right later,0
cool text parked,0
sure check yahoo email sent photo yesterday,0
hot horny willing live local text reply hear strt back per msg netcollex ltdhelpdesk reply stop end,1
hi ct employee,0
worry sure get,0
jokin lar depends phone father get lor,0
feathery bowa something guy know,0
room,0
sometimes put wall around heart safe getting hurt find care enough break wall amp get closer goodnoon,0
thanks tescos quite nice gone speak soon,0
nope juz work,0
plm come da way,0
cooking dinner,0
played smash bros lt gt religiously,0
remember,0
txt call claim reward hour talk time use phone subscribe gbp mnth inc hr stop txtstop url,1
know watchin lido,0
actually first time went bed long spoke woke night,0
hi hope get txt journey hasnt gd min late think,0
cheer lou yeah goodnite shame neva came ya gailxx,0
thats cool gentleman treat dignity respect,0
carry disturbing,0
meant middle left right,0
ur face test lt gt select number tell ur face astrology waiting quick reply,0
sorry gone place tomorrow really sorry,0
bday real april,0
want new nokia colour phone deliveredtomorrow free minute mobile free text free camcorder reply call,1
entered cabin pa said happy day bos felt special askd lunch lunch invited apartment went,0
much textin bout,0
prepare pleasured,0
gudnite tc practice going,0
yup,0
meh thgt clash really ah dun mind dun seen lost weight gee,0
wat time wan today,0
yup studying surfing lor lazy mode today,0
hi harish rent transfred ur acnt,0
btw regarding really try see anyone else th guy commit random dude,0
multiply number independently count decimal point division push decimal place like showed,0
ok anyway need change said,0
day euro kickoff kept informed latest news result daily unsubscribe send get euro stop,1
make time tonight whenever cool text whenever around,0
desire going doctor liver get bit stylish get ur hair managed thats,0
babe feel let get try cheer fit soo muchxxlove locaxx,0
mu try figure much money everyone gas alcohol jay trying figure weed budget,0
aight sorry take ten year shower plan,0
erm ill pick pm give enough time get park,0
si como listened plaid album quite gd new air hilarious also bought braindance comp ofstuff aphex abel hav hear sn xxxx,0
class hour sorry,0
ur pin,0
happy birthday may ur dream come true,0
lor change suntec wat time coming,0
pussy perfect,0
hav frnd name ashwini ur college,0
ok sure time tho sure get library class try see point good eve,0
taxt massage tie po argh ok lool,0
marrow wed lt gt aha,0
hiya good day spoken since weekend,0
sound like something someone testing would sayy,0
god picked flower dippeditinadew lovingly touched itwhichturnedinto gifted tomeandsaid friend,0
ok give minute think see btw alibi cutting hair whole time,0
congratulation ur awarded cd voucher gift guaranteed free entry wkly draw txt music tncs url,1
yes fine love safe,0
customer service annoncement new year delivery waiting please call arrange delivery,1
yeah go bed back midnight,0
trying reach without success,0
catch bus frying egg make tea eating mom left dinner feel love,0
ok called mom instead fun,0
sweetheart hope kind day one load reason smile biola,0
know thinkin malaria relax child cant handle malaria would worse gastroenteritis take enough replace loss temp reduce give malaria med vomit self limiting illness mean day completely stop,0
good afternoon love good see word ym get tm smart move slave smile drink coffee await,0
good movie ok leave hourish,0
fancy shag interested sextextuk com txt xxuk suzy txts cost per msg tncs website,1
electricity went fml,0
wan meet combine part da rest da project going,0
great,0
two letter copy co one message speak soon,0
hi im relaxing time ever get every day party good night get home tomorrow ish,0
waiting car mum lor leh reach home already,0
ok tell wat time coming later lor,0
still going mall,0
think mentor percent sure,0
rodger burn msg tried call reply sm free nokia mobile free camcorder please call delivery tomorrow,1
haha hope hear receipt sound gd luck,0
free video camera phone half price line rental mths cross ntwk min txts call mobileupd call optout,1
got called tool,0
urgh coach hot smell chip fat thanks especially duvet predictive text word,0
sexy single waiting text age followed gender wither gay men text age followed,1
science tell chocolate melt sunlight please walk sunlight bcoz want loss sweet friend,0
good afternon love today hope good maybe interview wake miss babe passionate kiss across sea,0
themob hit link get premium pink panther game new sugababes crazy zebra animation badass hoody wallpaper free,1
happy new year princess,0
hey told name gautham ah,0
tot reach liao said shirt,0
yeah think use gt atm register sure anyway help let know sure ready,0
yep like pink furniture tho,0
yo jp hungry like mofo,0
worry hope photo shoot went well spiffing fun workage,0
studying free next weekend,0
hello im bored inever thought id get bored tv tell something exciting happened anything,0
guy asking get slipper gone last year,0
dating two started sent text talk sport radio last week connection think coincidence,1
baby promise treat well bet take good care,0
nothing got msg frm tht unknown,0
super da good replacement murali,0
fujitsu series lifebook good,0
hmm dunno leh mayb bag goigng dat small jus anything except perfume smth dat keep,0
pick bout ish time going,0
come slave going shell unconsciously avoiding making unhappy,0
glad talking,0
carlos say mu lt gt minute,0
come aftr lt decimal gt cleaning house,0
fan,0
hey babe far spun spk da mo dead da wrld sleeping da sofa day cool nytho tx fonin hon call mwen im bk frmcloud,0
yar lor wait mum finish sch lunch lor whole morning stay home clean room room quite clean hee,0
ur luck love someone ur fortune love one love miracle love person love anyone except gud nyt,0
alrite jod hows revision goin keris bin doin smidgin way wan na cum college xx,0
spring coming early yay,0
shore takin bus,0
hmph go head big baller,0
garbage bag egg jam bread hannaford wheat chex,0
hi happy new year dont mean intrude pls let know much tuition paid last semester much semester thanks,0
hi da today class,0
win money music gift voucher every week starting txt word draw tscs url skillgame winaweek age ppermesssubscription,1
nd time tried contact money pound prize claim easy call per minute bt national rate,1
today sunday sunday holiday work,0
wonder get text,0
dare stupid wont tell anything hear wont talk,0
give time walk,0
fyi back parent place south tampa might need deal somewhere else,0
hope scared,0
happy babe woo hoo party dude,0
miss,0
aathi dear,0
worry finished march ish,0
congratulation,0
yeah probably sure ilol let know personally wuldnt bother ur goin mite well,0
hey whats sleeping morning,0
hey angry reply dr,0
mm time dont like fun,0
saying order slipper co pay returning,0
know watching film computer,0
ow dey paid thousad told would call,0
shit surprised went spent evening french guy met town fooled around bit let fuck,0
want tell bad feel basically time text lately need drug,0
realise busy guy trying bother get exam outta way try car gr day,0
ugh apologize admit wrong ask take back,0
nothing smsing xy lor sorry lor da guy neva person sort know lor wan meet xy ask bring along next meeting,0
heard job going wildlife talk tonight want come worzels wizzle whatever,0
enjoy jamster videosound gold club credit new videosounds logo musicnews get fun jamster co uk help call,1
love working home,0
tone club sub expired sub reply monoc mono polyc polys weekly per week txt stop stop msg free stream,1
dhoni luck win big title win,0
thing ape fight death keep something minute let go thats,0
wen ur lovable bcums angry wid dnt take seriously coz angry childish true way showing deep affection care luv kettoda manda nice day da,0
perhaps much easy give account identification tomorrow uni,0
oh right ok make sure load work day got really nasty cough today dry shot really help,0
leaving yet ok lor go elsewhere eat thk,0
wan na art,0
hello moving flat co need arrange pick lamp etc take care hello caroline,0
yes chatting,0
fyi taking quick shower epsilon like lt gt min,0
lol feel bad use money take steak dinner,0
hey babe doin wot nite love annie,0
make tonight,0
turn heater heater set lt gt degree,0
dont hesitate know second time weakness like keep notebook eat day anything changed day sure nothing,0
going thru different feeling wavering decision coping individual time heal everything believe,0
enjoy watching playing football basketball anything outdoors,0
still getting good,0
babe hope ok shit night sleep fell asleep knackered dreading work tonight thou upto tonight,0
like cheap happy splash wine make feel better,0
well done blimey exercise yeah kinda remember wot hmm,0
friendship poem dear dear near hear dont get fear live cheer tear always dear gud ni,0
uncle timi help clearing car,0
gud gud chikku tke care sleep well gud nyt,0
babe answering see maybe better reboot ym got photo great,0
youdoing later sar xxx,0
thanks ringtone order reference charged gbp per week unsubscribe anytime calling customer service,1
bank say money,0
hope great new semester wish best made greatness,0
gam gone outstanding inning,0
great church holla get,0
fine give call know want question,0
take mokka player,0
lip synced shangela,0
happening gotten job begun registration permanent residency,0
tap spile seven pub gas st broad st canal ok,0
yep pretty sculpture,0
sm auction nokia get win free auction take part send nokia hg suite land row jhl,1
ur paper,0
yeah right bring tape measure fri,0
co lar ba dao ok pm lor never ask go ah said would ask fri said ask today,0
know mean king havin credit goin bed night night sweet sleep,0
got back dislike bed,0
many people seems special first sight remain special till last sight maintain till life end sh jas,0
family responding anything room went home diwali one called coming make feel like died,0
hello little party animal thought buzz friend grin reminding loved send naughty adoring kiss,0
yes replied mail going management office later plus bank later also wednesday,0
take care sleep well need learn change life need get convinced wait conversation u get convinced time family many sens respect overemphasise role life,0
pure hearted person wonderful smile make even enemy feel guilty enemy catch world smile goodmorning amp smiley sunday,0
hey booked pilate yoga lesson already haha,0
dont know getting message,0
yup leaving right back soon,0
good afternoon sunshine dawn day refreshed happy alive breathe air smile think love always,0
vl bcum difficult,0
cancer mom making big deal regular checkup aka pap smear,0
want please inside outside bedroom,0
aight close still around alex place,0
going dinner msg,0
dear got bus directly calicut,0
noe ben going,0
sorry im stil fucked last nite went tobed got work,0
saturday sunday holiday difficult,0
stitch trouser,0
reached home finally,0
wonder got online love gone net cafe get phone recharged friend net think boytoy,0
xam hall boy asked girl tell starting term dis answer den manage lot hesitation lookin around silently said intha ponnungale ipaditan,0
still got lesson sch,0
thts wat wright brother fly,0
dai downloaded exe file run exe installing,0
thinking chennai forgot come auction,0
well still bit left guy want tonight,0
free top ringtone sub weekly ringtone get st week free send subpoly per week stop sm,1
ard like dat lor juz meet mrt station dun haf come,0
india win level series mean record,0
anyway seriously hit back otherwise light armand always shit vomiting,0
eat fo lunch senor,0
send new number,0
sorry man account dry would want could trade back half could buy shit credit card,0
quite late lar ard anyway wun drivin,0
party alex nichols,0
easy ah sen got selected mean good,0
dad back ph,0
training process,0
oh forwarded message thought send,0
oh charge camera,0
keep payasam rinu brings,0
tomorrow onwards eve work,0
going ikea str aft dat,0
awake snow,0
nope wif si lor aft bathing dog bathe look like going rain soon,0
pocked,0
customer service announcement recently tried make delivery unable please call schedule ref,1
ur chance win money cash every wk txt action url custcare wk,1
seems unnecessarily affectionate,0
swt thought nver get tired little thing lovable person coz somtimes little thing occupy biggest part heart gud ni,0
watever relation built dis world thing remains atlast iz lonlines lotz lot memory feeling,0
free game get rayman golf free game arcade st get ur game setting reply post save activ press key arcade termsapply,1
hey mate hows honey ave good holiday gimmi de goss,0
hello yeah got bath need hair come done yeah,0
loosu go hospital de dont let careless,0
apo mokka player,0
dear hero leaving qatar tonite apt opportunity pls keep touch lt email gt kerala,0
good afternoon loverboy go day luck come way think sweetie send love across sea make smile happy,0
worse us half way stop better complete,0
important message final contact attempt important message waiting customer claim dept expires call,1
cbe really good nowadays lot shop showroom city shaping good,0
princess,0
want go,0
certainly put thing perspective something like happens,0
hey ad crap nite borin without ya boggy boring biatch thanx wait til nxt time il ave ya,0
haha heard text around,0
dun thk quit yet hmmm go jazz yogasana oso go meet em lesson den,0
urgent nd attempt contact money call csbcm wc xx callcost ppm mobilesvary max money,1
project pa come,0
nice line said broken heart plz cum time infront wise trust good,0
asked anthony dad bf,0
much cost,0
bold lt gt,0
special,0
ok lar sleep early nite,0
meeting,0
well done costa del sol holiday money await collection call toclaim sae tc pobox stockport sk xh cost money pm max min,1
hey morning come ask pa,0
thing quick question,0
reach ard min ok,0
uncle checking rewarding month,0
ok also wan watch pm show,0
hi elaine today meeting confirmed,0
happy new year hope good semester,0
wat time finish,0
honey sweetheart darling sexy bun sugar plum loverboy miss boytoy smack as go gym,0
well thats nice bad cant eat,0
got fujitsu ibm hp toshiba got lot model say,0
yar wanted scold yest late already got zhong se qing ask ask go lor still act real,0
o called ubandu run without installing hard disk use o copy important file system give repair shop,0
alright babe justthought sayhey doin nearly endof wk offdam nevamind hook sn uwant lovejen,0
wishing wonderful week,0
lost kilo today,0
gud ni swt drms take care,0
nope think go monday sorry replied late,0
valentine huh proof fb page ugh glad really watch rupaul show tool,0
sorry cant take call right happens waxsto wat want come ill get medical insurance able deliver basic care currently shopping right medical insurance give til friday morning thats see major person guide right insurance,0
nah help never iphone,0
oh phone phoned disconnected,0
dear dave final notice collect tenerife holiday cash award call landline tc sae box cw wx ppm,1
hope great day,0
aiyar hard type later free tell call scold tell,0
planning usually stop find hella weed smoke hella weed,0
work right,0
back lem know ready,0
know dad back,0
job profile seems like bpo,0
much eighth,0
wiskey brandy rum gin beer vodka scotch shampain wine kudi yarasu dhina vaazhthukkal,0
oh dang mean send lol,0
freemsg hi baby wow got new cam moby wan na hot pic fancy chat im utxt rply chat hlp msg rcv,1
ok feel like john lennon,0
yeah pretty much best case scenario,0
urgent mobile awarded money bonus caller prize nd attempt contact call box qu bt national rate,1
borderline yeah whatever,0
urgent mobile awarded money bonus caller prize final try contact call landline box wr ppm,1
freemsg hey darling week word back like fun still tb ok xxx std chgs send money rcv,1
strange watching nd one bed sweet dream miss,0
congrats treat pending mail day mail thru respect mother home check mail,0
curious cuz asked,0
comin fetch u oredi,0
today going college able atten class,0
hello baby get back mom setting computer filling belly go loverboy miss already sigh,0
pick pm go taunton still want come,0
spjanuary male sale hot gay chat cheaper call national rate min cheap min peak stop text call min,1
haha think,0
moment day value morning brings hope afternoon brings faith evening brings luv night brings rest wish find today good morning,0
lol knew saw dollar store,0
flippin shit yet,0
going take babe,0
omg one thing another cat worm bad day end,0
ya told asking wats matter,0
think going finn come,0
crazy ar married like gd looking guy frens like say korean leona fave dun thk aft thinking mayb prob go,0
thank much skyped wit kz sura didnt get pleasure company hope good given ultimatum oh countin aburo enjoy message sent day ago,0
idea guess work hour supposed leave since usual nobody interest figuring shit last second,0
would still cozy exhausted last night nobody went school work everything closed,0
looked addie go back monday suck,0
dude im longer pisces im aquarius,0
nw came hme da,0
guy kadeem selling since break know one guy paranoid fuck like selling without til late tonight,0
sent de webadres geting salary slip,0
reading gud habit nan bari hudgi yorge pataistha ertini kano,0
left vague said would inform person accounting delayed rent discus housing agency renting another place checking online place around usc lt gt,0
shoot doc waiting room,0
honey boo missing,0
love aathi love lot,0
birthday feb lt gt da,0
nice day dear,0
meant calculation lt gt unit lt gt school really expensive started practicing accent important decided year dental school nmde exam,0
mean could keep ur word,0
significance,0
solve case man found murdered lt decimal gt lt gt afternoon wife called police police questioned everyone wife sir sleeping murder took place cook cooking gardener picking vegetable house maid went post office child went play neighbour went marriage police arrested murderer immediately reply reason brilliant,0
sir late paying rent past month pay money lt gt charge felt would inconsiderate nag something give great cost didnt speak however recession wont able pay charge month hence askin well ahead month end please help thanks,0
getting ticket walsall tue th march mate getting sat ill pay treat want go txt bak terry,0
yes princess want catch big strong hand,0
ou guaranteed latest nokia phone gb ipod mp player money prize txt word collect ibhltd ldnw mtmsgrcvd,1
hey charles sorry late reply,0
think steyn surely get one wicket,0
collect valentine weekend paris inc flight hotel money prize guaranteed text paris url,1
yeah imma come cause jay want drug,0
gr poly tone mob direct rply poly title eg poly breathe title crazyin sleepingwith finest ymca getzed co uk pobox wq,1
going lunch,0
wait lt gt min,0
huh early dinner outside izzit,0
workin overtime nigpun,0
thank much skyped wit kz sura didnt get pleasure company hope good given ultimatum oh countin aburo enjoy,0
dude got haircut breezy,0
okay wait ah,0
want cock hubby away need real man satisfy txt wife string action txt stop end txt rec money ea otbox la w,1
late wish,0
sure consent form,0
number vivek,0
fret buy ovulation test strip send wont get til like march send postal address alright okay,0
oops mum somerset bit far back tomo see soon,0
wen ur free come home also tel vikky hav sent mail also better come evening il free today aftr pm,0
time want come,0
tried contact offer new video phone anytime network min half price rental camcorder call reply delivery wed,1
sure relative home sm de pls,0
coughing nothing,0
tell happen dont behave like ok need say,0
know friend already told,0
lt gt oh send home sale,0
registered optin subscriber ur draw money gift voucher entered receipt correct an whats bbc chart,1
hand phone chat wit,0
ur cash balance currently pound maximize ur cash send go msg cc po box tcr,1
pas dis ur contact see wat get red luv wid blue put smile face purple realy hot pink swt orange thnk lyk green realy wana go wid yelow wnt bck black jealous brown miss nw plz giv one color,0
shame maybe cld meet hr tomo,0
telly brdget jones,0
cool night lem know around,0
theoretically yeah could able come,0
gentle baby soon taking lt gt inch deep inside tight pussy,0
oh god happy see message day,0
tonight mate catching sleep new number way,0
lol know hey someone great inpersonation flea forum love,0
released another italian one today cosign option,0
hi keen go kind feel go tomo mind,0
tell who pls,0
mm ask come enough,0
ok msg leave house,0
lasting much hour might get lucky,0
sister kid,0
yup noe leh,0
yunny goin late,0
dunno da next show aft toa payoh got,0
ambrith madurai met arun dha marrge remembr,0
ride equally uneventful many pesky cyclist around time night,0
mm asked call radio,0
dude knw also telugu thts gud gud nyt,0
fine anytime best,0
oh lk tt den take one tt end cine lor dun wan yogasana oso,0
hello need posh bird chap user trial prod champneys put need address dob asap ta,1
tirupur call da,0
operate lt gt,0
freemsg txt call claim reward hour talk time use phone subscribe gbp mnth inc hr stop txtstop,1
boo thing back home little bored already,0
awesome remember last time got somebody high first time diesel,0
dis yijue jus saw ur mail case huiming havent sent num dis num,0
hhahhaahahah rofl wtf nig leonardo room something,0
maybe find something else instead,0
record one night,0
plan family set stone,0
interflora late order interflora flower christmas call place order midnight tomorrow,1
missionary hook doggy hook standing,0
urgent call landline complimentary ibiza holiday money cash await collection sae c po box sk wp ppm,1
wait still clear sure sarcastic want live u,0
many lick take get center tootsie pop,0
know shall speak lt gt minute,0
sometimes heart remembrs someone much forgets someone soon bcoz heart like everyone liked one remembered everytime bslvyl,0
see,0
nope drivin neva develop da photo lei,0
ready lt gt,0
lol please actually send pic right wan na see pose comb hair dryer something,0
two carton pleased shelf,0
nooooooo gon na bored death day cable internet outage,0
oh god gon na google nearby cliff,0
look da lib got stuff havent finish yet,0
whatever im pretty pissed,0
bluray player,0
oh rite well im best mate pete went week geva longer week,0
thursday,0
set place heart mind mind easily forgets heart always remember wish happy valentine day,0
send content page,0
go buy wif meet later,0
yan jiu liao sat go bugis vill one frm den hop parco nb sun go cine frm den hop orc mrt hip hop,0
ok come home vl nice meet chat,0
oh ic thought meant mary jane,0
donno scorable,0
christmas occasion celebrated reflection ur value desire affection amp tradition ideal christmas,0
winner specially selected receive money cash money award speak live operator claim call pm cost,1
oh thkin goin yogasana den nd go den rush parco nb okie lor call ready,0
except there chick huge boob,0
hey check da listed da,0
wa efficient gee thanx,0
free,0
much would cost hire hitman,0
ha jus ate honey ar sweet,0
hey babe sorry get sooner gary come fix cause think know go far ptbo say cost lt gt buck know might cheaper find someone second hand machine right let know want babe,0
come pick come immediately aft ur lesson,0
sure make sure know smokin yet,0
yes dont care need bad princess,0
yes care cause know,0
today accept day accept brother sister lover dear best clos lvblefrnd jstfrnd cutefrnd lifpartnr belovd swtheart bstfrnd rply mean enemy,0
yeah leave couple minute amp let know get mu,0
went project centre,0
wake already wat picking u later rite taking sq reaching ard smth like dat check arrival time ya soon,0
hey want anything buy,0
urgent mobile awarded money bonus caller prize nd attempt contact call box qu,1
made day great day,0
yeah quite bit left swing tomorrow get,0
dunno leh cant remember mayb lor wat time meeting tmr,0
pick another th done,0
finished eating got plate leftover time,0
host based idp linux system,0
yunny walking citylink faster come hungry,0
thanx darlin im cool thanx bday drink nite morrow take care soon xxx,0
oh mr sheffield wan na play game okay bos nanny give raise give one,0
get ready moan scream,0
free today haf pick parent tonite,0
picking various point,0
problem spending lot quality time together,0
pay like lt gt yr difficult,0
block breaker come deluxe format new feature great graphic mobile buy money replying get bbdeluxe take challenge,1
captain vijaykanth comedy captain tv drunken,0
might go sch yar salon boring,0
anything lar going home dinner,0
babe want dont baby im nasty thing filthyguys fancy rude time sexy bitch go slo hard txt xxx slo msg,1
hui xin da lib,0
yet chikku going room nw bus,0
dad went oredi,0
help propose going back tomorrow,0
willing go apps class,0
watching house entertaining getting whole hugh laurie thing even stick indeed especially stick,0
ujhhhhhhh computer shipped address sandiago parantella lane wtf poop,0
well watch shrek,0
hello news job making wait fifth week yeah im woozles weasel exeter still home,0
private account statement show unredeemed bonus point claim call identifier code expires,1
believe attached seeing every day know best get babe go teach class midnight,0
mum sent many many message since got want know actually getting enjoy rest day,0
anything lor toa payoh got place walk meh,0
purity friendship two smiling reading forwarded message smiling seeing name gud evng,0
telling coulda real valentine never pick nothing,0
hi please get lt gt dollar loan pay back mid february pls,0
whatsup dont want sleep,0
mean confirmed tot juz say oni ok,0
costa del sol holiday money await collection call toclaim sae tc pobox stockport sk xh cost money pm max min,1
wat tht incident,0
sorry light turned green meant another friend wanted lt gt worth may around,0
tell address,0
finished class,0
get garden ready summer free selection summer bulb seed worth money scotsman saturday stop go notxt co uk,1
boy love grl hogolo boy gold chain kodstini grl agalla boy necklace madstini grl agalla boy hogli mutai eerulli kodthini grl love kano,0
tried contact reply offer video phone anytime network min half price line rental camcorder reply call,1
exact intention,0
dear voucher holder claim week offer pc please go url t c apply stop text txt stop,1
let know kick,0
deep sigh miss really surprised gone net cafe yet get miss,0
shopping eh ger toking abt syd leh haha,0
sale arsenal dartboard good condition double treble,1
get step outta way congrats,0
im gon na miss much,0
gon na go get taco,0
dint slept afternoon,0
still painting ur wall,0
lovely smell bus tobacco,0
hmmm guess go kb power yoga haha dunno tahan power yoga anot thk got lo oso forgot liao,0
yeah impression got,0
aldrine rakhesh ex rtm pls call urgent,0
today voda number ending selected receive money award match please call quoting claim code standard rate app,1
aiyo co sm neva reply wait reply lar tot havent finish ur lab wat,0
fact leave think addie go back school tues wed,0
dont send plus mode,0
per request maangalyam alaipayuthe set callertune caller press copy friend callertune,0
ok meeting later,0
like love arrange,0
moby pub quiz win money high street prize know new duchess cornwall txt first name unsub stop money sp,1
sister got placed birla soft da,0
mu like lt gt second,0
funeral home audrey dad,0
movie call wat,0
cant talk call dont keep calling,0
hello damn christmas thing think decided keep mp doesnt work,0
last chance claim ur money worth discount voucher today text shop savamob offer mobile c savamob pobox uz money sub,1
free nokia motorola upto mths price linerental free net min txt mth free tooth call mobileupd call optout wv,1
well done luv ya,0
hey go jazz power yoga hip hop kb yogasana,0
happen tell truth,0
fwiw reason around time smoke gas afford around someone tell apparently happens somebody want light,0
match started india lt gt,0
happen dear silent tensed,0
rightio well arent bright early morning,0
ok finishing soon,0
happened adventuring,0
plz tell an bslvyl sent via fullonsms com,0
see letter car,0
please come imin town dontmatter urgoin outl reallyneed docd please dontplease dontignore mycalls thecd isv important tome moro,0
would fuckin believe didnt know thurs pre booked cancelled need sacked,0
usually take fifteen fucking minute respond yes question,0
anything lar,0
woke yeesh late fall asleep til lt gt,0
nah straight bring bud drink something actually little useful straight cash,0
one slice one breadstick lol,0
come back tampa ffffuuuuuuu,0
mm entirely sure understood text hey ho weekend,0
good hear,0
specially selected receive pound award call line close cost ppm c apply ag promo,1
nah im goin wrks wot bout,0
free message activate free text message replying message word free term condition visit url,1
sound like could lot time spent chastity device boy grin take beating like good dog going lounge nice long bath,0
come mu sorting narcotic situation,0
babe back come back,0
whole car appreciated last two dad map reading semi argument apart thing going ok,0
also remember get dobby bowl car,0
receiving week triple echo ringtone shortly enjoy,1
house maid murderer coz man murdered lt gt th january public holiday govt instituitions closed including post office,0
aww must nearly dead well jez iscoming todo workand whilltake forever,0
wan na watch movie,0
havent stuck orchard dad car going dinner leh free tonight,0
free day sexy st george day pic jordan txt pic dont miss every wk saucy celeb pic pocketbabe co uk money wk,1
dating service asked contact someone shy call revealed pobox uz,1
call da waiting call,0
lmao know well,0
done internet connection slow send try later first thing tomo,0
anyway many good evening,0
sef dey laugh meanwhile darling anjie,0
know people still town,0
give sec breaking lt gt cstore,0
actually nvm got hella cash still lt gt ish,0
mm kanji dont eat anything heavy ok,0
yup thk oso boring wat,0
lastest stereophonics marley dizzee racal libertine stroke win nookii game flirt click themob wap bookmark text wap,1
tonight yeah,0
ok found dis pierre cardin one look normal cost sale,0
urgent ur awarded complimentary trip eurodisinc trav aco entry money claim txt dis money morefrmmob shracomorsglsuplt l aj,1
ur change da report big co already made change da previous report,0
come ur home,0
use foreign stamp country,0
well meant opposed drunken night,0
jesus christ bitch trying give drug answer fucking phone,0
got ta,0
tunji queen wishing great day abiola,0
took tablet reaction morning,0
doin baby girl hope okay every time call ure phone miss get touch,0
gon na rip uterus,0
hey chief give bell get need talk royal visit st june,0
call listen extreme dirty live chat going office right total privacy one know sic listening min mp,1
guy bitching acted like interested buying something else next week gave u free,0
much gave morning,0
neva mind ok,0
plan staying night prolly back til late,0
went attend another two round today still reach home,0
guaranteed latest nokia phone gb ipod mp player money prize txt word collect tc llc ny usa mt msgrcvd,1
ok lor go tog lor,0
show ur colour euro offer get england flag lion tone ur phone click following service message info,1
sound great home,0
someone conacted dating service entered phone fancy find call landline pobox tf,1
badrith chennai surely pick u competition,0
let want house,0
table occupied waiting tree,0
mag meeting avo point,0
take post come must text happy reading one wiv hello caroline end favourite bless,0
wat,0
mind ask happened dont say uncomfortable,0
sorry man stash ran dry last night pick sunday,0
thought get watch co thats kind thing get th love much,0
de looking good,0
sir waiting letter,0
sorry ur msg yar lor poor thing one night tmr brand new room sleep,0
jordan got voted last nite,0
didnt get anything da,0
petey boy whereare friendsare thekingshead come canlove nic,0
ok noe busy really bored msg oso dunno wat colour choose one,0
fuck babe miss sooooo much wish sleep bed lonely go sleep dream love,0
dunno let go learn pilate,0
hi durban still number,0
right brah see later,0
yo there class tmrw right,0
ok darlin supose ok worry much film stuff mate babysit call xx,0
know complain num bettr directly go bsnl offc nd apply,0
stop knowing well,0
home,0
abj serving staying dad alone,0
talk atleast day otherwise miss best friend world shakespeare shesil lt gt,0
okay seen pick friday,0
ask princess,0
okey dokey bit sorting stuff,0
nimbomsons yep phone know one obviously co thats real word,0
come round,0
ok every night take warm bath drink cup milk see work magic still need loose weight know,0
win really side long time,0
released vday shirt put make bottom half naked instead white underwear,0
shall send exe mail id,0
thnx dude guy nite,0
going sch mon si need take smth,0
ya came ago,0
important information orange user today lucky day find log onto url fantastic surprise awaiting,1
even cant close eye vava playing umma,0
come life brought sun shiny warming heart putting constant smile face making feel loved cared,0
babe go day sip cappuccino think love send kiss across sea,0
lost pound help,1
dude avatar imp one point thought actually fly room almost tried hittng one reflex,0
wine flowing nevering,0
probs hon doinat mo,0
plural noun research,0
sorry left phone upstairs ok might hectic would bird one fell swoop date,0
hey sorry didntgive ya bellearlier hunny bedbut mite go thepub tr uwana mt load luv jenxxx,0
late said website dont slipper,0
jay told already,0
must book huh going yoga basic sunday,0
neshanth tel,0
yeah sure thing mate haunt got stuff sorted im going sound anyway promoting hex way dont know number joke,0
cant pick phone right pls send message,0
ok dear call chechi,0
thk got ta go home urself co going shopping frens present,0
excellent wish together right,0
urgent mobile xxx money bonus caller prize nd attempt reach call asap box qp ppm,1
time coming later,0
ok prob come lunch,0
lol yes add spice day,0
brainless baby doll vehicle sariyag drive madoke barolla,0
popping lt gt ibuprofen help,0
know hook mean right,0
single single answer fighting plus said broke didnt reply,0
come home want miserable,0
slaaaaave must summon time wish come anymore,0
read shame tell take run blame ever really ever long time,0
ok lor ned go toa payoh return smth wan send wat,0
haf msn email,0
dear reached railway happen,0
hi babe thanks coming even though didnt go well wanted bed hope see soon love kiss xxx,0
nobody decide eat dad want chinese,0
love one law make happy person love way friendship one law never make ur friend feel alone alive gud night,0
yes ammae life take lot turn sit try hold steering,0
generally one uncountable noun dictionary piece research,0
dude go sup,0
tired arguing week week want,0
guai shd haf seen naughty free today go jogging,0
kick new season wks free goal news ur mobile txt ur club name eg villa,1
chosen receive money award pls call claim number collect award selected receive valued mobile customer,1
open door,0
mark work tomorrow get work house meet afterwards,0
wat busy wif work,0
bruce amp fowler mom car park long story,0
imagine finally get sink bath put pace maybe even eat left also imagine feel cage cock surrounded bath water reminding always owns enjoy cuck,0
thanks temales wonderful thank great week,0
hiding stranger,0
bored come home,0
go walmart stay,0
okie,0
guy never invite anywhere,0
problem,0
new theory argument win situation loses person dont argue ur friend kick amp say always correct,0
need presnts always bcz cant mi love jeevithathile irulinae neekunna prakasamanu sneham prakasam ennal prabha mn prabha love got dont mi,0
opinion jada kusruthi lovable silent spl character matured stylish simple pls reply,0
week savamob member offer accessible call detail savamob pobox la wu money week savamob offer mobile,1
keep seeing weird shit bein woah realising actually reasonable oh,0
text banneduk see cost textoperator ga xxx,1
oops sorry check mind picking tomo half eight station would ok,0
langport sorry probably bed pm suck ill xmas go sri lanka,0
babe miiiiiiissssssssss need crave geeee sad without babe love,0
gosh pain spose better come,0
one talking,0
jay want work first sound,0
noice text,0
damn poor zac stand chance,0
pay lt decimal gt lakh,0
exactly anyways far jide study visiting,0
forget owns private property good boy always passionate kiss,0
anything lor juz u lor,0
oh baby house come dont new picture facebook,0
text creepy like think forgot,0
say never answer text confirm deny,0
love babe sure everything alrite idiot txt bak girlie,0
fine good hear dear happy new year oh,0
go fool dont cheat others ok,0
sent part,0
thanks da thangam feel happy dear also miss da,0
lt gt guess easy enough,0
worry though understand important put place poorly thought punishment face worst thing ever happened brb gon na go kill,0
know anthony bringing money school fee pay rent stuff like thats need help friend need,0
babe talking think good boy missing love,0
meant apology texting get drug lt gt night,0
got wat buy tell u need come,0
ok lor wan go look,0
came hostel,0
thanks yesterday sir wonderful hope enjoyed burial mojibiola,0
better bb wont use wife doctor,0
good luck draw take place th feb good luck removal send stop customer service,1
yup thk cine better co need go plaza mah,0
speak feel word better silence gud mrng,0
one small prestige problem,0
thing good thanx got exam march ive done revision fran still boyf ive got ta interviw exeter bit worried,0
valued customer pleased advise following recent review mob awarded money bonus prize call,1
yar tot knew dis would happen long ago already,0
need coffee run tomo believe time week already,0
mummy boy good bad positive negative mummy made wait hmmmm,0
neft transaction reference number lt gt r lt decimal gt credited beneficiary account lt gt lt time gt lt gt,0
tried contact reply offer min textand new video phone call reply free delivery tomorrow,1
call close,0
thinking,0
checked heading drop stuff,0
per request melle melle oru minnaminunginte nurungu vettam set callertune caller press copy friend callertune,0
miss much desparate recorded message left day listen hear sound voice love,0
carlos pick swing usf little bit,0
hello per request lt gt r transfered,0
ok wif co like try new thing scared dun like mah co said loud,0
hey leave big deal take care,0
hey anyway,0
hey tmr meet bugis,0
thanks reply today ur visa coming still buying gucci bag sister thing easy uncle john also bill really need think make money later sha,0
lol happens vega stay vega,0
aiyo please got time meh,0
good good job like entrepreneur,0
omg know ate,0
hello lover go new job happy think wake slave send teasing kiss across sea,0
ill lt gt ok,0
eastenders tv quiz flower dot compare violet tulip lily txt chance win money cash wkent,1
office da,0
guy car shop flirting got phone number paperwork called texted nervous course may address call bos tell knowing may get fired,0
xxxmobilemovieclub use credit click wap link next txt message click url xxxmobilemovieclub com qjkgighjjgcbl,1
oh god almost home,0
babe love cover face kiss,0
always saying welp,0
sorry free,0
way home went change batt watch go shop bit lor,0
know mallika sherawat yesterday find lt url gt,0
good registered vote,0
nope,0
hi dear call urgnt know whats problem want work problem least tell wating reply,0
uh head much left,0
oh ya got hip hop open haha thinking go jazz zoom cine actually tonight free leh kb lesson tonight,0
lol busy,0
sister cleared two round birla soft yesterday,0
lol gon na last month cashed left lt gt case collecting week cause announced blog,0
tell thinking plus going stop run,0
made eta taunton planned hope still okday good see xx,0
hey congrats id luv ive go home,0
running managed minute needed oxygen might resort roller option,0
pity mood suggestion,0
darren saying dat meeting da ge den dun meet dinner co later leave xy feel awkward den meet lunch lor,0
hi kindly give u back document submitted loan stapati,0
dont use hook,0
little med say take every hour pain back took another hope die,0
gone get info bt dont know,0
mobile mths update latest camera video phone free keep ur number get extra free min text text yes call,1
hm good morning headache anyone,0
pdate double min txts orange tariff latest motorola sonyericsson nokia bluetooth free call mobileupd call optout yhl,1
ya telling abt tht incident,0
suck go hair free right,0
hows champ leaving glasgow,0
call cost guess isnt bad miss ya need ya want ya love ya,0
around still asleep,0
hurry home big butt hang last caller food done starving ask cooked,0
come medical college pm forward da,0
buy one egg da please,0
opening mca,0
performance award calculated every two month current one month period,0
tel software name,0
phone weirdest auto correct,0
thanks chikku gud nyt,0
early bird purchase yet,0
case wake wondering forgot take care something grandma today done parade,0
eatin lor goin back work soon mountain deer show huh watch liao nice,0
yup msg tat yijue tot group mate co meeting today mah askin leaving earlier wat mah co mayb haf walk far,0
also hi wesley,0
like tell deepest darkest fantasy call min stop text call nat rate,1
today iz yellow rose day love frndship give misscall amp send ur frndz amp see many miss call get get missed marry ur lover,0
work going min,0
xmas iscoming ur awarded either money cd gift voucher free entry money weekly draw txt music tnc url,1
time fix spelling sometimes get completely diff word go figure,0
give everything want need actually could better yor got money get work get man pay rent even fill fucking gas tank yes stressed depressed even call home thanksgiving cuz tell nothing,0
santa calling would little one like call santa xmas eve call book time,1
reach orchard already wan go buy ticket first,0
broke list reason nobody town tell sarcastic faggy,0
could work reach consensus next meeting,0
dont message offer,0
money money aint thing sha,0
nobody name penis girl name story add,0
im inperialmusic listening weirdest track ever leafcutter john sound like insect molested someone plumbing remixed evil men acid,0
sound good keep posted,0
maybe fat finger press button know,0
recieve tone within next hr term condition please see channel teletext pg,1
yeah sure leave min,0
take like noon,0
oh ho first time use type word,0
ok ok guess,0
ugh wan na get bed warm,0
carlos minute still need buy,0
sorry roommate took forever ok come,0
time,0
prakesh know,0
aiyah rain like quite big leh drizzling least run home,0
get library,0
hello handsome finding job lazy working towards getting back net mummy boytoy miss,0
many happy return day wish happy birthday,0
guy flash go call call madam take care oh,0
sister law hope great month saying hey abiola,0
dont flatter tell man mine two pint carlin ten minute please,0
pic please send,0
good evening sir al salam wahleykkum sharing happy news grace god got offer tayseer tissco joined hope fine inshah allah meet sometime rakhesh visitor india,0
wish great semester,0
school da lab stuff give call done,0
em olowoyey usc edu great time argentina sad secretary everything blessing,0
bill money thats bad,0
dont put phone silent mode ok,0
dont much image class,0
subscribed textcomp wkly comp st wk free question follows subsequent wks email unsubscribe txt stop custcare,1
dont gim lip caveboy,0
congrats year special cinema pas call suprman matrix starwars etc free bx ip pm dont miss,1
weekend fine excuse much decorating,0
sent maga money yesterday oh,0
contacted dating service someone know find call mobile landline pobox ldns,1
look amy ure beautiful intelligent woman like lot know like like worry,0
email alertfrom jeri stewartsize kbsubject low cost prescripiton drvgsto listen email call,1
yet chikku wat abt tht guy stopped irritating msging,0
said went back bed sleep anything,0
reached sch already,0
co darren say considering mah ask,0
aight latest probably closer jay tyler two trip,0
sent email address incomm right,0
room need,0
free call,0
movie laptop,0
er enjoyin indian mo yep sall good hehe hows bout shexy pete xx,0
havent planning buy later check already lido got show afternoon finish work already,0
ur physic get,0
first answer question,0
lifted hope offer money need especially end month approach hurt studying anyways gr weekend,0
thank baby cant wait taste real thing,0
think could stop like hour roommate looking stock trip,0
busy come point figure tomorrow,0
pleased inform application airtel broadband processed successfully installation happen within day,0
diet ate many slice pizza yesterday ugh always diet,0
didnt complete gist oh,0
make sense btw carlos difficult guy gon na smoke go pick second batch get gas,0
lol drunkard hair moment yeah still tonight wats plan,0
nt yet chikku simple habba hw abt,0
wa ur openin sentence formal anyway fine juz tt eatin much puttin weight haha anythin special happened,0
yes place town meet exciting adult single uk txt chat msg,1
going try month ha ha joking,0
dunno lei neva say,0
probably still going stuff,0
lor,0
yup comin,0
yar say got error,0
oh shut omg yesterday dream kid boy pissed kid boy even told mark dream changing diaper cause getting owed face,0
jot thing want remember later,0
think rule tamilnadu tough people,0
av new number wil use one ta,0
well told others marry,0
pattern recently crap weekend,0
talk,0
evry emotion dsn hav word evry wish dsn hav prayrs smile world wit othrwise even drop tear dsn lik stay wit happy good morning keep smiling,0
hard believe thing like say lie think twice saying anything,0
th gower mate man good wale ill back morrow wk msg random,0
hiya hows going sunny africa hope avin good time give big old silver back big kiss,0
sent send,0
da bus going home,0
wylie tampa sarasota,0
hi amy sending free phone number couple day give access adult party,1
come take little time child afraid dark become teenager want stay night,1
mum went dentist,0
ebay might less elsewhere,0
yo dude guess got arrested day,0
printer cool mean groovy wine groovying,0
aight still want get money,0
great hear settling well happenin wit ola,0
free entry gr prize wkly comp chance win latest nokia psp money cash every wk txt great url,1
quite lor dun tell wait get complacent,0
better made friday stuffed like pig yesterday feel bleh least writhing pain kind bleh,0
shuhui say change suntec steamboat noe,0
ur paper today morn aft,0
dice art class thru thanks though idea time come tomorrow,0
computer fried essential part keep spare fucking idiot roommate looovvve leaving thing running full lt gt,0
charge transfer charge withdraw anyhow like,0
hard live chat min choose girl connect live call cheap chat uk biggest live service vu bcm wc xx,1
miss ya need ya want ya love ya,0
friend want drive em someplace probably take,0
urgent please call abta complimentary spanish holiday money cash await collection sae c box po ez ppm,1
merry christmas annie,0
know pls open back,0
yeah fact asked needed anything like hour ago much,0
ok sent da latest version da project,0
aiyah wait lor entertain hee,0
sent ur email id soon,0
pm cost,1
good morning repair shop reason hour,0
yeah usual guy town definitely people around know,0
husband,0
congrats mobile videophones call videochat wid ur mate play java game dload polyh music noline rentl bx ip pm,1
per min call germany bt line per min check planettalkinstant com info text stop opt,1
stayin trouble stranger saw dave day sorted still bloke gona get girl mr ur mum still think get getha,0
oops lt gt,0
wat would like ur birthday,0
aight head,0
ok askd knw tht,0
cool fun practicing making baby,0
cant try new invention fly joking,0
turning phone mom telling everyone cancer sister stop calling hurt talk put see get home love,0
oh got many responsibility,0
zoe hit im fucking shitin il defo try hardest cum morow luv million lekdog,0
warner village colin farrell swat wkend warner village get free med popcorn show email kiosk reply sony mre film offer,1
hi darlin youphone im athome youwanna chat,0
hospital da return home evening,0
gon na home soon want talk stuff anymore tonight cried enough today,0
also bringing galileo dobby,0
still maybe leave credit card get gas get back like told,0
dear subscriber ur draw money gift voucher entered receipt correct an elvis presley birthday txt answer,1
tried contact reply offer video handset anytime network min unlimited text camcorder reply call,1
heard abt tat,0
hi kate lovely see tonight ill phone tomorrow got sing guy gave card xxx,0
justbeen overa week since broke already brain going mush,0
could kiss feel next,0
sorry bathroom sup,0
ya onion roast,0
lovely night xxx,0
college,0
okey doke home dressed co laying around ill speak later bout time stuff,0
dont think need yellow card uk travel ask someone gone lt gt buck,0
actor work work evening sleep late since unemployed moment always sleep late unemployed every day saturday,0
free msg single find partner area real people waiting chat send chat cncl send stopcs money per msg,1
purchase stuff today mail po box number,0
win urgent mobile number awarded money prize guaranteed call land line claim valid hr ppm,1
lol hot air balloon,0
sen told going join uncle finance cbe,0
ever get song stuck head reason go away til listen like time,0
go ok na,0
right though give space want need really starting become issue going suggest setting definite move still greece maybe ready,0
give plus said grinule greet whenever speak,0
alright tyler got minor crisis home sooner thought asap,0
wat da model num ur phone,0
gain right wife dont demand trying husband let see,0
hey next sun basic yoga course bugis go pilate intro next sat tell time free,0
aiyar dun disturb liao thk lot aft ur cupboard come,0
probably couple hour top,0
time come tomorrow,0
love give massage use lot baby oil fave position,0
next lt gt hour imma flip shit,0
whenever see still hook,0
new message please call,1
sending greeting joy happiness gr evening,0
unbelievable faglord,0
love wine dine lady,0
babe fucking love know fuck good hear voice need crave get enough adore ahmad kiss,0
home please call,0
happy come noon,0
eh den sat book kb liao huh,0
yes one woman man please tell like dislike bed,0
significant dont worry,0
go chase run crossing street,0
go jurong point crazy available bugis great world la buffet cine got amore wat,0
hide anythiing keeping distance,0
day working day except saturday sunday,0
lol made plan new year,0
solihull want anything,0
jus an lar noe later,0
joined today,0
get home,0
bloody hell cant believe forgot surname mr ill give clue spanish begin,0
forget tell want need crave love sweet arabian steed mmmmmm yummy,0
nite nite pocay wocay luv thing eva promise ring morrowxxxx,0
know dat feelin pete wuld get em nuther place nuther time mayb,0
cooked rather nice salmon la,0
arr birthday today wish get oscar,0
end might still vomit okay everything come,0
bank granite issue strong buy explosive pick member nasdaq symbol cdgt money per,1
da al lt gt,0
come room come house co house still messy haha,0
lmao fun,0
got ur mail dileep thank muchand look forward lot support less contact remember one venugopal mentioned tomorrow late shall try come till goodnight dear,0
ya ok dinner,0
heehee funny tho,0
actually sleeping still might call back text gr rock si send text wen wake,0
th july,0
east coast,0
leaving soon little,0
log wat sdryb,0
well glad find totally disagreeable lol,0
good thing getting connection bw,0
sorry hurt,0
got call landline number asked come anna nagar go afternoon,0
reach ten morning,0
account refilled successfully inr lt decimal gt keralacircle prepaid account balance r lt decimal gt transaction id kr lt gt,0
remember hurt day satanic imposter need pay price may destiny keep going said pray get mind get,0
boo time get supposed take shopping today,0
wuld without baby thought alone mite break wan na go crazy everyboy need lady xxxxxxxx,0
ok popped ask bout something said around tonght wen girl come,0
yup song bro creative neva test quality said check review online,0
love start attraction feel need every time around first thing come thought would start day end every time dream love every breath name life happen around life named would cry give happiness take sorrow ready fight anyone love craziest thing love proove anyone girl beautiful lady whole planet always singing praise love start making chicken curry end makiing sambar life beautiful get every morning thank god day would like say lot tell later,0
eng rocking ash,0
rose need water season need change poet need imagination phone need ur sm need ur lovely frndship forever,0
tried call reply sm video mobile min unlimited text free camcorder reply call,1
ok come ur home half hour,0
wot student discount get book,0
okay name ur price long legal wen pick ave am xx,0
bruv hope great break rewarding semester,0
sing hu think also important find someone female know place well preferably citizen also smart help navigate even thing like choosing phone plan require guidance doubt ask especially girl,0
workin get job,0
hello boytoy geeee missing today like send tm remind thinking loved loving kiss,0
alex say ok ok,0
first strike red one bird antelope begin toplay fieldof selfindependence believe flower contention grow random,0
ducking chinchilla,0
excellent thought misundrstud frnd knw hate bt day wen knw truth hate urself gn,0
oh haha den shld went today gee nvm la kaiez dun mind goin jazz oso scared hiphop open cant catch,0
hope pee burn tonite,0
oh big hitter anyway good,0
actually send reminder today wonderful weekend,0
great news call freefone claim guaranteed money cash money gift speak live operator,1
meet corporation st outside gap see mind working,0
get dump heap mom decided come lowes boring,0
oh god found number glad text back xafter msg cst std ntwk chg money,1
castor need see something,0
boytoy miss happened,0
lol always convincing,0
got ta collect da car lei,0
yep great loxahatchee xmas tree burning lt gt start hour,0
yeah barely enough room two u many fucking shoe sorry man see later,0
wow healthy old airport rd lor cant thk anything else bathing dog later,0
gr see message leaving congrats dear school wat ur plan,0
lol well without could big sale together,0
stop story told returned saying order,0
aight lem know,0
scratching,0
please attend phone,0
txting driving,0
hmmm many player selected,0
free st week entry textpod chance win gb ipod money cash every wk txt vpod t c url custcare,1
many dependent,0
urgent ur money guaranteed award still unclaimed call closingdate claimcode money pmmorefrommobile bremoved mobypobox l yf,1
honey pls find much sell predicte nigeria many time used important reply monday,0
reason team budget available last buy unsold player base rate,0
check audrey status right,0
thanks lovely wisheds rock,0
hey tell blake address carlos wanted meet got lost answering phone,0
much fight good nite,0
hi email address changed,0
jade paul txt remember barmed want talk txt,0
yeah jus rite,0
thinl role like sachin standing others hit,0
secret admirer reveal think special call opt reply reveal stop per msg recd cust care,1
night night see tomorrow,0
yes baby study position kama sutra,0
hey da cool iknow wellda peril studentfinancial crisis spk,0
oh wow thats gay firmware update help,0
stayin extra week back next wed rugby weekend hi soon,0
juz havent woke bit blur blur dad went liao cant cum oso,0
trust even,0
hey loverboy love tell look picture ache feel leg fuck want need crave,0
tomarrow want got court lt decimal gt come bus stand,0
nt joking seriously told,0
aight time want come,0
getting back home,0
haha mayb rite know well da feeling liked someone gd lor faster go find one gal group attached liao,0
going tirunelvali week see uncle already spend amount taking dress want money give feb,0
hey got mail,0
still around looking pick later,0
yeah work fine started last week stuff dull easy guy fun,0
printed oh lt gt come upstairs,0
predict wat time finish buying,0
love little pocy bell sorry love,0
sch neva mind eat st lor,0
fr ndship like needle clock though clock nt able met evn meet itz second bt alwys stay conected gud,0
bad girl still remember,0
mm way railway,0
send pic like,0
ya going restaurant,0
born god said oh another idiot born god said oh competition knew one day two become freinds forever,0
get cash together text jason,0
aiyo poor thing dun wan eat bathe already,0
hey kate hope ur ok give buz wedlunch go outsomewhere adrink town cud go watershd bit ppl fromwrk bthere love petexxx,0
beautiful truth expression face could seen everyone depression heart could understood loved one gud ni,0
superb thought grateful dont everything want mean still opportunity happier tomorrow today,0
lol take member said aunt flow visit month cause developed ovarian cyst bc way shrink,0
text get ringtones logo game url question email,1
nope still market,0
probably gon na see later tonight lt,0
dip cell dead coming better respond else shall come back,0
give one miss number please,0
meet soon princess ttyl,0
welcome select service added benefit call specially trained advisor free mobile dialling,1
hmmm mayb try shoppin area one forgot name hotel,0
house water dock boat rolled newscaster dabbles jazz flute behind wheel,0
nothing really making sure everybody speed,0
guaranteed money award even money cashto claim ur award call free stop getstop php,1
want bold bb torch,0
moji informed saved life thanks,0
lol grin babe thanks thinking,0
lem know,0
still coming tonight,0
happened interview,0
true passable get high score apply phd get year salary make life easier,0
lmao take pic send,0
sry talk phone parent,0
welp apparently retired,0
weekly cool mob tone ready download week new tone include crazy frog axel akon lonely black eyed dont info,1
thinking chuckin ur red green black trainners save carryin bac train,0
much buzy,0
ard lor ok message lor,0
wish holding tightly making see important much mean much need life,0
naughty little thought better flirt flirt flirt rather loving someone gettin hurt hurt hurt gud nyt,0
oh oh den muz change plan liao go back yan jiu,0
urgent mobile xxxxxxxxx money bonus caller prize nd attempt reach call asap box qp ppm,1
get headache trying figure trust math promise,0
lol oops sorry fun,0
going dinner soon,0
reaching home min,0
thats cool sometimes slow gentle sonetimes rough hard,0
guaranteed money award even money cashto claim ur award call free stop getstop php rg jx,1
yo guy ever figure much need alcohol jay trying figure much safely spend weed,0
easy mate guess quick drink bit ambitious,0
wat late still early mah juz go dinner lor aiya dunno,0
make cry stuff happens top everything else push edge underdtand often cry sorry sorry life,0
ring come guy costume gift future yowifes hint hint,0
please call immediately urgent message waiting,1
aight ask roommate,0
yes princess want please every night wish command,0
lover need,0
everybody fun evening miss,0
hi yijue regarding textbook intro algorithm second edition selling money,0
place want da,0
secret admirer looking make contact find reveal think ur special call stopsms,1
hi birth lb oz mother baby brilliantly,0
hey happened switch ur cell whole day isnt good care give call tomorrow,0
congratulation thanks good friend money xmas prize claim easy call per minute bt national rate,1
knock knock txt whose enter weekly draw money gift voucher store yr choice c url age stoptxtstop money week,1
hi babe im home wan na something xx,0
marvel mobile play official ultimate spider man game money ur mobile right text spider game send free ball wallpaper,1
dunno jus say go lido time,0
mobile mths update free orange latest colour camera mobile unlimited weekend call call mobile upd freefone stoptx,1
kallis wont bat nd inning,0
yet wearing blue shirt black pant,0
lol wtf random btw lunch break,0
yes obviously egg pert potato head speak soon,0
check room befor activity,0
kay since already,0
think ur smart win money week weekly quiz text play c winnersclub po box uz gbp week,1
take lt gt min,0
get gift year didnt get anything bad,0
nope forgot show next week,0
secret admirer looking make contact find reveal think ur special call,1
know week going tirunelvai da,0
still plumber tape wrench could borrow,0
angry happen dear,0
apple day doctor tulsi leaf day cancer lemon day fat cup milk day bone problms litre watr day disease snd th care,0
aight ill get fb couple minute,0
let snow let snow kind weather brings ppl together friendship grow,0
come din yup cut hair,0
please dont say like hi hi hi,0
hi jon pete ive bin spain recently hav sum dinero left bill said ur rent mayb interested hav pe around money tb james,0
dude ive seeing lotta corvette lately,0
whatever want know rule talk earlier week start happening showing responsibility yet every week bend rule way way whatever tired thia argument every week lt gt movie doesnt inlude preview still getting,0
talking bout early morning almost noon,0
mobile number money claim call u back ring claim hot line,1
hi hope ur day good back walk table booked half eight let know ur coming,0
bugis juz wat walking home oredi late reply oso saw top dat like din buy,0
okay lor wah like def wont let u go haha say term condition,0
da happy sit together na,0
jay getting really impatient belligerent,0
hi ibh customer loyalty offer new nokia mobile money txtauction txt word start get,1
loan purpose money money homeowner tenant welcome previously refused still help call free text back help,1
purity friendship two smiling reading forwarded message smiling seeing name gud evng musthu,0
thank calling forgot say happy onam sirji fine remembered met insurance person meet qatar insha allah rakhesh ex tata aig joined tissco tayseer,0
boy loved gal propsd bt didnt mind gv lv lttrs bt frnds threw thm boy decided aproach gal dt time truck speeding towards gal wn hit girl boy ran like hell saved asked hw cn run fast boy replied boost secret energy instantly girl shouted energy thy lived happily gthr drinking boost evrydy moral story hv free msg gud ni,0
tell anything,0
huh got lesson lei thinkin going sch earlier tot parkin kent vale,0
want come back beautiful necklace token heart thats give wife liking see one give dont call wait till come,0
hi jess dont know work call im home eve xxx,0
checking really miss seeing jeremiah great month,0
boy late home father power frndship,0
today workin free oso gee thgt workin ur fren shop,0
alright head minute text meet,0
ur hmv quiz cash balance currently money maximize ur cash send hmv msg,1
ok juz receive,0
hello good week fancy drink something later,0
maybe say hi find got card great escape wetherspoons,0
chk ur belovd m dict,0
good day mine really busy much tomorrow night,0
dad wanted talk apartment got late start omw,0
never wanted tell short edge late,0
way ur home,0
thought could go dinner treat seem ok,0
yeah get unlimited,0
night sweet sleep well see exorcism emily rose may never sleep hug snogs,0
drinkin ok,0
please call amanda regard renewing upgrading current mobile handset free charge offer end today tel subject,1
taste fish curry,0
buy space invader chance win orig arcade game console press game arcade std wap charge see co uk game term setting purchase,1
decided people care stuff vote caring stuff loser,0
cant keep talking people sure pay agree price pls tell want really buy much willing pay,0
hope good week checking,0
know jack shit anything say ask something helpful want pretend text whatever response hypotheticalhuagauahahuagahyuhagga,0
missed call cause yelling scrappy miss wait come home lonely today,0
go opening room til thanksgiving without upcharge,0
pls ask macho much budget bb bold co saw new one lt gt dollar,0
doesnt need test,0
got lot hair dresser fr china,0
machan go gym tomorrow wil come late goodnight,0
dear xxxxxxx invited xchat final attempt contact txt chat msgrcvdhg suite land row hl ldn yr,1
keep safe need miss already envy everyone see real life,0
ok another number,0
make fb list,0
congratulation week competition draw money prize claim call c stop sm ppm,1
anything valuable situation first getting second loosing,0
aight sound good want come,0
nothing meant money enters account bank remove flat rate someone transfered lt gt account lt gt dollar got removed bank differ charge also differ sure trust ja person sending account detail co,0
yeah probably swing roommate finish girl,0
think tantrum finished yeah point,0
take care financial problem help,0
rude campus,0
free call pa,0
happy saying,0
sorry joined league people dont keep touch mean great deal friend time even great personal cost great week,0
supervisor find one lor thk student havent ask yet tell aft ask,0
since side fever vomitin,0
creepy crazy,0
want kiss feel next,0
ok bus come soon come otherwise tomorrow,0
bored housewife chat date bt national rate min landline,1
nd time tried contact money prize claim call c stop sm ppm,1
go buy juz buy get lar,0
cool lt gt inch long hope like big,0
pls send company name saibaba colany,0
must come later normally bathe da afternoon mah,0
home lei,0
jolly good way give ticket sat eve speak,0
lost money help,1
haha dinner cousin,0
every monday nxt week vl completing,0
min later,0
awesome gon na soon later tonight,0
tessy pls favor pls convey birthday wish nimya pls dnt forget today birthday shijas,0
pleassssssseeeeee tel avent done sportsx,0
really dude friend afraid,0
really sorry lit hair fire,0
coming friday leave pongal get news work place,0
frens go lor alone wif mum si lor,0
free ringtone reply real,1
congratulation ur awarded either yr supply cd virgin record mystery gift guaranteed call t c url money pm approx min,1
adult would learn experience real danger dont like peep using drug dont need comment,0
st wk free gr tone str wk txt nokia classic nokia tone hit polys nokia poly,1
awake oh,0
meeting call later,0
thats bit weird even supposed happening good idea sure pub,0
hi probably much fun get message thought id txt co im bored james farting night,0
lookatme thanks purchase video clip lookatme charged think better send video mmsto,1
hai dear friend new amp present number rajitha raj ranju,0
nice new shirt thing wear nudist themed mu,0
prabha soryda realy frm heart sory,0
lick every drop ready use mouth well,0
hey great deal farm tour pm money pax money deposit may,0
told coming wednesday,0
yes think office lap room think thats last day didnt shut,0
xmas prize draw trying contact today draw show money prize guaranteed call land line valid hr,1
home work meh,0
good trip watch remember get back must decide easter,0
hi baby im sat bloody bus mo wont home wan na somethin later call later ortxt back jess xx,0
join uk horniest dogging service sex nite sign follow instruction txt entry nyt ec lp msg,1
symptom love like listening song get stopped see name beloved get angry,0
responding,0
time thinkin goin,0
want latest video handset anytime network min half price line rental reply call delivery tomorrow,1
yay wait party together,0
hello boytoy geeee miss already woke wish bed cuddling love,0
happen dear tell,0
forwarded please call immediately urgent message waiting,1
dear invited xchat final attempt contact txt chat msgrcvdhg suite land row hl ldn yr,1
sent lt gt buck,0
never lei lazy got wat dat day send da url cant work one,0
ok try week end course coimbatore,0
movie collect car oredi,0
dont shall buy one dear,0
latest news police station toilet stolen cop nothing go,1
went fast asleep dear take care,0
sure driving reach destination soon,0
awarded sipix digital camera call landline delivery within day c box bp yr warranty ppm money,1
call later network urgnt sm,0
think girl propose today seing ur bloody funky shit fucking face asssssholeeee,0
tell rob mack gf theater,0
gift trying get throw cliff something,0
take care,0
free ringtone waiting collected simply text password mix verify get usher britney fml po box mk ppw,1
free entry money weekly competition text word win url,1
mathews tait edward anderson,0
reach home safe sound liao,0
started skye,0
make lasagna vodka,0
fine thanks,0
single line big meaning miss anything ur best life miss ur best life anything gud nyt,0
hi finally completed course,0
registered subscriber yr draw money gift voucher entered receipt correct an next olympics txt an,1
theyre lot place hospital medical place safe,0
haha dont angry take practice real thing,0
please da call mistake side sorry da pls da goto doctor,0
dont kick coco,0
come right ahmad,0
hello sort town already dont rush home eating nacho let know eta,0
beautiful girl ive ever seen baby come common room,0
nan sonathaya soladha bos,0
important customer service announcement premier,1
leave de start prepare next,0
called hoping malaria know miss guy miss ban big pls give love especially great day,0
bring home wendy,0
cash prize claim call,1
really crashed cuddled sofa,0
lmao ok wont needing hair anymore,0
enough trouble sleeping,0
best watch say cause get drunk motherfucker,0
hi dude hw da realy mising today,0
collect ur laptop,0
quite know still get hold anyone cud pick bout pm see pub,0
yes office da,0
grandma oh dear still ill felt shit morning think hungover another night leave sat,0
ask iouri told story like ten time already,0
hmmm thk sure got time hop ard ya go free abt muz call discus liao,0
surely result offer,0
jus reached home go bathe first si using net tell finish,0
ok chinese food way get fat paying lipo,0
message great doctor india drink appy fizz contains cancer causing age,0
msg rajini come,0
cinema plus drink appeal tomo fr thriller director like mac,0
putting ready lt time gt,0
dad say hurry hell,0
hey gal anyone going driving centre tmr,0
call number available appointment ask connect call waheed fathima,0
planning come chennai,0
hey pple money money night excellent location wif breakfast hamper,0
hi engagement fixd lt gt th next month know really shocking bt hmm njan vilikkam w al sudn,0
special today,0
sound gd haha wah yan jiu fast liao,0
dunno lei thk mum lazy go neva ask yet,0
parent kidz friend colleague screaming surprise waiting sofa naked,0
emigrated something ok maybe bit hopeful,0
message free welcome new improved sex dogging club unsubscribe service reply stop msg,1
hey darlin pick college tell wen mt love pete xx,0
hey sweet wondering moment might come want send file someone go yahoo connection suck remember set page go download format disc could tell know way download big file download stuff directly internet help would great prey teasing kiss,0
avatar supposed subtoitles,0
panasonic bluetoothhdset free nokia free motorola free doublemins doubletxt orange contract call mobileupd call optout,1
die toot fringe,0
awesome see bit,0
seems unnecessarily hostile,0
thanks ringtone order reference number mobile charged tone arrive please call customer service colour red text colour txtstar,1
eatin later eatin wif frens lei going home first,0
wish think gon na snow much flurry usually get melt hit ground eek snow since lt gt even born,0
come nordstrom done,0
hi test lt gt rd,0
really skateboarding despite fact get thrown wind bandage shit arm every five minute,0
cool want go kappa meet outside mu,0
true dear sat pray evening felt sm time,0
hex place talk explain,0
regret inform nh made mistake never actually born please report yor local hospital terminated sorry inconvenience,0
message phone holding,0
whatever juliana whatever want,0
cbe chennai,0
say leh course nothing happen lar say romantic jus bit lor thk nite scenery nice leh,0
dear free message without recharge hi hi hi,0
dont talk ever ok word,0
sent jd customer service cum account executive ur mail id detail contact u,0
account xxxxxxxxx show unredeemed point claim call identifier code xxxxx expires,1
wan na laugh try chit chat mobile logon txting word chat send cm po box london zf msg rcvd,1
fps,0
need drug anymore,0
missed call alert number called left message,1
sent scream moan bed princess,0
going sleep tired travel,0
oic saw tot din found group liao,0
aiya discus later lar pick,0
yup remb think book,0
nvm take ur time,0
home ard wat time reach,0
wen get spiritual deep great,0
plane give month end,0
search happiness main source unhappiness accept life way come find happiness every moment live,0
themob yo yo yo come new selection hot downloads member get free click open next link sent ur fone,1
wow boy back take uk tour win vip ticket pre book vip club txt club trackmarque ltd info vipclub,1
fuuuuck need stop sleepin sup,0
jay say put lt gt,0
way school pls send ashley number,0
calling right call hand phone,0
life face choice toss coin becoz settle question coin air know heart hoping gudni,0
news hassling get weed week andres money haughaighgtujhyguj,0
alrite sam nic checkin ur number,0
cute thought friendship necessary share every secret ur close frnd watever shared true,0
long time remember today,0
dude saw parked car sunroof popped sux,0
izzit still raining,0
sch fr dun haf da book sch home,0
twinks bear scallies skin jock calling miss weekend fun call min stop text call nat rate,1
designation software developer may get chennai,0
yeah got apologetic fallen actin like spoilt child got caught till go badly cheer,0
expect whenever text hope go well tomo,0
working technical support voice process networking field,0
im fine babe aint much tho saw scary movie yest quite funny want mrw afternoon town mall sumthin xx,0
ur going bahamas callfreefone speak live operator claim either bahamas cruise money cash opt txt,1
gud ni dear slp well take care swt dream muah,0
like think always possibility pub later,0
gibbs unsold mike hussey,0
tot outside co darren say come shopping course nice wat jus went sim lim look mp player,0
thanx time spent geva bin mint ur baby want xxxx,0
way stay oh,0
school starting stay weather like food social support system like friend school thing important,0
sorry trouble buy dad big small sat sun thanx,0
thank better work cause feel used otherwise,0
fact cleaning show know upset priority constantly want need,0
uncle boye need movie oh guide plus know torrent particularly legal system slowing gr day plus started co dont meet online honey moon,0
importantly discus,0
im gloucesterroad uup later,0
da today also forgot,0
god love limit god grace measure god power boundary may god endless blessing always ur life gud ni,0
check got detailed message,0
good day pray remove teeth painful maintaining stuff,0
come get quite diff guess rite,0
wonder world th th ur style th ur smile th ur personality rd ur nature nd ur sm st ur lovely friendship good morning dear,0
oh think wi nz player unsold,0
okay well thanks clarification,0
little darling far week need coffee run tomo believe time week already,0
dear regret cudnt pick call drove frm ctla cochin home left mobile car ente style ishtamayoo happy bakrid,0
al moan thin go wrong fault al de argument fault fed himso bother hav go thanx xx,0
hi sexychat girl waiting text text great night chatting send stop stop service,1
text meet someone sexy today find date even flirt join reply name age eg sam msg recd thirtyeight penny,1
much getting,0
fyi gon na call sporadically starting like lt gt bc doin shit,0
wake gt,0
somewhr someone surely made god decided perfect time make meet dat person till den enjoy ur crush,0
mean got epi fine,0
nah think go usf life around though,0
xmas offer latest motorola sonyericsson nokia free bluetooth dvd double min txt orange call mobileupd call optout qf,1
tiime let hug break tear,0
hi darlin work get trouble ijust talked mum morning really good time last night im goin soon call,0
lmao nice,0
dun say early hor already say,0
thats cool cum,0
interested like,0
didnt work oh ok goodnight fix ready time wake dearly missed good night sleep,0
finally match heading towards draw prediction,0
awesome minute,0
way send shade stuff wonderful,0
got smaller capacity one quite ex,0
comin back dinner,0
ok chikku favourite song,0
bloomberg message center wait apply future url bloomberg com,1
intrepid duo great time see soon,0
thought bout drink tap spile seven pub gas st broad st canal ok,0
take away money worry,0
back good journey let know need receipt shall tell like pendent,0
yeah jay sort fucking retard,0
hi technical support providing assistance u customer call email,0
reminder downloaded content already paid goto url mymoby tv collect content,1
prashanthettan mother passed away last night pray family,0
prefer free day tues wed fri oso ask workin lor,0
jason say gon na around around lt gt,0
may approve panalam post,0
nah dub je still buff,0
finally came fix ceiling,0
switch fone dammit,0
yeah go bored depressed sittin waitin phone ring hope wind drop though scary,0
loverboy keep coming queen hmmm ache speak miss desparately,0
mostly like,0
wan go doctor,0
sleeping surfing,0
oh okie lor go sat,0
leave around four ok,0
well obviously people cool college life went home,0
told going got drunk,0
leave always ignorant,0
ok theory test going book think may coz thought wan na go jiayin isnt free,0
get ready lt gt inch pleasure,0
yesterday going home,0
ok many buy,0
anything specific regard jaklin idk fuck,0
lul im gettin juicy gossip hospital two nurse talking fat gettin one think shes obese oyea,0
lol different go trying find every real life photo ever took,0
free entry money weekly comp send word win url,1
babe need advice,0
sick still go shopping,0
stop club tone replying stop mix see tone com enjoy html term club tone cost gbp week mfl po box mk wt,1
maybe pressies,0
hi darlin cantdo anythingtomorrow myparents aretaking outfor meal free katexxx,0
sure get noon see,0
tension face smiling face waste face innocent face terror face cruel face romantic face lovable face decent face lt gt joker face,0
going college pa else ill come self pa,0
possible teach,0
probably tomorrow even later tonight something going,0
business,0
buy,0
dont want hear anything,0
finish already yar keep saying mushy embarrassed ok,0
cause freaky lol,0
aft finish lunch go str lor ard smth lor finish ur lunch already,0
money lucky winner claim prize text money money million give away ppt normal text rate box jy,1
today vodafone number ending selected receive money award number match call receive money award,1
xmas iscoming ur awarded either money cd gift voucher free entry money weekly draw txt music tnc,1
always looking excuse city,0
ask around lot term mids,0
getting back time soon,0
wet right,0
literally bed like lt gt hour,0
think might give miss teaching til twelve lecture two damn working thing,0
career tel added contact indyarocks com send free sm remove phonebook sm lt gt,0
wont touch permission,0
finished lunch already wake already,0
people game mall iouri kaila,0
wont get concentration dear know mind everything,0
shant disturb anymore jia,0
day asked anand number,0
yup havent want go yoga call book,0
mmmm cant wait lick,0
many time lose best one bcoz,0
hi customer loyalty offer new nokia mobile money txtauction txt word start get ctxt tc mtmsg,1
love daddy make scream pleasure going slap as dick,0
deleted contact,0
stand away heart ache without wonder crave,0
hmm bad news hype park plaza money studio taken left bedrm money,0
freemsg fancy flirt reply date join uk fastest growing mobile dating service msg rcvd optout txt stop reply date,1
haha money leh later got go tuition haha looking empty slot driving lesson,0
thanks vote sing along star karaoke mobile free link reply sing,1
hmm shall bring bottle wine keep u amused joking still bring bottle red white see tomorrow,0
someone know asked dating service contact cant guess call revealed pobox l hb,1
msg time pas silently say thinking right also making think least moment gd nt swt drms shesil,0
promise take good care princess run please send pic get chance ttyl,0
party place usf charge contribute way greatly appreciated yeah got room one,0
well leave class babe never came back hope nice sleep love,0
dunno close oredi fan,0
yavnt tried yet never played original either,0
called one pick phone ask already said ok,0
well weather cali great complexity great need car move freely tax outrageous great place sad part missing home,0
wat happened cruise thing,0
live next lt gt min,0
gas station like block away house drive right since armenia end swann take howard,0
dear umma called,0
oh take test,0
mine like fr china noisy,0
hmm uncle informed paying school directly pls buy food,0
nah wednesday bring mini cheetos bag,0
still havent got urself jacket ah,0
yeah think usual guy still passed last night get ahold anybody let know throw,0
searching right word thank breather promise wont take help granted fulfil promise wonderful blessing time,0
yup thk shop close lor,0
juz go google search qet,0
eh send wrongly lar,0
yep get program slacking,0
put party day week study lightly think need draw custom checkboxes know hardcore,0
finally ready fyi,0
got outta class gon na go gym,0
free ring tone text polys every week get new tone yr money wk,1
long quit get like minute day,0
ok lar double check wif da hair dresser already said wun cut short said cut look nice,0
yeah leave hour least sound,0
money ard rest ard money least price bedrm money,0
waiting tv show start lor leh still busy ur report,0
lol would mom would fit tell whole family crazy terrible,0
sweet may may go meet carlos gauge patty interest,0
told accenture confirm true,0
size elephant tablet shove um ur as,0
thanks ringtone order reference number mobile charged tone arrive please call customer service,1
march ending ready call sure problem capital never complete far work lady,0
camera awarded sipix digital camera call fromm landline delivery within day,1
oh thanks lot already bought egg,0
sun anti sleep medicine,0
texted finished long time ago showered er ything,0
come got nothing,0
wow love sooo much know barely stand wonder day go well love think miss,0
sport fan get latest sport news str ur mobile wk free plus free tone txt sport url norm txt,1
looking forward sex cuddling two sleep,0
ok go change also,0
girl waiting reception ah,0
thread wishlist section forum ppl post nitro request start last page collect bottom,0
cheer card time year already,0
hi yijue meet tmr,0
wat uniform get,0
much willing pay,0
freemsg record indicate may entitled pound accident claim free reply yes msg opt text stop,1
beerage,0
sorry guess whenever get hold connection maybe hour two text,0
like jerk,0
need detail online job,0
clothes jewelry trip,0
big brother alert computer selected cash voucher call ntt po box cro bt landline cost ppm mobile vary,1
two fundamental cool life walk like king walk like dont care whoever king gud nyt,0
compliment away system side,0
okay lor still let u go ah coz know later drop card box right,0
say thanks,0
sent type food like,0
aight thanks comin,0
random saw old roomate campus graduated,0
mmmmm loved waking word morning miss love hope day go well happy wait u together,0
send number give reply tomorrow morning said like ok,0
yes last week taking live call,0
aight wat happening side,0
thats going ruin thesis,0
cool let know kick around lt gt day,0
picking various point going yeovil motor project hour take home max easy,0
ard like dat lor,0
hi di yijue meeting pm esaplanade tonight,0
pansy living jungle two year driving worried,0
free top polyphonic tone call national rate get toppoly tune sent every week text subpoly money per pole unsub,1
chill another hr could sleep pain surgical emergency see unfolds okay,0
abt making pic bigger,0
dunno dad said coming home bring u lunch yup go lor call reach school lor,0
give back thanks,0
aslamalaikkum insha allah tohar beeen muht albi mufti mahfuuz meaning,0
good afternoon glorious anniversary day sweet hope find happy content prey think send teasing kiss across sea coaxing image fond souveniers cougar pen,0
problem baby good time talk called left message,0
message responce happend,0
thanks love torch bold,0
da good good player unsold,0
ask keep one maybe get message sent glo,0
beautiful truth gravity read carefully heart feel light someone feel heavy someone leaf good night,0
reverse cheating mathematics,0
submitting da project tmr rite,0
right wasnt phoned someone number like,0
great role model giving much really wish day miracle god reason everything must say wish knew dont looked since young still great day,0
goal arsenal henry liverpool henry score simple shot yard pas bergkamp give arsenal goal margin min,1
dont thnk wrong calling u,0
really still tonight babe,0
prof passed paper sem congrats student enna kalaachutaarama prof gud mrng,0
login dat time dad fetching home,0
hai ana tomarrow coming morning lt decimal gt ill sathy go rto office reply came home,0
new year eve ok went party boyfriend si hey,0
oh shit thought trip loooooool make much sense grin sofa reference sleep couch link sent went trip oh babe go celebration rent,0
still working,0
find sent offline message know anjola,0
fishrman woke early mrng dark waited amp found sack ful stone strtd throwin thm sea pas time atlast jus stone sun rose amp found tht nt stone diamond moral dont wake early mrng good night,0
ok least armand still around,0
much dirty fellow,0
jos ask wana meet,0
ha u thing got tv watch thk go tonight already haf smth mind,0
yeah try scrounge something,0
hey sexy bun told adore loverboy hope remember thank sister law meatball grin love babe,0
hottest pic straight phone see getting wet wanting xx text pic txt cost textoperator ga xxx,1
want new video phone anytime network min text five pound per week call reply delivery tomorrow,1
think move lt gt week,0
hopeing pissed remember gone sister something,0
sparkling shopping break per person call visit url,1
yeh def something sat got payed day havbeen given money pay rise work havebeen made preschoolco ordinator feelingood luv,0
respond imma assume still asleep imma start calling shit,0
wat make thk fall actually thk quite prone fall lucky dad home ask come fetch already,0
still grand prix,0
see forwarding message proof,0
eldest know,0
office call lt gt min,0
cant wait see photo useful,0
cool come havent wined dined,0
ill obey,0
lot happened feel quiet beth aunt charlie working lot helen mo,0
finished work yet something,0
would good phone tomo lunchtime shall organise something,0
goin workout lor muz lose fat,0
said matter mind saying matter,0
hey booked lesson sun liao,0
aight work thanks,0
still looking car buy gone driving test yet,0
twenty past five said train durham already coz reserved seat,0
yeah probably still got ta check leo,0
ha say read anything way seemed like judgemental save friday pub,0
yo around got car back,0
one,0
hi frnd best way avoid missunderstding wit beloved one,0
sure get acknowledgement astoundingly tactless generally faggy demand blood oath fo,0
id check like bowl worth left,0
shit babe thasa bit messed yeh shudvetold urgran know neway illspeak moro wen im asleep,0
hey look like wrong one kappa guy number still phone want text see around,0
worry easy ingredient,0
call finish come pick,0
hello peach cake tasts lush,0
gsoh good spam lady could male gigolo join uk fastest growing men club reply oncall mjzgroup stop reply stop email,1
hcl chennai requires fresher voice process excellent english needed salary upto lt gt call m suman lt gt telephonic interview via indyarocks com,0
back brum thanks putting u keeping u happy see soon,0
hey late ah meet,0
yeah tote wan na,0
okie thanx,0
ok im sure time finish tomorrow wan na spend evening co would vewy vewy lubly love xxx,0
lt gt great loxahatchee xmas tree burning update totally see star,0
thank,0
love ya try budget money better babe gary would freak knew,0
left already orchard,0
skint fancied bevy waz gona go meet othrs spoon jst bin watchng planet earth sofa comfey dont make hav gd night,0
serious money base,0
many people seems special first sight remain special till last sight maintain till life end take cr da,0
staff science nu edu sg phyhcmk teaching pc,0
would really appreciate call need someone talk,0
need buy lunch eat maggi mee,0
please protect threat sib never asks sensitive information like password atm sm pin thru email never share password anybody,0
nope come online,0
medical mission nigeria,0
like shock leh co telling shuhui like telling leona also like dat almost know liao got ask abt ur reaction lor,0
thk em find wtc far weiyi goin rest dunno yet ur goin dinner den might able join,0
baaaaaaaabe wake miss crave need,0
project frens lor,0
floppy snappy happy gay chat service photo upload call min stop text call,1
reply win money weekly professional sport tiger wood play send stop end service,1
hey still want go yogasana coz end cine go bathe hav steam bath,0
wish feel alone,0
know yetunde sent money yet sent text bother sending dont involve anything imposed anything first place apologise,0
seeing missed call dear brother gr day,0
got thing may pub later,0
nationwide auto centre something like newport road liked,0
update face book status frequently,0
effect irritation ignore,0
never try alone take weight tear come ur heart fall ur eye always remember stupid friend share bslvyl,0
tell pa pain de,0
consider wall bunker shit important never play peaceful guess place high enough matter,0
repeat instruction wat road name ur house,0
rushing working school rush go hungry,0
omw back tampa west palm hear happened,0
good friend care close friend understand true friend stay forever beyond word beyond time gud ni,0
seriously tell exact word right,0
meet ur dream partner soon ur career flyng start find free txt horo followed ur star sign horo aries,1
mean almost done done wif sleeping tot going take nap yup send liao picking ard smth lor,0
eye philosophy,0
askd question hour answer,0
old orchard near univ,0
heard call rude chat private line cum wan pic gettin shagged text pix end send stop sam xxx,1
glad see reply,0
wishing great day moji told offer always speechless offer easily go great length behalf stunning exam next friday keep touch sorry,0
give flying monkey wot think certainly mind friend mine,0
sorry mail,0
sent price mean lt gt,0
ok coming home,0
ultimately tor motive tui achieve korli,0
actually fuck whatever find excuse tampa point january though,0
also dont msg reply msg,0
drive lor,0
telling tell one treat hi hi hi,0
yet like keep touch easiest way barcelona way ru house,0
chance might evaporated soon violated privacy stealing phone number employer paperwork cool please contact report supervisor,0
much ur hdd casing cost,0
loan purpose even bad credit tenant welcome call noworriesloans com,1
said look pretty wif long hair wat thk cutting quite short leh,0
captain room,0
great getting worried know wonderful caring person like best life know wonderful god love,0
study alone without anyones help cant need study,0
outside already,0
use soc use home dunno type word ar,0
sure night menu know noon menu,0
noe send file computer,0
sm chat,0
huh hyde park mel ah opps got confused anyway tt best choice den juz take,0
eatin lunch,0
apo good movie,0
tell shola please go college medicine visit academic department tell academic secretary current situation ask transfer ask someone check sagamu thing lautech vital completes medical education nigeria less expensive much less expensive unless getting citizen rate new zealand,0
need login anything,0
feel like trying kadeem,0
lt gt min stop somewhere first,0
let know contact settled room let know ok,0
thanks message really appreciate sacrifice sure process direct pay find way back test tomorrow class wonderful day,0
want know fuck,0
haha really oh deduct lesson tmr,0
yes nigh cant aha,0
donate money unicef asian tsunami disaster support fund texting donate money added next bill,1
hope feeling great pls fill abiola,0
turn friend staying whole show back til lt gt feel free go ahead smoke money lt gt worth,0
meeting work tel shall work tomorrow,0
well might come,0
dear voucher holder claim week offer pc please go url t c apply,1
home watching tv lor,0
check mail mailed varma kept copy regarding membership take care insha allah,0
urgent please call landline complimentary lux costa del sol holiday money cash await collection ppm sae c james eh rr,1
yes really great bhaji told kallis best cricketer sachin world tough get,0
thts god gift bird human hav natural gift frm god,0
mmmm fuck fair know weakness grin push knee expose belly pull head forget know wicked smile,0
mile smile made frm letter know difference smile ur face keep happy even though mile away keep smiling good nyt,0
one issue california okay snow manageable,0
lol know dramatic school already closed tomorrow apparently drive inch snow supposed get,0
okay soon best,0
really hope work doesnt get stressful gr day,0
mobile number pls sm ur mail id convey regard achan amma rakhesh qatar,0
fri ah okie lor goin drivin den go shoppin tt,0
wrong phone phone answer one assume people well,0
money steve mate,0
laptop noe infra slow lar wan fast one,0
hi home calicut,0
fighting world easy either win lose bt fightng close dificult lose lose win still lose,0
told number gautham,0
oh ok wat ur email,0
call get chance plz lt,0
met alex nichols middle school turn dealing,0
home also,0
know people hit fuck yes,0
heart empty without love mind empty without wisdom eye empty without dream amp life empty without frnds alwys touch good night amp sweet dream,0
wat time finish ur lect today,0
engalnd telly decided let watch mia elliot kissing damn,0
working eye philosophy text later bit free chat,0
taco raja burrito right,0
pls go ahead watt wanted sure great weekend abiola,0
actually guy meet sunoco howard right way,0
meeting rite go home lor dun feel like comin ok,0
night nt staying port step liao ex,0
feb lt gt love day send dis ur valued frnds evn come back gt married person luv ignore dis lose ur luv evr,0
watching cartoon listening music amp eve go temple amp church,0
well ball time make call,0
never believe actually got taunton wow,0
little difficult simple way enter place,0
nothing jus tot would ask co ba gua went mt faber yest yest jus went already mah today going jus call lor,0
cool come like lt gt ish,0
kate jackson rec center ish right,0
oi gon na ring,0
ree entry weekly comp chance win ipod txt pod get entry std txt rate apply detail,1
gon na able late notice home week anyway plan,0
good good billy mate gone jogging enjoy concert,0
going bath msg next lt gt min,0
auction round highest bid money next maximum bid money bid send bid bid money good luck,1
ok part tomorrow,0
wearing,0
funny,0
shuhui bought ron present swatch watch,0
come room point iron plan weekend,0
bangbabes ur order way receive service msg download ur content goto wap bangb tv ur mobile internet service menu,1
dear got lt gt dollar hi hi,0
send logo ur lover name joined heart txt love name name mobno eg love adam eve yahoo pobox wq txtno ad,1
thanks fill complete calm reassurance,0
alright sure let know leaving,0
tmr timin still da wat co got lesson,0
guess useless calling something important,0
nah perpetual dd,0
long applebees fucking take,0
oh yes like torture watching england,0
wat da decision,0
mean february april getting place stay hustle back forth audition season since sister moved away harlem,0
fear fainting housework quick cuppa,0
hmm many unfortunately pic obviously arent hot cake kinda fun tho,0
prasanth ettans mother passed away last night pray family,0
watch film,0
family happiness,0
wan come come lor din stripe skirt,0
spoil bed well,0
glad went well come plenty time claire go work,0
waited yesterday,0
luck catch put,0
wait inside da car park,0
lol need cash nitros hurry come crash,0
daddy take good care,0
dunno juz askin co got card got salon called hair sense tot da one cut ur hair,0
well im computerless time make oreo truffle,0
lol trying make day little interesting,0
otherwise part time job na tuition,0
going lunch wif family aft dat go str orchard lor,0
yup anything lor dun wan ok,0
like shaking booty dance floor,0
call ah,0
make life stressfull always find time laugh may add year life surely add life ur year gud ni swt dream,0
goin nite,0
getting anywhere damn job hunting,0
ringtoneking,1
anyone call treadmill say buy make sure working found ad craigslist selling money lt gt,0
think waiting bus inform get ever get,0
bruce down amp fletcher,0
good morning boytoy yummy lip sexy bun think crave need,0
say slowly god love amp need clean heart blood send ten special people amp miracle tomorrow pls pls,0
yes small kid boost secret energy,0
pls send correct name da,0
headin towards busetop,0
free entry money weekly comp send word enter url cust care,1
eat jap done oso aft ur lect wat got lect rite,0
ok lor thanx school,0
finish meeting call,0
sure whenever show fuck gt,0
forgot working today wan na chat thing ok drop text free bored etc ring hope well nose essay xx,0
remains bro amongst bros,0
dont let studying stress,0
much payed suganya,0
going take bath ill place key window,0
many day since,0
see finish load loan pay,0
bloo bloo bloo miss first bowl,0
waaaat lololo ok next time,0
yo yo yo byatch whassup,0
going today meeting,0
freemsg today day ready horny live town love sex fun game netcollex ltd per msg reply stop end,1
guaranteed award maybe even money cash claim ur award call free legitimat efreefone number wat think,1
need strong arm,0
cant believe said many thing morning really wanted say good morning love beautiful morning see library later,0
shall come get pickle,0
hi happy birthday hi hi hi hi hi hi hi,0
hope alright babe worry might felt bit desparate learned job fake waiting come back love,0
god asked forgiveness little child gave lovely reply wonderful fruit tree give hurt stone good night,0
good afternoon love job prospect missing lazy bleak hmmm happy filled love,0
find way include detail,0
today sorry day ever angry ever misbehaved hurt plz plz slap urself bcoz ur fault basically good,0
account number,0
forced eat slice really hungry tho suck mark getting worried know sick turn pizza lol,0
valued vodafone customer computer picked win money prize collect easy call,1
reach telling dont know,0
training tomorrow,0
hi darlin hope nice night wish come cant wait see love fran p want dirty anal sex want man gang bang,0
sad story man last week day wife nt wish parent forgot kid went work even colleague wish,0
current food alone also,0
goodmorning today late hr back pain,0
think got think use got good ni,0
erutupalam thandiyachu,0
babe said hour almost internet,0
office na,0
apart one told yesterday,0
amazing quote sometimes life difficult decide whats wrong lie brings smile truth brings tear,0
hey booked kb sat already lesson going ah keep sat night free need meet confirm lodging,0
congrats mobile videophones call videochat wid ur mate play java game dload polyph music noline rentl bx ip,1
still around could use half th,0
coming day class,0
aight rush ask jay,0
guess got screwd,0
small problem auction punj asking tiwary,0
hey inconvenient si huh,0
ur ringtone service changed free credit go club mobile com choose content stop txt club stop wk club po box mk wt,1
keep going never intention run choose rather keep room clean say visitor maybe best choice yes wanted embarassed maybe feel feel friend want drop buy say happened morning tried everything know else,0
tension ah machi problem,0
although told dat baig face watch really like watch gave co fr thanx everything dat done today touched,0
im snowboarding trip wondering planning get everyone together befor go meet greet kind affair cheer,0
hi baby im cruisin girl friend give call hour home thats alright fone fone love jenny xxx,0
check wid corect speling sarcasm,0
available like right around hillsborough amp lt gt th,0
dont file bag work called tell find anything room,0
email game thedailydraw dear helen dozen free game great prizeswith,1
first time everything,0
hello saturday go texting see decided anything tomo trying invite anything,0
oh usual vijay film different,0
going buy mum present ar,0
pls pls find aunt nike,0
money wining number wot next,1
sure understand wine good idea slurp,0
one best dialogue cute reltnship wen die dont come near body bcoz hand may come wipe ur tear time gud ni,0
yes princess toledo,0
cab available pick drop door step,0
response one powerful weapon occupy place others heart always give response care gud night swt dream take care,0
unsubscribed service get ton sexy babe hunk straight phone go url subscription,1
let use next week princess,0
urgent trying contact today draw show money prize guaranteed call land line claim valid hr,1
kallis dismissial nd test,0
ok arm feeling weak cuz got shot go another time,0
people tour thought sofa thing sent curious sugar,0
directly behind abt row behind,0
hey gal wan na meet dinner te,0
garage key bookshelf,0
go sleep well take rest,0
coming home dinner,0
smile right go world wonder smiling think crazy keep away grin,0
poyyarikatur kolathupalayam unjalur post erode dis lt gt,0
way transport less problematic sat night way want ask join bday feel free need know definite no booking fri,0
goodnight sleep well da please take care pa please,0
new textbuddy chat horny guy ur area free receive search postcode gaytextbuddy com txt one name rpl stop cnl,1
amazing rearrange letter give meaning dormitory dirty room astronomer moon starer eye see election result lie let recount mother law woman hitler eleven plus two twelve plus one amazing,0
fine hope also,0
take care get well soon,0
urgent costa del sol holiday money await collection call toclaim sae tc pobox stockport sk xh cost money pm max min,1
ic lol play door sometime yo,0
supposed make still town though,0
yar else thk sort funny thing,0
money network allow company bill sm responsible supplier shop give guarantee sell,1
guaranteed money cash money prize claim yr prize call customer service representative,1
hi chikku send nice msg,0
ah well confuses thing,0
noe la wana pei bf oso rite lor day den,0
ok leave need ask,0
gd got free ice cream oso wan,0
dont give monkey wot think certainly mind friend mine sleep wiv wud annoyin,0
good afternoon sexy bun go job search wake first thought always love wish fine happy know adore,0
huh late fr dinner,0
well welp sort semiobscure internet thing,0
true knw dis lt gt,0
time ur flight tmr,0
ur paper morn aft tmr,0
happy birthday dear lot love rakhesh nri,0
going got exciting karaoke type activity planned debating whether play football eve feeling lazy though,0
got video tape pple type message lor free wan help hee co noe wan watch infernal affair ask along asking shuhui oso,0
want show world princess europe,0
pen thing beyond joke wont biro master ever,0
haha awesome omw back,0
painful word thought happy toughest thing earth toughest acting happy unspoken pain inside,0
dont know exactly could ask chechi,0
really master,0
list buyer,0
lady first genus second,0
yes pretty lady like single,0
tell quite long co finish film yet,0
dude sux snake got old raiden got buff,0
prob send email,0
one day crab running sea shore wave came cleared footprint crab crab asked frnd clearing beautiful footprint wave replied fox following ur footprint catch thats cleared frndsship never let dwn gud nyt,0
think get away trek long family town sorry,0
lol great im getting hungry,0
might come tonight class let early,0
free unlimited hardcore porn direct mobile txt porn get free access hr chrgd per day txt stop exit msg free,1
timing go lor,0
one stalk profile,0
good morning princess happy new year,0
luv soo much understand special ring morrow luv xxx,0
awww dat sweet think something nice time tonight ill probably txt later co im lonely xxx,0
forgot ask smth card da present lei want write smth sign,0
yo parent gettin cash good news picked downstem,0
urgent mobile xxxxxxxxx money bonus caller prize nd attempt reach call asap,1
ok sry knw siva tat askd,0
aiyah ok already lar nydc wheellock,0
much torch ja,0
nope meanwhile talk say make greet,0
merry christmas babe love ya kiss,0
work something,0
hi love go day fuck morning woke dropped cell way stair seems alright phews miss,0
urgent trying contact last weekend draw show money prize guaranteed call claim code valid hr,1
depends would like treated,0
great run ttyl,0
actually decided hungry left yet,0
